Interval=	1 s
ExcelDateTime=	4,5609415636936072e+004	2024-11-13 9:58:31,031277
TimeFormat=	StartOfFile
DateFormat=	
ChannelTitle=	Channel 1	Channel 2	Channel 3	Channel 4	Channel 5	Channel 6	Channel 7	Channel 8
Range=	5,000 V	5,000 V	5,000 V	5,000 V	5,000 V	5,000 V	5,000 V	5,000 V
UnitName=	mN	mN	mN	mN	mN	mN	mN	mN
TopValue=	389,56	420,58	416,00	442,17	411,96	419,04	439,32	519,62
BottomValue=	-390,30	-422,63	-416,32	-443,27	-413,49	-418,45	-438,19	-522,63
0	-5,66	-5,95	-8,91	-6,97	2,98	9,27	17,59	-5,07
1	-5,56	-5,95	-8,91	-6,87	2,98	9,26	17,58	-5,05
2	-5,57	-5,97	-8,93	-6,84	2,96	9,26	17,58	-5,05
3	-5,55	-5,87	-8,91	-6,86	2,98	9,28	17,64	-5,07
4	-0,01	0,19	0,23	-0,11	2,99	9,30	17,70	-4,92
5	-0,01	0,20	0,23	-0,12	2,96	9,26	17,62	-4,96
6	0,01	0,19	0,19	-0,11	2,98	9,39	17,75	-4,96
7	-0,01	0,20	0,23	-0,09	2,98	9,38	17,73	-4,91
8	0,01	0,19	0,20	-0,12	2,96	9,38	17,75	-4,86
9	0,01	0,19	0,22	-0,09	-0,08	0,07	-0,09	-0,01
10	-0,01	0,20	0,22	-0,11	-0,09	0,08	-0,09	0,01
11	-0,03	0,29	0,19	-0,09	-0,09	0,08	-0,12	0,03
12	-0,01	0,28	0,22	-0,12	-0,08	0,08	-0,11	0,14
13	-0,02	0,29	0,22	0,01	-0,09	0,07	-0,09	0,14
14	0,01	0,32	0,23	-0,09	-0,11	0,08	-0,09	0,14
15	-0,01	0,28	0,19	-0,09	-0,11	0,07	0,04	0,27
16	-0,01	0,29	0,32	0,01	-0,09	0,07	0,02	0,25
17	0,02	0,29	0,33	0,02	-0,07	0,20	0,04	0,29
18	-0,02	0,29	0,32	0,01	-0,12	0,19	0,03	0,38
19	0,02	0,40	0,31	-0,01	-0,09	0,18	0,02	0,40
20	-0,02	0,40	0,33	0,13	-0,07	0,18	0,02	0,43
21	0,01	0,38	0,32	0,09	-0,11	0,18	-0,01	0,40
22	0,01	0,38	0,33	0,10	-0,08	0,16	0,11	0,40
23	0,01	0,40	0,32	0,13	-0,08	0,18	0,11	0,50
24	0,02	0,41	0,31	0,12	-0,08	0,18	0,13	0,51
25	0,09	0,42	0,32	0,12	-0,07	0,18	0,11	0,50
26	0,09	0,41	0,41	0,13	-0,08	0,20	0,11	0,51
27	0,09	0,41	0,44	0,12	-0,07	0,25	0,11	0,51
28	0,09	0,42	0,41	0,13	-0,08	0,31	0,11	0,65
29	0,09	0,38	0,44	0,12	-0,09	0,28	0,11	0,65
30	-0,01	0,40	0,41	0,12	-0,07	0,28	0,24	0,65
31	0,01	0,40	0,42	0,13	-0,09	0,28	0,25	0,66
32	0,08	0,40	0,42	0,09	-0,09	0,28	0,22	0,66
33	0,01	0,37	0,44	0,12	0,06	0,27	0,24	0,65
34	0,01	0,41	0,40	0,12	0,02	0,29	0,21	0,79
35	-0,01	0,41	0,42	0,12	0,02	0,29	0,22	0,79
36	0,09	0,38	0,44	0,14	0,03	0,29	0,24	0,79
37	0,08	0,36	0,40	0,21	0,01	0,29	0,24	0,78
38	0,09	0,38	0,42	0,20	-0,00	0,28	0,21	0,79
39	0,07	0,38	0,41	0,13	-0,00	0,29	0,24	0,74
40	-0,02	0,37	0,40	0,12	0,01	0,28	0,20	0,76
41	0,02	0,38	0,41	0,13	0,02	0,29	0,24	0,79
42	-0,01	0,38	0,41	0,12	0,03	0,31	0,24	0,92
43	0,02	0,37	0,41	0,10	0,01	0,28	0,24	0,87
44	-0,01	0,41	0,42	0,14	0,03	0,29	0,33	0,92
45	-0,01	0,38	0,42	0,12	0,02	0,31	0,35	0,89
46	-0,01	0,37	0,41	0,10	0,01	0,27	0,30	0,92
47	-0,02	0,41	0,44	0,10	0,01	0,27	0,32	0,87
48	-0,01	0,40	0,44	0,12	0,01	0,33	0,30	0,89
49	-0,01	0,27	0,42	0,10	0,02	0,29	0,32	0,89
50	0,01	0,28	0,41	0,14	0,02	0,39	0,35	1,02
51	-0,01	0,29	0,41	0,12	0,03	0,39	0,33	1,04
52	-0,01	0,27	0,41	0,21	0,02	0,37	0,32	1,04
53	0,07	0,27	0,42	0,21	0,03	0,40	0,33	0,99
54	0,01	0,29	0,41	0,10	0,05	0,40	0,33	1,04
55	-0,03	0,28	0,40	0,10	-0,00	0,39	0,32	1,04
56	-0,01	0,28	0,41	0,23	0,02	0,40	0,46	1,04
57	0,01	0,29	0,42	0,21	0,02	0,40	0,35	1,05
58	-0,02	0,27	0,44	0,24	-0,00	0,39	0,44	1,02
59	-0,01	0,29	0,41	0,23	0,03	0,39	0,43	1,04
60	-0,01	0,28	0,44	0,12	0,03	0,31	0,43	1,17
61	-0,01	0,28	0,40	0,12	-0,00	0,28	0,43	1,17
62	0,02	0,29	0,41	0,12	0,01	0,29	0,44	1,15
63	-0,01	0,29	0,44	0,12	0,02	0,31	0,43	1,17
64	-0,02	0,29	0,42	0,12	-0,00	0,29	0,43	1,15
65	0,01	0,25	0,42	0,20	-0,09	0,37	0,43	1,17
66	0,01	0,31	0,42	0,20	-0,08	0,37	0,55	1,13
67	-0,02	0,32	0,44	0,24	-0,09	0,39	0,54	1,15
68	-0,02	0,29	0,41	0,21	-0,09	0,40	0,52	1,26
69	0,02	0,20	0,41	0,21	-0,08	0,40	0,57	1,26
70	0,01	0,20	0,41	0,23	-0,11	0,41	0,54	1,26
71	-0,02	0,19	0,41	0,21	-0,08	0,40	0,55	1,28
72	-0,01	0,21	0,40	0,21	-0,08	0,41	0,54	1,28
73	-0,02	0,19	0,41	0,21	-0,09	0,37	0,52	1,30
74	-0,02	0,17	0,32	0,21	-0,09	0,29	0,57	1,26
75	-0,02	0,21	0,31	0,21	-0,11	0,39	0,54	1,28
76	0,01	0,17	0,33	0,20	-0,09	0,37	0,51	1,41
77	0,03	0,19	0,31	0,23	-0,09	0,29	0,54	1,39
78	0,01	0,17	0,32	0,21	-0,09	0,31	0,55	1,43
79	0,01	0,16	0,29	0,21	-0,11	0,28	0,54	1,38
80	-0,01	0,20	0,33	0,21	-0,09	0,28	0,54	1,41
81	-0,02	0,17	0,31	0,20	-0,11	0,31	0,54	1,41
82	-0,01	0,19	0,33	0,21	-0,09	0,28	0,54	1,41
83	-0,01	0,19	0,32	0,24	-0,11	0,36	0,66	1,41
84	-0,02	0,16	0,33	0,32	-0,09	0,29	0,63	1,54
85	-0,01	0,17	0,33	0,24	-0,08	0,28	0,63	1,56
86	-0,02	0,17	0,35	0,21	-0,09	0,28	0,63	1,51
87	-0,03	0,19	0,32	0,20	-0,06	0,28	0,65	1,52
88	-0,02	0,19	0,33	0,24	-0,07	0,28	0,65	1,56
89	0,01	0,20	0,32	0,21	-0,07	0,29	0,66	1,52
90	-0,01	0,19	0,32	0,23	-0,09	0,29	0,66	1,52
91	-0,01	0,17	0,32	0,24	-0,08	0,27	0,68	1,56
92	-0,02	0,19	0,33	0,13	-0,09	0,29	0,68	1,54
93	-0,03	0,19	0,31	0,21	-0,07	0,40	0,63	1,67
94	-0,02	0,20	0,35	0,25	0,02	0,28	0,65	1,69
95	0,02	0,17	0,33	0,20	0,05	0,32	0,66	1,67
96	0,01	0,19	0,32	0,21	0,03	0,40	0,65	1,70
97	0,01	0,19	0,33	0,37	0,14	0,41	0,66	1,65
98	-0,01	0,19	0,35	0,32	0,12	0,31	0,68	1,69
99	-0,02	0,17	0,22	0,21	0,12	0,29	0,65	1,67
100	-0,03	0,20	0,24	0,21	0,11	0,31	0,63	1,69
101	0,02	0,20	0,20	0,21	0,14	0,28	0,66	1,78
102	-0,01	0,21	0,33	0,10	0,12	0,31	0,66	1,80
103	-0,01	0,20	0,33	0,12	0,14	0,28	0,66	1,78
104	-0,01	0,21	0,32	0,09	0,12	0,31	0,68	1,82
105	-0,01	0,17	0,23	0,21	0,10	0,28	0,65	1,75
106	-0,01	0,19	0,33	0,23	0,10	0,27	0,63	1,80
107	-0,01	0,19	0,33	0,21	0,12	0,41	0,74	1,78
108	-0,02	0,19	0,31	0,32	0,12	0,39	0,76	1,82
109	-0,01	0,19	0,32	0,32	0,10	0,39	0,63	1,78
110	0,01	0,20	0,33	0,34	0,14	0,37	0,65	1,83
111	-0,03	0,23	0,33	0,34	0,12	0,39	0,68	1,82
112	-0,01	0,19	0,35	0,30	0,11	0,39	0,66	1,83
113	-0,02	0,19	0,35	0,23	0,12	0,39	0,77	1,80
114	-0,02	0,20	0,31	0,20	0,09	0,28	0,74	1,80
115	0,01	0,19	0,32	0,21	0,10	0,31	0,74	1,78
116	-0,02	0,19	0,32	0,23	0,12	0,40	0,77	1,80
117	-0,01	0,12	0,31	0,23	0,12	0,37	0,74	1,96
118	-0,01	0,12	0,36	0,27	0,11	0,39	0,76	1,93
119	-0,01	0,11	0,33	0,21	0,12	0,28	0,77	1,93
120	-0,02	0,11	0,33	0,21	0,14	0,28	0,78	1,90
121	0,01	0,11	0,31	0,21	0,12	0,29	0,74	1,92
122	0,02	0,12	0,32	0,23	0,15	0,39	0,78	1,93
123	0,08	0,11	0,32	0,32	0,12	0,41	0,76	1,93
124	0,09	0,11	0,32	0,21	0,11	0,40	0,76	1,92
125	0,09	0,12	0,33	0,20	0,12	0,41	0,74	2,03
126	0,08	0,12	0,33	0,19	0,11	0,29	0,77	2,05
127	0,01	0,12	0,33	0,23	0,10	0,41	0,77	2,05
128	-0,01	0,11	0,32	0,21	0,11	0,39	0,77	2,05
129	-0,01	0,12	0,33	0,34	0,01	0,41	0,73	2,01
130	-0,02	0,11	0,32	0,39	0,01	0,39	0,77	2,05
131	-0,02	0,13	0,32	0,23	0,02	0,41	0,78	2,06
132	-0,02	0,12	0,33	0,24	0,03	0,40	0,77	2,06
133	-0,01	0,12	0,32	0,21	0,01	0,43	0,76	2,08
134	0,01	0,13	0,22	0,23	0,01	0,40	0,76	2,08
135	-0,02	0,13	0,23	0,31	0,01	0,31	0,74	2,05
136	-0,02	0,09	0,23	0,35	0,02	0,39	0,76	2,08
137	-0,03	0,08	0,20	0,31	0,02	0,39	0,85	2,16
138	-0,02	0,12	0,23	0,31	0,02	0,36	0,84	2,18
139	-0,03	0,13	0,19	0,34	0,02	0,39	0,84	2,18
140	-0,03	0,11	0,23	0,32	0,02	0,29	0,85	2,18
141	-0,03	0,12	0,20	0,20	-0,00	0,27	0,87	2,14
142	-0,02	0,12	0,19	0,20	-0,00	0,28	0,87	2,19
143	-0,01	0,11	0,22	0,23	-0,08	0,31	0,85	2,16
144	-0,02	0,11	0,22	0,23	0,02	0,28	0,88	2,21
145	-0,01	0,12	0,23	0,24	-0,00	0,28	0,89	2,19
146	-0,01	0,13	0,24	0,32	0,02	0,29	0,85	2,19
147	0,01	0,13	0,22	0,35	0,02	0,41	0,85	2,19
148	-0,01	0,12	0,22	0,32	-0,02	0,40	0,89	2,19
149	-0,01	0,11	0,23	0,32	0,01	0,29	0,87	2,21
150	-0,02	0,11	0,24	0,34	0,01	0,28	0,85	2,34
151	-0,02	0,11	0,23	0,32	-0,11	0,27	0,87	2,32
152	-0,01	0,12	0,23	0,32	0,02	0,31	0,88	2,32
153	-0,01	0,11	0,22	0,32	0,03	0,32	0,85	2,31
154	-0,03	0,12	0,22	0,21	0,01	0,28	0,87	2,27
155	0,01	0,12	0,23	0,23	-0,09	0,29	0,87	2,31
156	0,01	0,13	0,23	0,34	0,03	0,29	0,88	2,31
157	-0,01	0,12	0,24	0,32	-0,11	0,29	0,87	2,31
158	0,08	0,15	0,24	0,37	-0,09	0,28	0,85	2,32
159	0,08	0,11	0,23	0,43	-0,08	0,41	0,84	2,31
160	0,08	0,11	0,23	0,34	-0,11	0,39	0,87	2,31
161	-0,02	0,12	0,22	0,32	-0,08	0,29	0,87	2,32
162	-0,02	0,12	0,23	0,32	-0,09	0,27	0,87	2,44
163	-0,01	0,13	0,24	0,35	-0,09	0,29	0,89	2,44
164	-0,02	0,12	0,24	0,31	-0,08	0,31	0,88	2,44
165	-0,01	0,13	0,26	0,32	-0,09	0,29	0,85	2,44
166	0,08	0,13	0,24	0,34	-0,09	0,29	0,89	2,42
167	0,09	0,12	0,31	0,43	-0,08	0,40	0,98	2,45
168	0,13	0,16	0,23	0,48	-0,09	0,37	0,88	2,44
169	0,08	0,12	0,24	0,48	-0,07	0,43	0,99	2,44
170	0,09	0,15	0,23	0,42	-0,08	0,41	0,95	2,45
171	0,08	0,13	0,24	0,45	0,01	0,40	0,98	2,42
172	0,12	0,11	0,22	0,46	0,02	0,37	0,98	2,42
173	0,09	0,11	0,36	0,43	0,02	0,41	0,99	2,45
174	0,10	0,13	0,33	0,43	0,03	0,39	0,98	2,44
175	0,07	0,11	0,33	0,41	0,02	0,41	0,94	2,44
176	0,08	0,11	0,31	0,42	-0,00	0,40	0,99	2,45
177	0,12	0,13	0,32	0,43	0,09	0,39	0,98	2,44
178	0,08	0,13	0,32	0,43	0,12	0,40	0,95	2,45
179	0,08	0,11	0,35	0,43	0,10	0,43	0,98	2,42
180	0,09	0,13	0,32	0,46	0,12	0,40	1,00	2,55
181	0,09	0,11	0,32	0,43	0,12	0,41	0,98	2,57
182	0,10	0,13	0,33	0,45	0,12	0,43	0,96	2,58
183	0,10	0,11	0,32	0,42	0,11	0,41	0,98	2,52
184	0,08	0,15	0,32	0,43	0,11	0,39	0,98	2,53
185	0,08	0,12	0,33	0,45	0,12	0,39	0,95	2,57
186	0,08	0,12	0,31	0,43	0,12	0,41	0,99	2,58
187	0,08	0,13	0,35	0,42	0,20	0,40	0,98	2,58
188	0,10	0,12	0,31	0,45	0,07	0,39	0,95	2,55
189	0,09	0,23	0,35	0,46	0,12	0,40	0,98	2,55
190	0,08	0,17	0,35	0,56	0,14	0,40	1,11	2,58
191	0,10	0,20	0,31	0,43	0,11	0,40	0,95	2,58
192	0,09	0,19	0,36	0,43	0,11	0,39	1,06	2,58
193	0,07	0,19	0,31	0,42	0,12	0,41	0,96	2,55
194	0,10	0,19	0,31	0,53	0,12	0,40	1,07	2,57
195	0,06	0,20	0,31	0,53	0,14	0,40	0,95	2,58
196	0,19	0,17	0,33	0,53	0,11	0,40	1,09	2,70
197	0,19	0,19	0,32	0,63	0,10	0,40	1,09	2,53
198	0,16	0,19	0,33	0,63	0,11	0,39	1,07	2,71
199	0,19	0,21	0,44	0,64	0,11	0,39	1,07	2,55
200	0,19	0,20	0,42	0,66	0,11	0,37	1,07	2,70
201	0,18	0,17	0,41	0,63	-0,00	0,37	0,95	2,70
202	0,16	0,19	0,44	0,63	0,11	0,37	0,95	2,68
203	0,18	0,19	0,44	0,63	0,01	0,40	0,96	2,70
204	0,09	0,20	0,40	0,61	0,01	0,39	0,95	2,70
205	0,07	0,20	0,42	0,64	0,01	0,41	1,09	2,66
206	0,09	0,16	0,40	0,63	0,01	0,37	0,98	2,66
207	0,09	0,19	0,42	0,63	-0,02	0,37	0,98	2,63
208	0,08	0,19	0,41	0,64	0,01	0,40	0,96	2,66
209	0,10	0,17	0,42	0,66	0,03	0,36	0,98	2,73
210	0,18	0,15	0,41	0,64	0,02	0,37	0,98	2,71
211	0,18	0,16	0,42	0,66	0,11	0,40	0,98	2,70
212	0,18	0,17	0,40	0,63	0,11	0,40	0,96	2,71
213	0,20	0,20	0,44	0,67	0,10	0,41	0,98	2,68
214	0,18	0,21	0,41	0,68	0,09	0,40	0,98	2,68
215	0,18	0,16	0,41	0,63	0,12	0,43	1,00	2,71
216	0,20	0,19	0,42	0,64	0,10	0,40	0,96	2,66
217	0,19	0,19	0,41	0,64	0,12	0,37	0,95	2,70
218	0,18	0,19	0,44	0,66	0,12	0,41	0,99	2,70
219	0,18	0,21	0,44	0,63	0,12	0,39	0,98	2,71
220	0,19	0,20	0,44	0,67	0,10	0,37	0,99	2,73
221	0,19	0,17	0,44	0,55	0,12	0,40	1,00	2,68
222	0,19	0,20	0,44	0,56	0,10	0,40	0,95	2,71
223	0,20	0,21	0,44	0,56	0,14	0,40	0,99	2,70
224	0,19	0,19	0,44	0,56	0,11	0,39	0,98	2,71
225	0,08	0,13	0,44	0,55	0,14	0,40	1,09	2,70
226	0,09	0,19	0,41	0,56	0,12	0,40	1,06	2,66
227	0,09	0,12	0,42	0,46	0,12	0,40	1,09	2,68
228	0,20	0,12	0,44	0,52	0,11	0,43	1,10	2,68
229	0,18	0,11	0,40	0,56	0,11	0,36	1,09	2,70
230	0,18	0,12	0,33	0,53	0,12	0,41	1,09	2,73
231	0,16	0,19	0,32	0,56	0,14	0,40	1,07	2,81
232	0,29	0,20	0,31	0,63	0,24	0,39	1,07	2,81
233	0,27	0,11	0,33	0,66	0,23	0,40	1,07	2,84
234	0,27	0,12	0,32	0,53	0,21	0,40	1,10	2,84
235	0,26	0,12	0,32	0,63	0,21	0,40	1,07	2,84
236	0,27	0,13	0,31	0,63	0,21	0,48	1,07	2,83
237	0,19	0,13	0,33	0,52	0,32	0,52	1,07	2,81
238	0,16	0,15	0,33	0,52	0,32	0,50	1,10	2,86
239	0,29	0,12	0,33	0,53	0,32	0,48	1,09	2,84
240	0,29	0,13	0,33	0,64	0,32	0,48	1,07	2,81
241	0,30	0,19	0,35	0,55	0,32	0,50	1,10	2,83
242	0,30	0,19	0,31	0,56	0,32	0,52	1,07	2,81
243	0,29	0,19	0,35	0,57	0,34	0,49	1,06	2,81
244	0,26	0,19	0,33	0,57	0,34	0,50	1,10	2,81
245	0,30	0,09	0,45	0,66	0,32	0,52	1,10	2,83
246	0,29	0,21	0,40	0,67	0,33	0,41	1,10	2,84
247	0,27	0,16	0,42	0,61	0,32	0,50	1,09	2,81
248	0,27	0,19	0,44	0,64	0,29	0,37	1,07	2,96
249	0,15	0,21	0,46	0,53	0,33	0,41	1,09	2,83
250	0,19	0,20	0,40	0,55	0,32	0,41	1,09	2,81
251	0,18	0,20	0,42	0,42	0,32	0,40	1,10	2,94
252	0,19	0,17	0,41	0,55	0,31	0,49	1,15	2,96
253	0,21	0,19	0,44	0,52	0,29	0,49	1,20	2,97
254	0,26	0,17	0,45	0,67	0,36	0,52	1,20	2,97
255	0,30	0,17	0,41	0,67	0,31	0,49	1,15	2,94
256	0,27	0,19	0,44	0,75	0,33	0,49	1,17	2,91
257	0,26	0,19	0,45	0,75	0,33	0,48	1,21	2,96
258	0,26	0,17	0,42	0,77	0,31	0,48	1,20	2,92
259	0,27	0,16	0,45	0,75	0,32	0,49	1,20	2,91
260	0,27	0,20	0,42	0,74	0,29	0,46	1,17	2,96
261	0,27	0,20	0,44	0,74	0,32	0,52	1,17	2,96
262	0,30	0,20	0,42	0,64	0,32	0,48	1,20	2,96
263	0,29	0,20	0,42	0,64	0,33	0,49	1,18	2,96
264	0,30	0,17	0,42	0,75	0,42	0,52	1,17	2,94
265	0,29	0,21	0,42	0,77	0,43	0,52	1,20	2,97
266	0,29	0,23	0,54	0,63	0,38	0,49	1,15	2,94
267	0,29	0,21	0,53	0,64	0,41	0,49	1,20	2,92
268	0,29	0,20	0,54	0,64	0,43	0,50	1,18	2,96
269	0,30	0,21	0,53	0,66	0,42	0,52	1,20	2,96
270	0,29	0,19	0,54	0,68	0,40	0,52	1,17	2,92
271	0,26	0,16	0,54	0,68	0,42	0,52	1,21	2,99
272	0,27	0,19	0,53	0,66	0,40	0,52	1,18	2,94
273	0,29	0,21	0,57	0,66	0,46	0,54	1,20	2,97
274	0,27	0,21	0,55	0,75	0,41	0,50	1,17	2,97
275	0,27	0,19	0,55	0,67	0,40	0,49	1,18	2,96
276	0,29	0,20	0,53	0,64	0,42	0,49	1,20	2,96
277	0,29	0,23	0,52	0,64	0,40	0,49	1,21	2,97
278	0,26	0,20	0,53	0,68	0,40	0,52	1,18	2,97
279	0,29	0,19	0,54	0,63	0,42	0,49	1,21	3,07
280	0,27	0,19	0,52	0,78	0,45	0,52	1,20	3,07
281	0,26	0,19	0,54	0,77	0,41	0,50	1,20	3,07
282	0,27	0,19	0,54	0,74	0,41	0,46	1,20	3,10
283	0,27	0,19	0,54	0,74	0,42	0,50	1,18	3,07
284	0,29	0,19	0,54	0,67	0,42	0,53	1,20	3,09
285	0,27	0,20	0,54	0,66	0,42	0,52	1,18	3,09
286	0,25	0,20	0,52	0,75	0,42	0,49	1,29	3,09
287	0,36	0,19	0,53	0,77	0,40	0,48	1,18	3,06
288	0,29	0,19	0,50	0,75	0,42	0,53	1,20	3,07
289	0,29	0,19	0,52	0,75	0,43	0,52	1,18	3,06
290	0,38	0,19	0,53	0,75	0,42	0,48	1,15	3,04
291	0,36	0,21	0,53	0,77	0,42	0,49	1,28	3,07
292	0,38	0,19	0,57	0,75	0,43	0,50	1,31	3,09
293	0,25	0,19	0,52	0,75	0,41	0,50	1,25	3,07
294	0,35	0,19	0,63	0,75	0,45	0,52	1,26	3,10
295	0,36	0,19	0,65	0,74	0,52	0,52	1,29	3,09
296	0,29	0,20	0,63	0,64	0,42	0,49	1,29	3,09
297	0,26	0,20	0,66	0,66	0,42	0,50	1,31	3,09
298	0,27	0,19	0,65	0,67	0,43	0,52	1,26	3,07
299	0,30	0,20	0,63	0,74	0,50	0,52	1,31	3,07
300	0,37	0,19	0,62	0,75	0,51	0,62	1,28	3,07
301	0,36	0,19	0,65	0,75	0,42	0,62	1,29	3,07
302	0,40	0,19	0,65	0,78	0,45	0,50	1,29	3,20
303	0,37	0,21	0,53	0,77	0,43	0,52	1,31	3,22
304	0,37	0,21	0,65	0,75	0,40	0,60	1,31	3,20
305	0,37	0,20	0,63	0,88	0,54	0,52	1,29	3,20
306	0,37	0,20	0,63	0,86	0,52	0,60	1,29	3,22
307	0,37	0,20	0,65	0,86	0,54	0,52	1,29	3,23
308	0,35	0,20	0,63	0,86	0,54	0,50	1,29	3,23
309	0,37	0,23	0,65	0,86	0,43	0,48	1,29	3,22
310	0,36	0,21	0,65	0,88	0,52	0,50	1,28	3,20
311	0,37	0,19	0,65	0,89	0,55	0,53	1,31	3,23
312	0,37	0,19	0,63	0,88	0,52	0,53	1,31	3,23
313	0,40	0,19	0,63	0,86	0,51	0,52	1,29	3,20
314	0,41	0,21	0,65	0,89	0,45	0,52	1,31	3,19
315	0,37	0,19	0,63	0,86	0,52	0,50	1,31	3,23
316	0,37	0,19	0,65	0,89	0,51	0,50	1,29	3,22
317	0,38	0,21	0,66	0,90	0,54	0,50	1,31	3,19
318	0,38	0,19	0,65	0,85	0,52	0,52	1,31	3,23
319	0,37	0,19	0,62	0,88	0,52	0,53	1,31	3,23
320	0,38	0,20	0,65	0,86	0,52	0,49	1,32	3,23
321	0,38	0,19	0,66	0,86	0,43	0,52	1,28	3,35
322	0,36	0,20	0,63	0,88	0,42	0,50	1,28	3,32
323	0,37	0,21	0,65	0,86	0,41	0,50	1,29	3,35
324	0,38	0,17	0,61	0,86	0,42	0,52	1,32	3,28
325	0,40	0,20	0,66	0,99	0,41	0,52	1,28	3,33
326	0,36	0,19	0,65	0,99	0,32	0,52	1,31	3,33
327	0,36	0,19	0,65	0,99	0,32	0,52	1,26	3,36
328	0,38	0,21	0,66	0,97	0,31	0,50	1,29	3,33
329	0,36	0,19	0,65	0,97	0,32	0,49	1,40	3,33
330	0,38	0,19	0,66	0,97	0,33	0,53	1,39	3,33
331	0,37	0,19	0,63	0,97	0,31	0,50	1,39	3,33
332	0,38	0,17	0,65	0,97	0,32	0,52	1,39	3,33
333	0,36	0,17	0,65	0,97	0,32	0,53	1,40	3,35
334	0,36	0,17	0,61	0,97	0,29	0,52	1,28	3,33
335	0,36	0,17	0,66	0,96	0,29	0,50	1,28	3,33
336	0,40	0,19	0,65	0,95	0,29	0,49	1,31	3,35
337	0,38	0,20	0,62	0,97	0,29	0,49	1,29	3,33
338	0,36	0,31	0,65	0,99	0,29	0,50	1,39	3,32
339	0,35	0,19	0,65	0,99	0,29	0,53	1,29	3,35
340	0,36	0,29	0,65	0,97	0,31	0,48	1,40	3,38
341	0,36	0,29	0,63	0,96	0,29	0,52	1,39	3,33
342	0,36	0,31	0,63	0,86	0,42	0,50	1,39	3,36
343	0,37	0,27	0,65	0,85	0,38	0,49	1,40	3,33
344	0,36	0,29	0,63	0,85	0,31	0,52	1,40	3,33
345	0,37	0,21	0,63	0,99	0,33	0,52	1,40	3,35
346	0,48	0,29	0,65	0,99	0,32	0,62	1,42	3,48
347	0,47	0,19	0,65	1,10	0,32	0,61	1,32	3,46
348	0,48	0,20	0,63	1,10	0,34	0,62	1,29	3,45
349	0,48	0,32	0,65	1,10	0,34	0,61	1,31	3,43
350	0,48	0,19	0,65	1,08	0,33	0,62	1,33	3,49
351	0,47	0,31	0,63	1,06	0,32	0,52	1,29	3,48
352	0,48	0,27	0,66	1,11	0,31	0,52	1,28	3,46
353	0,47	0,29	0,65	0,97	0,43	0,52	1,40	3,46
354	0,47	0,20	0,65	0,97	0,40	0,49	1,39	3,45
355	0,46	0,17	0,62	0,96	0,40	0,52	1,28	3,46
356	0,47	0,17	0,62	0,95	0,42	0,52	1,28	3,46
357	0,46	0,32	0,63	0,99	0,42	0,49	1,31	3,48
358	0,45	0,29	0,63	0,99	0,28	0,52	1,29	3,48
359	0,46	0,20	0,65	1,08	0,33	0,53	1,31	3,48
360	0,46	0,20	0,66	1,07	0,32	0,49	1,29	3,46
361	0,47	0,21	0,66	1,07	0,32	0,49	1,28	3,48
362	0,46	0,17	0,66	1,10	0,32	0,52	1,31	3,48
363	0,46	0,20	0,63	1,10	0,31	0,50	1,32	3,49
364	0,47	0,23	0,65	0,97	0,32	0,50	1,32	3,46
365	0,47	0,20	0,67	0,99	0,29	0,50	1,32	3,48
366	0,47	0,29	0,65	0,99	0,31	0,52	1,31	3,46
367	0,49	0,21	0,63	0,99	0,31	0,52	1,28	3,48
368	0,49	0,21	0,63	1,08	0,33	0,52	1,31	3,45
369	0,45	0,19	0,63	1,07	0,29	0,52	1,31	3,53
370	0,46	0,20	0,62	1,10	0,31	0,52	1,29	3,48
371	0,46	0,19	0,61	1,07	0,31	0,50	1,29	3,45
372	0,47	0,19	0,65	0,96	0,28	0,53	1,31	3,48
373	0,47	0,20	0,63	1,07	0,32	0,49	1,29	3,46
374	0,46	0,17	0,65	1,10	0,32	0,52	1,31	3,46
375	0,45	0,19	0,74	1,07	0,32	0,52	1,31	3,45
376	0,47	0,17	0,75	1,07	0,31	0,50	1,28	3,45
377	0,46	0,31	0,75	1,10	0,42	0,53	1,31	3,48
378	0,47	0,17	0,74	1,08	0,42	0,52	1,32	3,45
379	0,45	0,20	0,75	1,08	0,42	0,53	1,26	3,46
380	0,47	0,29	0,75	1,08	0,43	0,52	1,29	3,48
381	0,48	0,20	0,75	1,07	0,42	0,50	1,31	3,45
382	0,46	0,20	0,78	1,07	0,43	0,52	1,31	3,49
383	0,45	0,28	0,74	1,10	0,43	0,52	1,29	3,49
384	0,46	0,31	0,74	1,07	0,42	0,60	1,29	3,48
385	0,46	0,31	0,75	1,06	0,52	0,62	1,31	3,45
386	0,57	0,32	0,75	1,10	0,41	0,61	1,29	3,48
387	0,57	0,19	0,74	1,10	0,43	0,60	1,28	3,48
388	0,55	0,29	0,75	1,07	0,41	0,62	1,29	3,48
389	0,57	0,17	0,75	1,10	0,43	0,62	1,43	3,46
390	0,57	0,19	0,74	1,07	0,42	0,60	1,40	3,48
391	0,55	0,20	0,75	1,07	0,41	0,52	1,31	3,46
392	0,57	0,19	0,76	1,07	0,42	0,62	1,29	3,46
393	0,58	0,19	0,72	1,08	0,42	0,58	1,31	3,48
394	0,57	0,19	0,72	1,08	0,43	0,62	1,31	3,49
395	0,47	0,20	0,75	1,08	0,32	0,52	1,26	3,45
396	0,47	0,19	0,74	1,07	0,42	0,50	1,31	3,46
397	0,47	0,19	0,72	1,07	0,40	0,53	1,29	3,48
398	0,46	0,19	0,74	1,08	0,41	0,63	1,29	3,48
399	0,55	0,19	0,75	1,08	0,32	0,63	1,31	3,45
400	0,54	0,19	0,63	1,15	0,31	0,60	1,28	3,45
401	0,58	0,21	0,63	1,21	0,33	0,62	1,28	3,48
402	0,54	0,19	0,65	1,18	0,32	0,60	1,31	3,48
403	0,45	0,19	0,75	1,18	0,31	0,61	1,28	3,43
404	0,47	0,19	0,65	1,21	0,32	0,61	1,28	3,46
405	0,47	0,29	0,63	1,21	0,32	0,60	1,31	3,48
406	0,47	0,32	0,62	1,20	0,32	0,60	1,31	3,46
407	0,48	0,29	0,63	1,20	0,32	0,62	1,29	3,45
408	0,47	0,31	0,63	1,17	0,32	0,60	1,31	3,46
409	0,47	0,29	0,72	1,20	0,32	0,61	1,29	3,56
410	0,49	0,28	0,75	1,17	0,32	0,61	1,29	3,59
411	0,47	0,31	0,78	1,20	0,32	0,62	1,29	3,58
412	0,47	0,28	0,75	1,20	0,32	0,61	1,26	3,61
413	0,49	0,31	0,72	1,20	0,33	0,62	1,31	3,59
414	0,46	0,32	0,78	1,20	0,34	0,62	1,42	3,61
415	0,48	0,29	0,76	1,20	0,32	0,62	1,42	3,58
416	0,45	0,29	0,74	1,15	0,32	0,61	1,37	3,59
417	0,47	0,29	0,78	1,20	0,32	0,63	1,39	3,59
418	0,46	0,32	0,74	1,18	0,31	0,61	1,40	3,58
419	0,48	0,29	0,75	1,15	0,33	0,65	1,40	3,56
420	0,48	0,31	0,75	1,15	0,32	0,63	1,39	3,58
421	0,46	0,31	0,75	1,20	0,42	0,63	1,42	3,61
422	0,48	0,29	0,72	1,20	0,42	0,62	1,42	3,56
423	0,47	0,31	0,75	1,21	0,42	0,63	1,42	3,59
424	0,46	0,31	0,74	1,20	0,32	0,61	1,40	3,59
425	0,45	0,28	0,66	1,22	0,29	0,62	1,40	3,59
426	0,46	0,29	0,66	1,20	0,31	0,62	1,42	3,56
427	0,47	0,31	0,74	1,20	0,31	0,62	1,42	3,59
428	0,47	0,27	0,74	1,18	0,33	0,62	1,40	3,58
429	0,49	0,32	0,75	1,17	0,33	0,58	1,43	3,61
430	0,48	0,31	0,75	1,17	0,28	0,62	1,42	3,58
431	0,47	0,28	0,74	1,20	0,31	0,63	1,39	3,63
432	0,47	0,32	0,76	1,18	0,31	0,62	1,39	3,61
433	0,47	0,28	0,75	1,18	0,32	0,63	1,39	3,59
434	0,47	0,31	0,78	1,20	0,32	0,62	1,42	3,59
435	0,49	0,28	0,75	1,20	0,32	0,62	1,40	3,63
436	0,46	0,31	0,75	1,18	0,32	0,63	1,40	3,61
437	0,58	0,29	0,75	1,29	0,42	0,60	1,40	3,58
438	0,59	0,31	0,74	1,28	0,42	0,60	1,51	3,61
439	0,57	0,29	0,75	1,31	0,42	0,65	1,53	3,61
440	0,59	0,31	0,75	1,31	0,42	0,62	1,42	3,59
441	0,55	0,31	0,75	1,28	0,40	0,63	1,40	3,61
442	0,55	0,33	0,76	1,29	0,43	0,63	1,40	3,58
443	0,47	0,32	0,76	1,28	0,45	0,63	1,42	3,59
444	0,45	0,31	0,75	1,32	0,43	0,63	1,39	3,58
445	0,49	0,32	0,78	1,29	0,42	0,63	1,42	3,59
446	0,47	0,32	0,75	1,32	0,42	0,63	1,42	3,59
447	0,47	0,29	0,75	1,29	0,42	0,62	1,39	3,63
448	0,49	0,33	0,76	1,28	0,54	0,62	1,42	3,61
449	0,47	0,31	0,76	1,31	0,42	0,63	1,44	3,63
450	0,49	0,33	0,76	1,28	0,43	0,62	1,42	3,58
451	0,46	0,33	0,74	1,32	0,43	0,62	1,53	3,59
452	0,46	0,29	0,75	1,31	0,43	0,62	1,53	3,59
453	0,47	0,32	0,74	1,31	0,43	0,62	1,42	3,59
454	0,47	0,17	0,75	1,29	0,38	0,62	1,40	3,59
455	0,47	0,31	0,76	1,29	0,42	0,63	1,42	3,58
456	0,47	0,33	0,75	1,31	0,43	0,60	1,39	3,61
457	0,55	0,28	0,75	1,28	0,55	0,60	1,51	3,61
458	0,55	0,31	0,75	1,28	0,51	0,62	1,50	3,63
459	0,58	0,28	0,75	1,29	0,60	0,62	1,54	3,59
460	0,57	0,32	0,85	1,31	0,56	0,62	1,51	3,59
461	0,58	0,31	0,84	1,40	0,52	0,61	1,48	3,59
462	0,55	0,32	0,84	1,40	0,52	0,60	1,51	3,63
463	0,57	0,33	0,85	1,40	0,54	0,62	1,50	3,58
464	0,55	0,31	0,83	1,43	0,52	0,62	1,50	3,72
465	0,60	0,33	0,83	1,39	0,52	0,62	1,53	3,71
466	0,57	0,31	0,85	1,42	0,43	0,61	1,51	3,71
467	0,57	0,31	0,83	1,36	0,42	0,62	1,50	3,71
468	0,57	0,28	0,84	1,50	0,49	0,62	1,51	3,69
469	0,55	0,32	0,85	1,39	0,52	0,60	1,53	3,71
470	0,57	0,31	0,85	1,40	0,43	0,61	1,53	3,71
471	0,57	0,31	0,85	1,39	0,52	0,62	1,50	3,72
472	0,55	0,33	0,84	1,40	0,51	0,58	1,51	3,71
473	0,55	0,28	0,85	1,39	0,51	0,62	1,50	3,69
474	0,57	0,31	0,85	1,40	0,51	0,62	1,50	3,71
475	0,60	0,31	0,85	1,40	0,52	0,61	1,50	3,71
476	0,57	0,31	0,84	1,39	0,54	0,60	1,51	3,71
477	0,57	0,29	0,84	1,39	0,49	0,63	1,53	3,76
478	0,57	0,32	0,85	1,40	0,52	0,62	1,50	3,72
479	0,57	0,31	0,84	1,29	0,54	0,62	1,51	3,72
480	0,54	0,31	0,84	1,28	0,49	0,61	1,50	3,72
481	0,55	0,31	0,85	1,39	0,54	0,62	1,47	3,72
482	0,54	0,32	0,85	1,42	0,52	0,60	1,50	3,72
483	0,65	0,28	0,84	1,40	0,52	0,62	1,50	3,69
484	0,65	0,29	0,84	1,40	0,50	0,60	1,51	3,72
485	0,59	0,31	0,85	1,40	0,51	0,61	1,50	3,72
486	0,55	0,28	0,87	1,40	0,54	0,60	1,51	3,72
487	0,57	0,27	0,85	1,42	0,51	0,62	1,51	3,72
488	0,57	0,29	0,85	1,42	0,51	0,62	1,53	3,72
489	0,54	0,31	0,84	1,40	0,63	0,60	1,48	3,69
490	0,54	0,29	0,85	1,43	0,65	0,60	1,50	3,72
491	0,54	0,29	0,85	1,39	0,63	0,62	1,51	3,74
492	0,54	0,29	0,84	1,40	0,59	0,60	1,48	3,72
493	0,58	0,31	0,85	1,42	0,63	0,60	1,51	3,69
494	0,57	0,31	0,85	1,40	0,51	0,62	1,50	3,72
495	0,54	0,32	0,85	1,40	0,51	0,61	1,48	3,74
496	0,55	0,31	0,84	1,39	0,50	0,61	1,51	3,72
497	0,55	0,33	0,84	1,40	0,63	0,60	1,50	3,71
498	0,54	0,31	0,84	1,40	0,60	0,62	1,51	3,72
499	0,54	0,32	0,84	1,40	0,63	0,61	1,47	3,72
500	0,55	0,32	0,83	1,42	0,65	0,63	1,50	3,72
501	0,53	0,28	0,84	1,40	0,63	0,62	1,50	3,72
502	0,58	0,31	0,85	1,39	0,60	0,69	1,50	3,72
503	0,64	0,29	0,85	1,38	0,64	0,74	1,50	3,72
504	0,65	0,29	0,84	1,39	0,61	0,62	1,50	3,69
505	0,64	0,40	0,85	1,40	0,63	0,73	1,51	3,71
506	0,66	0,40	0,94	1,39	0,51	0,70	1,48	3,71
507	0,65	0,41	0,97	1,40	0,61	0,71	1,51	3,69
508	0,65	0,38	0,93	1,39	0,61	0,58	1,51	3,71
509	0,65	0,41	0,96	1,42	0,52	0,62	1,53	3,74
510	0,65	0,40	0,97	1,39	0,61	0,69	1,50	3,71
511	0,57	0,42	0,97	1,42	0,73	0,61	1,53	3,71
512	0,55	0,41	0,94	1,40	0,71	0,61	1,50	3,71
513	0,65	0,38	0,93	1,40	0,73	0,60	1,53	3,72
514	0,63	0,41	0,96	1,39	0,71	0,60	1,50	3,69
515	0,65	0,42	0,94	1,40	0,74	0,62	1,50	3,76
516	0,55	0,40	0,96	1,39	0,74	0,61	1,50	3,72
517	0,66	0,42	0,94	1,39	0,76	0,63	1,51	3,71
518	0,68	0,41	0,94	1,46	0,72	0,62	1,50	3,67
519	0,65	0,41	0,97	1,39	0,73	0,63	1,50	3,72
520	0,65	0,40	0,96	1,40	0,71	0,60	1,50	3,71
521	0,68	0,41	0,97	1,42	0,72	0,70	1,50	3,72
522	0,64	0,40	0,94	1,40	0,73	0,62	1,48	3,69
523	0,65	0,41	0,96	1,40	0,71	0,63	1,50	3,71
524	0,65	0,40	0,96	1,39	0,73	0,61	1,50	3,76
525	0,65	0,42	0,94	1,42	0,72	0,60	1,53	3,71
526	0,54	0,53	0,96	1,28	0,77	0,63	1,51	3,77
527	0,64	0,52	0,96	1,32	0,76	0,62	1,47	3,72
528	0,68	0,48	1,07	1,42	0,76	0,62	1,51	3,84
529	0,66	0,50	1,07	1,40	0,72	0,70	1,50	3,71
530	0,64	0,52	1,04	1,51	0,73	0,70	1,51	3,76
531	0,66	0,50	1,06	1,51	0,72	0,73	1,50	3,72
532	0,64	0,50	1,07	1,50	0,73	0,73	1,51	3,69
533	0,65	0,52	1,04	1,54	0,71	0,73	1,40	3,80
534	0,65	0,49	1,04	1,50	0,73	0,70	1,40	3,84
535	0,66	0,54	1,07	1,53	0,73	0,70	1,51	3,85
536	0,68	0,53	1,06	1,53	0,69	0,69	1,39	3,85
537	0,66	0,50	1,05	1,51	0,73	0,70	1,40	3,85
538	0,66	0,52	1,04	1,53	0,71	0,69	1,40	3,82
539	0,65	0,49	1,07	1,50	0,65	0,73	1,40	3,82
540	0,68	0,52	1,06	1,51	0,59	0,71	1,40	3,84
541	0,66	0,52	1,06	1,44	0,61	0,74	1,40	3,85
542	0,66	0,52	1,07	1,49	0,61	0,69	1,39	3,80
543	0,68	0,50	1,06	1,54	0,64	0,73	1,51	3,85
544	0,65	0,52	1,06	1,51	0,64	0,73	1,42	3,82
545	0,63	0,52	1,02	1,53	0,65	0,73	1,50	3,84
546	0,66	0,62	1,07	1,53	0,60	0,71	1,51	3,85
547	0,66	0,61	1,06	1,50	0,60	0,70	1,48	3,87
548	0,65	0,62	1,05	1,53	0,63	0,73	1,51	3,84
549	0,79	0,61	1,05	1,49	0,64	0,73	1,51	3,84
550	0,75	0,62	1,07	1,62	0,73	0,70	1,51	3,85
551	0,77	0,62	1,04	1,62	0,73	0,71	1,51	3,84
552	0,65	0,61	1,06	1,51	0,73	0,71	1,51	3,84
553	0,65	0,61	1,02	1,42	0,73	0,71	1,42	3,82
554	0,65	0,61	1,05	1,42	0,72	0,71	1,51	3,85
555	0,66	0,64	1,05	1,40	0,73	0,74	1,39	3,84
556	0,76	0,58	1,05	1,53	0,73	0,71	1,48	3,85
557	0,73	0,61	1,13	1,51	0,72	0,73	1,48	3,85
558	0,79	0,61	1,18	1,53	0,87	0,70	1,51	3,84
559	0,75	0,61	1,15	1,51	0,82	0,73	1,53	3,87
560	0,77	0,62	1,15	1,53	0,83	0,69	1,50	3,85
561	0,76	0,62	1,14	1,53	0,73	0,73	1,53	3,85
562	0,76	0,61	1,15	1,51	0,71	0,70	1,51	3,85
563	0,76	0,58	1,17	1,50	0,72	0,71	1,51	3,84
564	0,75	0,62	1,15	1,51	0,76	0,71	1,51	3,85
565	0,76	0,70	1,15	1,51	0,73	0,74	1,51	3,84
566	0,75	0,73	1,15	1,50	0,73	0,70	1,48	3,82
567	0,76	0,73	1,17	1,51	0,73	0,71	1,54	3,89
568	0,76	0,71	1,14	1,51	0,73	0,73	1,51	3,85
569	0,76	0,71	1,18	1,51	0,71	0,74	1,53	3,87
570	0,73	0,70	1,17	1,53	0,74	0,74	1,40	3,87
571	0,74	0,73	1,17	1,53	0,72	0,73	1,39	3,82
572	0,76	0,71	1,14	1,50	0,73	0,75	1,39	3,85
573	0,75	0,70	1,15	1,50	0,73	0,83	1,40	3,85
574	0,76	0,73	1,26	1,50	0,71	0,82	1,40	3,84
575	0,77	0,69	1,27	1,54	0,73	0,80	1,42	3,85
576	0,76	0,73	1,24	1,53	0,71	0,79	1,39	3,84
577	0,76	0,75	1,24	1,53	0,72	0,80	1,40	3,85
578	0,75	0,71	1,24	1,64	0,74	0,82	1,50	3,84
579	0,75	0,73	1,27	1,62	0,74	0,82	1,47	3,84
580	0,75	0,73	1,24	1,67	0,72	0,82	1,54	3,82
581	0,77	0,74	1,26	1,60	0,73	0,80	1,51	3,84
582	0,75	0,71	1,24	1,62	0,72	0,82	1,51	3,87
583	0,75	0,70	1,26	1,71	0,73	0,84	1,51	3,84
584	0,75	0,73	1,24	1,73	0,64	0,82	1,54	3,82
585	0,76	0,70	1,26	1,75	0,60	0,80	1,51	3,87
586	0,75	0,70	1,24	1,75	0,60	0,83	1,53	3,98
587	0,75	0,71	1,24	1,73	0,72	0,83	1,51	3,79
588	0,75	0,74	1,27	1,73	0,72	0,83	1,54	3,98
589	0,75	0,74	1,26	1,73	0,71	0,80	1,51	3,95
590	0,75	0,83	1,26	1,72	0,72	0,82	1,51	3,97
591	0,76	0,83	1,26	1,73	0,63	0,84	1,50	3,95
592	0,75	0,81	1,24	1,72	0,61	0,80	1,39	3,95
593	0,76	0,71	1,26	1,73	0,61	0,82	1,53	3,95
594	0,75	0,82	1,23	1,72	0,63	0,80	1,51	4,00
595	0,74	0,82	1,27	1,72	0,61	0,80	1,51	3,95
596	0,77	0,83	1,26	1,71	0,63	0,83	1,51	3,93
597	0,75	0,79	1,27	1,72	0,63	0,84	1,51	3,95
598	0,77	0,83	1,24	1,75	0,61	0,82	1,50	3,95
599	0,74	0,81	1,24	1,72	0,63	0,83	1,53	3,95
600	0,76	0,83	1,40	1,75	0,64	0,83	1,54	3,97
601	0,84	0,81	1,37	1,82	0,63	0,83	1,40	3,93
602	0,76	0,83	1,40	1,82	0,63	0,83	1,50	3,95
603	0,84	0,83	1,36	1,83	0,63	0,82	1,53	3,95
604	0,84	0,82	1,37	1,86	0,63	0,83	1,50	3,95
605	0,87	0,82	1,36	1,85	0,63	0,83	1,53	3,92
606	0,82	0,82	1,36	1,86	0,72	0,83	1,50	3,95
607	0,86	0,85	1,33	1,86	0,64	0,91	1,48	3,97
608	0,85	0,83	1,36	1,85	0,61	0,92	1,50	3,97
609	0,84	0,78	1,33	1,86	0,61	0,91	1,50	3,93
610	0,87	0,83	1,37	1,82	0,64	0,83	1,50	3,97
611	0,74	0,81	1,36	1,83	0,61	0,92	1,50	3,97
612	0,75	0,82	1,37	1,72	0,61	0,82	1,53	3,95
613	0,75	0,82	1,36	1,72	0,60	0,80	1,50	3,98
614	0,79	0,82	1,35	1,86	0,64	0,94	1,50	3,95
615	0,75	0,82	1,39	1,86	0,61	0,92	1,51	3,97
616	0,77	0,81	1,36	1,83	0,60	0,94	1,53	3,98
617	0,85	0,83	1,37	1,83	0,61	0,91	1,50	3,97
618	0,82	0,81	1,36	1,85	0,64	0,91	1,50	3,97
619	0,85	0,83	1,36	1,96	0,61	0,92	1,50	3,95
620	0,84	0,81	1,36	1,93	0,63	0,92	1,48	3,98
621	0,86	0,83	1,36	1,94	0,60	0,91	1,50	3,97
622	0,84	0,81	1,45	1,94	0,63	0,92	1,50	3,97
623	0,84	0,79	1,48	1,94	0,63	0,92	1,50	3,93
624	0,86	0,85	1,36	1,96	0,64	0,91	1,53	3,97
625	0,85	0,82	1,44	1,94	0,61	0,94	1,48	3,95
626	0,85	0,83	1,45	1,91	0,63	0,90	1,51	3,93
627	0,86	0,83	1,37	1,94	0,60	0,94	1,50	3,92
628	0,85	0,79	1,45	1,96	0,60	0,91	1,51	3,98
629	0,85	0,79	1,46	1,85	0,52	0,92	1,50	3,95
630	0,86	0,78	1,46	1,85	0,59	0,91	1,50	3,98
631	0,85	0,91	1,45	1,82	0,61	0,91	1,54	3,97
632	0,76	0,93	1,48	1,87	0,73	0,92	1,47	3,95
633	0,73	0,93	1,45	1,83	0,73	0,95	1,54	3,98
634	0,74	0,91	1,45	1,85	0,72	0,92	1,54	3,97
635	0,76	0,90	1,43	1,80	0,72	0,90	1,51	3,95
636	0,76	0,90	1,45	1,73	0,86	0,94	1,51	3,97
637	0,75	0,90	1,46	1,71	0,83	0,92	1,48	3,93
638	0,84	0,90	1,46	1,83	0,81	0,91	1,61	4,10
639	0,84	0,90	1,48	1,82	0,81	0,90	1,62	4,08
640	0,86	0,93	1,46	1,94	0,85	1,03	1,61	4,03
641	0,85	0,90	1,46	1,94	0,82	0,90	1,63	4,08
642	0,84	0,93	1,45	1,94	0,85	0,92	1,62	4,11
643	0,86	0,91	1,61	1,96	0,82	0,91	1,62	4,10
644	0,85	0,90	1,46	1,94	0,86	0,92	1,62	4,10
645	0,84	0,93	1,56	1,82	0,72	0,91	1,62	4,06
646	0,87	0,93	1,56	1,85	0,73	0,94	1,61	4,13
647	0,86	0,90	1,58	1,85	0,72	0,91	1,63	4,13
648	0,86	0,93	1,57	1,82	0,69	0,95	1,61	4,11
649	0,84	0,93	1,58	1,80	0,72	0,92	1,62	4,08
650	0,86	0,95	1,56	1,86	0,72	0,91	1,63	4,06
651	0,88	0,93	1,58	1,82	0,74	0,94	1,61	4,06
652	0,86	0,93	1,56	1,86	0,65	0,92	1,62	4,10
653	0,88	0,94	1,57	1,97	0,73	1,04	1,62	4,10
654	0,86	0,91	1,57	1,96	0,73	0,92	1,59	4,08
655	0,87	0,93	1,56	1,96	0,72	0,91	1,62	4,08
656	0,85	0,93	1,58	1,98	0,74	0,94	1,62	4,13
657	0,86	0,93	1,56	1,96	0,73	0,95	1,62	4,10
658	0,87	0,91	1,58	1,96	0,76	1,00	1,61	4,10
659	0,85	0,91	1,56	1,97	0,73	0,95	1,61	4,10
660	0,85	0,93	1,57	1,97	0,73	1,03	1,61	4,10
661	0,86	0,93	1,56	1,94	0,73	0,94	1,65	4,06
662	0,84	0,90	1,57	2,04	0,72	0,94	1,62	4,10
663	0,86	0,93	1,57	2,05	0,73	1,04	1,61	4,08
664	0,86	0,95	1,54	2,08	0,73	1,01	1,61	4,10
665	0,87	0,91	1,65	2,05	0,72	1,04	1,62	4,08
666	0,86	0,91	1,66	2,07	0,72	1,04	1,61	4,11
667	0,85	1,03	1,69	2,07	0,65	1,05	1,63	4,10
668	0,87	1,03	1,66	2,04	0,71	1,01	1,61	4,06
669	0,86	1,03	1,66	2,08	0,73	1,01	1,59	4,11
670	0,86	1,04	1,67	2,08	0,73	1,01	1,63	4,08
671	0,85	1,02	1,67	2,08	0,73	1,01	1,65	4,08
672	0,84	1,02	1,66	2,07	0,73	1,01	1,62	4,10
673	0,96	1,03	1,65	2,07	0,72	1,01	1,61	4,10
674	0,94	1,00	1,66	2,04	0,69	0,95	1,65	4,11
675	0,85	1,00	1,66	1,97	0,83	1,03	1,62	4,10
676	0,86	1,06	1,67	1,97	0,82	1,03	1,61	4,10
677	0,84	1,03	1,63	1,94	0,83	0,92	1,65	4,08
678	0,86	1,00	1,62	1,82	0,83	0,95	1,62	4,08
679	0,85	1,00	1,65	1,97	0,72	0,92	1,62	4,10
680	0,85	1,02	1,67	1,94	0,73	1,03	1,62	4,06
681	0,85	0,91	1,66	1,97	0,73	1,04	1,62	4,08
682	0,92	1,00	1,65	2,05	0,81	1,00	1,61	4,10
683	0,93	1,02	1,65	2,04	0,73	1,01	1,61	4,08
684	0,96	1,00	1,65	2,08	0,72	1,03	1,61	4,10
685	0,94	1,03	1,69	2,04	0,72	1,00	1,62	4,08
686	0,93	1,03	1,67	2,05	0,72	1,00	1,61	4,08
687	0,92	1,03	1,63	2,08	0,69	1,01	1,62	4,20
688	0,93	1,03	1,67	2,04	0,71	1,01	1,72	4,21
689	0,93	1,03	1,67	2,08	0,73	1,01	1,61	4,24
690	0,94	1,03	1,66	2,07	0,73	1,03	1,72	4,21
691	0,92	1,03	1,66	2,07	0,73	1,03	1,73	4,20
692	0,93	1,03	1,67	2,07	0,73	1,03	1,72	4,20
693	0,94	1,02	1,66	2,03	0,60	1,03	1,73	4,21
694	0,96	1,02	1,69	2,07	0,73	1,03	1,70	4,21
695	0,93	1,03	1,69	2,07	0,61	1,04	1,73	4,26
696	0,93	1,00	1,65	2,05	0,61	1,00	1,73	4,21
697	0,93	1,03	1,69	2,07	0,64	1,03	1,70	4,18
698	0,94	1,03	1,69	2,05	0,63	1,01	1,72	4,23
699	0,96	1,03	1,66	2,08	0,73	1,01	1,70	4,20
700	0,93	1,03	1,67	2,08	0,74	1,04	1,73	4,21
701	0,94	1,03	1,66	2,04	0,69	1,01	1,74	4,24
702	0,94	1,00	1,69	2,07	0,63	1,03	1,73	4,23
703	0,96	1,02	1,67	2,05	0,64	1,00	1,73	4,20
704	0,92	1,02	1,65	2,07	0,73	1,04	1,70	4,23
705	0,94	1,02	1,69	2,07	0,73	1,01	1,72	4,21
706	0,94	1,03	1,66	2,08	0,72	1,01	1,69	4,21
707	0,93	0,91	1,66	2,04	0,73	1,01	1,72	4,21
708	0,97	1,02	1,67	2,05	0,71	1,05	1,72	4,34
709	0,96	0,94	1,63	2,07	0,72	1,03	1,72	4,34
710	0,93	1,03	1,69	2,07	0,73	1,01	1,73	4,36
711	0,96	0,91	1,67	2,04	0,72	1,03	1,72	4,36
712	0,96	0,94	1,67	2,05	0,74	1,14	1,74	4,33
713	0,93	0,93	1,65	2,07	0,73	1,14	1,72	4,37
714	0,94	0,93	1,66	2,04	0,72	1,01	1,73	4,33
715	0,94	0,94	1,66	2,05	0,74	1,14	1,72	4,33
716	0,96	0,95	1,67	2,15	0,73	1,13	1,73	4,37
717	0,96	0,94	1,71	2,16	0,61	1,12	1,73	4,34
718	0,94	0,95	1,66	2,15	0,64	1,14	1,73	4,34
719	0,96	0,91	1,66	2,18	0,63	1,14	1,74	4,37
720	0,94	0,91	1,69	2,15	0,59	1,04	1,72	4,36
721	0,96	0,91	1,67	2,15	0,63	1,16	1,70	4,33
722	0,96	0,94	1,69	2,18	0,61	1,16	1,70	4,37
723	0,93	0,93	1,67	2,18	0,72	1,13	1,72	4,33
724	0,96	1,02	1,65	2,18	0,73	1,14	1,72	4,33
725	0,91	1,02	1,69	2,18	0,73	1,14	1,73	4,37
726	0,92	1,02	1,76	2,07	0,73	1,12	1,72	4,34
727	0,97	1,02	1,76	2,08	0,73	1,13	1,72	4,33
728	0,94	1,03	1,78	2,04	0,85	1,14	1,69	4,37
729	0,94	1,03	1,78	2,03	0,83	1,13	1,72	4,34
730	0,96	1,06	1,78	2,04	0,82	1,14	1,72	4,34
731	0,96	1,03	1,76	2,18	0,72	1,12	1,73	4,33
732	1,03	1,00	1,78	2,15	0,85	1,14	1,70	4,34
733	1,07	1,03	1,78	2,19	0,82	1,13	1,72	4,36
734	0,91	1,00	1,76	2,15	0,83	1,13	1,69	4,36
735	0,96	1,02	1,76	2,16	0,83	1,12	1,69	4,33
736	0,93	1,02	1,78	2,12	0,82	1,12	1,72	4,34
737	0,94	1,02	1,75	2,15	0,82	1,14	1,70	4,34
738	0,96	1,02	1,76	2,14	0,82	1,12	1,73	4,33
739	0,96	1,03	1,79	2,19	0,82	1,12	1,70	4,34
740	0,91	1,02	1,75	2,16	0,82	1,14	1,72	4,33
741	0,93	0,99	1,76	2,15	0,94	1,13	1,68	4,34
742	1,02	1,03	1,79	2,27	0,94	1,14	1,72	4,34
743	1,01	1,03	1,76	2,29	0,82	1,12	1,72	4,34
744	1,03	1,02	1,75	2,29	0,82	1,11	1,72	4,31
745	1,02	1,02	1,78	2,27	0,81	1,12	1,70	4,31
746	1,04	1,02	1,78	2,15	0,92	1,12	1,70	4,39
747	1,01	1,03	1,78	2,12	0,92	1,12	1,73	4,34
748	1,03	1,02	1,75	2,14	0,91	1,16	1,74	4,37
749	1,04	1,06	1,75	2,16	0,94	1,16	1,69	4,37
750	1,03	1,02	1,76	2,15	0,92	1,09	1,69	4,36
751	1,03	1,02	1,75	2,18	0,82	1,11	1,72	4,37
752	1,03	1,02	1,75	2,26	0,90	1,14	1,70	4,36
753	1,02	1,03	1,78	2,27	1,05	1,11	1,70	4,34
754	1,05	1,02	1,75	2,29	1,03	1,14	1,73	4,37
755	0,92	1,03	1,79	2,16	1,01	1,12	1,70	4,34
756	0,94	1,00	1,78	2,18	0,94	1,12	1,85	4,29
757	0,93	1,04	1,80	2,15	0,94	1,14	1,81	4,36
758	0,96	1,00	1,75	2,16	0,92	1,14	1,83	4,36
759	1,07	1,03	1,76	2,16	1,04	1,14	1,81	4,34
760	1,05	1,03	1,87	2,18	1,03	1,13	1,85	4,36
761	1,02	1,03	1,76	2,15	1,07	1,12	1,84	4,34
762	1,04	1,03	1,87	2,19	1,03	1,13	1,83	4,33
763	1,05	1,03	1,87	2,16	1,05	1,11	1,83	4,34
764	1,04	1,03	1,85	2,15	1,01	1,13	1,83	4,34
765	1,01	1,00	1,88	2,16	1,04	1,12	1,84	4,34
766	1,04	1,02	1,88	2,05	1,03	1,09	1,80	4,33
767	1,04	1,00	1,87	2,07	1,01	1,14	1,83	4,34
768	1,04	1,02	1,87	2,05	1,01	1,13	1,83	4,49
769	1,02	1,02	1,85	2,05	1,01	1,12	1,83	4,47
770	1,03	1,03	1,76	2,07	0,94	1,14	1,85	4,46
771	1,04	1,04	1,76	2,07	0,94	1,11	1,84	4,50
772	1,03	1,03	1,76	2,07	0,92	1,13	1,83	4,47
773	1,03	1,02	1,89	2,08	0,94	1,13	1,83	4,50
774	1,05	1,03	1,76	2,05	0,94	1,12	1,83	4,46
775	1,02	1,02	1,76	2,03	0,92	1,14	1,83	4,46
776	1,03	1,02	1,78	2,05	0,91	1,13	1,83	4,47
777	1,03	1,00	1,85	2,05	0,80	1,12	1,83	4,44
778	1,03	1,04	1,87	2,04	0,81	1,14	1,80	4,44
779	1,02	1,00	1,85	2,04	0,83	1,14	1,81	4,47
780	1,05	1,04	1,87	2,08	0,85	1,14	1,80	4,46
781	1,01	1,02	1,76	2,16	0,83	1,13	1,84	4,49
782	1,05	1,03	1,88	2,15	0,82	1,12	1,80	4,47
783	1,04	1,03	1,75	2,15	0,82	1,12	1,81	4,46
784	1,04	1,03	1,76	2,19	0,83	1,11	1,84	4,47
785	1,01	1,02	1,79	2,18	0,83	1,13	1,83	4,46
786	1,02	1,02	1,75	2,18	0,83	1,22	1,83	4,46
787	1,05	1,04	1,80	2,18	0,81	1,13	1,81	4,47
788	1,03	1,02	1,76	2,26	0,82	1,11	1,81	4,49
789	1,05	1,02	1,79	2,27	0,83	1,12	1,83	4,47
790	1,18	1,03	1,78	2,30	0,83	1,13	1,84	4,47
791	1,12	1,04	1,76	2,15	0,83	1,13	1,83	4,46
792	1,04	1,02	1,78	2,29	0,81	1,14	1,83	4,49
793	1,04	1,03	1,89	2,27	0,83	1,12	1,81	4,49
794	1,04	1,03	1,89	2,29	0,81	1,14	1,81	4,59
795	1,15	1,02	1,89	2,29	0,83	1,14	1,81	4,62
796	1,04	1,03	1,87	2,26	0,83	1,14	1,80	4,60
797	1,13	1,03	1,88	2,30	0,83	1,14	1,83	4,62
798	1,16	1,04	1,92	2,27	0,86	1,14	1,85	4,60
799	1,10	1,16	1,89	2,25	0,86	1,14	1,80	4,59
800	1,15	1,04	1,89	2,29	0,85	1,14	1,81	4,59
801	1,13	1,15	1,89	2,29	0,83	1,14	1,83	4,57
802	1,13	1,03	1,87	2,29	0,82	1,16	1,83	4,59
803	1,15	1,04	1,88	2,30	0,82	1,13	1,83	4,57
804	1,14	1,14	1,87	2,27	0,80	1,14	1,81	4,63
805	1,13	1,11	1,87	2,29	0,80	1,14	1,83	4,60
806	1,13	1,14	1,88	2,26	0,83	1,14	1,83	4,60
807	1,13	1,03	1,85	2,26	0,83	1,13	1,83	4,59
808	1,14	1,03	1,76	2,27	0,85	1,12	1,84	4,60
809	1,12	1,02	1,88	2,33	0,82	1,14	1,81	4,60
810	1,14	1,03	1,89	2,21	0,83	1,13	1,83	4,59
811	1,14	1,03	1,88	2,29	0,83	1,12	1,85	4,59
812	1,13	1,02	1,88	2,29	0,82	1,14	1,83	4,60
813	1,14	1,14	1,85	2,29	0,82	1,16	1,83	4,63
814	1,12	1,11	1,88	2,29	0,94	1,13	1,81	4,60
815	1,09	1,15	1,85	2,27	0,80	1,12	1,80	4,60
816	1,13	1,12	1,85	2,27	0,83	1,14	1,84	4,57
817	1,12	1,12	1,88	2,32	0,83	1,12	1,83	4,60
818	1,13	1,11	1,87	2,26	0,80	1,16	1,84	4,59
819	1,13	1,16	1,89	2,26	0,83	1,14	1,83	4,59
820	1,10	1,14	1,87	2,26	0,82	1,13	1,83	4,62
821	1,13	1,11	1,84	2,29	0,81	1,22	1,83	4,62
822	1,14	1,14	1,87	2,30	0,81	1,24	1,84	4,57
823	1,13	1,12	1,85	2,27	0,82	1,20	1,83	4,60
824	1,13	1,12	1,85	2,29	0,69	1,24	1,83	4,62
825	1,09	1,03	1,89	2,29	0,83	1,24	1,81	4,60
826	1,14	1,04	1,87	2,25	0,81	1,25	1,83	4,60
827	1,24	1,14	1,87	2,26	0,92	1,24	1,83	4,60
828	1,24	1,12	1,87	2,27	0,92	1,22	1,83	4,59
829	1,25	1,14	1,87	2,27	0,95	1,24	1,83	4,59
830	1,23	1,12	1,88	2,30	0,92	1,22	1,83	4,60
831	1,25	1,02	1,87	2,26	1,03	1,13	1,92	4,60
832	1,21	1,12	1,87	2,29	1,04	1,25	1,83	4,62
833	1,24	1,11	1,87	2,27	1,03	1,25	1,80	4,59
834	1,23	1,14	1,88	2,27	0,95	1,26	1,84	4,63
835	1,21	1,16	1,89	2,26	0,91	1,24	1,85	4,59
836	1,25	1,15	1,89	2,29	1,05	1,25	1,85	4,63
837	1,23	1,15	1,89	2,32	1,05	1,21	1,84	4,63
838	1,24	1,14	1,88	2,29	1,04	1,24	1,83	4,63
839	1,24	1,14	1,88	2,29	1,01	1,25	1,83	4,60
840	1,24	1,15	1,88	2,30	0,94	1,22	1,83	4,59
841	1,23	1,12	1,89	2,30	1,04	1,24	1,83	4,62
842	1,24	1,14	1,89	2,39	1,04	1,22	1,80	4,62
843	1,23	1,11	1,87	2,32	1,04	1,24	1,83	4,62
844	1,24	1,14	1,85	2,39	1,03	1,24	1,83	4,57
845	1,23	1,12	1,87	2,39	1,01	1,22	1,81	4,70
846	1,25	1,12	1,88	2,39	1,03	1,22	1,85	4,73
847	1,20	1,14	1,87	2,37	1,14	1,24	1,85	4,70
848	1,23	1,14	1,85	2,40	1,10	1,22	1,81	4,70
849	1,21	1,12	1,87	2,37	1,16	1,22	1,83	4,70
850	1,23	1,14	1,87	2,37	1,14	1,18	1,83	4,73
851	1,23	1,14	1,91	2,40	1,14	1,22	1,83	4,72
852	1,21	1,15	1,88	2,43	1,12	1,22	1,84	4,77
853	1,23	1,16	1,89	2,37	1,14	1,22	1,84	4,75
854	1,23	1,15	1,89	2,39	1,14	1,22	1,77	4,73
855	1,23	1,15	1,87	2,39	1,03	1,22	1,81	4,70
856	1,21	1,14	1,87	2,39	1,04	1,24	1,83	4,70
857	1,24	1,12	1,83	2,39	1,03	1,22	1,83	4,75
858	1,23	1,15	1,89	2,40	1,14	1,21	1,81	4,72
859	1,23	1,12	1,84	2,40	1,14	1,22	1,85	4,75
860	1,31	1,14	1,88	2,39	1,12	1,24	1,91	4,73
861	1,33	1,12	1,88	2,39	1,16	1,25	1,84	4,77
862	1,23	1,14	1,87	2,36	1,25	1,22	1,94	4,73
863	1,23	1,12	1,88	2,36	1,23	1,25	1,94	4,70
864	1,23	1,12	1,85	2,36	1,13	1,24	1,94	4,73
865	1,32	1,14	1,87	2,40	1,12	1,22	1,83	4,73
866	1,32	1,10	1,89	2,39	1,16	1,21	1,94	4,70
867	1,31	1,12	1,88	2,43	1,03	1,25	1,83	4,77
868	1,31	1,15	1,88	2,50	1,03	1,24	1,83	4,72
869	1,32	1,14	1,87	2,48	1,03	1,21	1,85	4,72
870	1,32	1,10	1,88	2,48	1,03	1,24	1,84	4,78
871	1,31	1,15	1,91	2,52	1,05	1,22	1,83	4,73
872	1,32	1,14	1,88	2,51	1,12	1,24	1,83	4,77
873	1,31	1,14	1,87	2,50	1,03	1,21	1,83	4,75
874	1,25	1,14	1,87	2,52	1,05	1,24	1,84	4,73
875	1,24	1,15	1,87	2,48	1,04	1,24	1,83	4,73
876	1,23	1,11	1,87	2,50	1,01	1,22	1,81	4,72
877	1,26	1,11	1,88	2,47	1,04	1,24	1,85	4,75
878	1,23	1,14	1,89	2,47	1,03	1,22	1,83	4,68
879	1,21	1,12	1,87	2,51	1,01	1,24	1,81	4,72
880	1,20	1,12	1,85	2,51	1,03	1,24	1,80	4,72
881	1,23	1,14	1,88	2,51	1,04	1,24	1,92	4,73
882	1,24	1,14	1,88	2,47	1,03	1,21	1,81	4,72
883	1,23	1,15	1,89	2,47	1,04	1,24	1,94	4,75
884	1,23	1,11	1,85	2,51	1,03	1,25	1,92	4,75
885	1,24	1,11	1,88	2,48	1,01	1,25	1,95	4,78
886	1,32	1,12	1,91	2,50	1,01	1,24	1,94	4,70
887	1,32	1,12	1,88	2,61	1,04	1,24	1,92	4,72
888	1,23	1,12	1,88	2,51	1,05	1,21	1,92	4,72
889	1,26	1,14	1,88	2,50	0,94	1,22	1,92	4,75
890	1,23	1,12	1,87	2,48	0,92	1,22	1,95	4,72
891	1,21	1,14	1,87	2,48	1,01	1,22	1,94	4,72
892	1,24	1,12	1,85	2,47	1,05	1,24	1,94	4,73
893	1,24	1,14	2,00	2,48	1,05	1,25	1,94	4,72
894	1,23	1,14	2,00	2,48	1,14	1,22	1,84	4,70
895	1,23	1,12	1,96	2,48	1,16	1,21	1,91	4,70
896	1,24	1,12	1,96	2,47	1,13	1,22	1,92	4,72
897	1,20	1,12	1,95	2,48	1,12	1,21	1,94	4,73
898	1,24	1,14	1,96	2,48	1,25	1,24	1,91	4,68
899	1,26	1,11	1,98	2,61	1,22	1,24	1,95	4,73
900	1,20	1,15	1,98	2,59	1,25	1,22	1,94	4,70
901	1,23	1,15	1,96	2,59	1,14	1,24	1,92	4,72
902	1,23	1,15	1,97	2,59	1,14	1,24	1,92	4,70
903	1,25	1,11	1,96	2,58	1,14	1,24	1,94	4,75
904	1,30	1,14	1,98	2,59	1,04	1,21	1,95	4,73
905	1,32	1,14	1,98	2,58	1,07	1,22	1,94	4,72
906	1,30	1,12	1,97	2,59	1,16	1,24	1,96	4,75
907	1,32	1,15	2,00	2,51	1,14	1,24	1,94	4,72
908	1,30	1,14	1,98	2,50	1,16	1,21	1,94	4,73
909	1,31	1,11	1,98	2,48	1,12	1,24	1,94	4,75
910	1,31	1,11	1,97	2,48	1,14	1,21	1,94	4,73
911	1,32	1,12	1,98	2,45	1,13	1,24	1,92	4,73
912	1,33	1,11	2,00	2,50	1,04	1,24	1,95	4,85
913	1,31	1,14	1,97	2,51	1,03	1,22	1,95	4,86
914	1,33	1,14	1,97	2,47	1,14	1,21	1,94	4,88
915	1,33	1,15	1,98	2,50	1,17	1,25	1,94	4,83
916	1,31	1,11	1,98	2,58	1,05	1,22	1,94	4,86
917	1,31	1,10	1,97	2,61	1,03	1,25	1,92	4,88
918	1,33	1,12	1,98	2,61	1,01	1,22	1,94	4,86
919	1,32	1,11	1,98	2,58	1,04	1,24	1,94	4,83
920	1,31	1,12	1,96	2,61	1,03	1,24	1,92	4,86
921	1,23	1,14	1,97	2,59	1,05	1,25	1,94	4,86
922	1,32	1,14	1,98	2,58	1,13	1,24	1,92	4,86
923	1,30	1,11	1,98	2,62	1,16	1,22	1,95	4,86
924	1,23	1,14	2,00	2,59	1,14	1,24	1,94	4,86
925	1,24	1,14	1,97	2,62	1,04	1,22	1,94	4,86
926	1,25	1,12	1,97	2,61	1,01	1,25	1,94	4,86
927	1,23	1,14	2,00	2,62	1,04	1,25	1,94	4,86
928	1,23	1,11	2,00	2,62	1,01	1,25	1,94	4,86
929	1,25	1,14	1,96	2,61	1,04	1,22	1,96	4,90
930	1,24	1,15	2,02	2,61	1,03	1,33	1,92	4,85
931	1,23	1,11	1,97	2,61	1,05	1,22	1,94	4,86
932	1,23	1,12	1,97	2,72	1,01	1,34	1,94	4,98
933	1,35	1,16	1,97	2,59	1,00	1,22	2,06	4,86
934	1,33	1,14	1,98	2,59	1,04	1,25	1,96	4,83
935	1,35	1,15	1,97	2,59	1,04	1,25	2,05	4,96
936	1,21	1,11	1,97	2,59	1,01	1,24	2,05	4,86
937	1,24	1,12	1,98	2,61	1,04	1,34	2,07	4,85
938	1,33	1,14	1,97	2,61	1,03	1,24	2,03	4,86
939	1,25	1,14	1,98	2,56	1,04	1,31	2,05	4,85
940	1,23	1,12	1,96	2,59	1,03	1,33	2,06	4,86
941	1,35	1,14	1,97	2,61	1,03	1,24	2,02	4,86
942	1,32	1,14	1,97	2,51	1,04	1,24	2,05	4,85
943	1,31	1,12	2,00	2,51	1,01	1,35	2,02	4,86
944	1,30	1,11	2,00	2,50	0,94	1,22	2,02	4,85
945	1,31	1,11	2,01	2,48	0,94	1,34	2,02	4,85
946	1,32	1,12	1,96	2,48	0,94	1,33	2,06	4,88
947	1,30	1,14	1,98	2,50	0,94	1,34	2,05	4,86
948	1,31	1,08	1,97	2,47	0,91	1,31	2,03	4,85
949	1,31	1,20	1,98	2,48	0,95	1,33	2,03	4,80
950	1,31	1,11	2,01	2,48	0,91	1,22	2,06	4,83
951	1,30	1,24	1,98	2,44	0,92	1,25	2,05	4,86
952	1,32	1,21	1,97	2,48	0,90	1,22	2,05	4,85
953	1,31	1,23	1,97	2,50	0,92	1,21	2,03	4,86
954	1,31	1,23	1,96	2,47	0,92	1,22	2,03	4,85
955	1,32	1,20	1,98	2,48	0,95	1,22	2,02	4,81
956	1,33	1,12	2,00	2,48	0,94	1,25	2,02	4,85
957	1,30	1,14	1,97	2,58	0,92	1,25	2,05	4,86
958	1,32	1,24	2,00	2,58	0,94	1,25	2,03	4,86
959	1,32	1,11	1,97	2,56	1,03	1,22	2,06	4,83
960	1,33	1,14	1,97	2,61	1,03	1,24	2,05	4,83
961	1,31	1,15	1,97	2,61	1,07	1,24	2,05	4,85
962	1,30	1,12	1,96	2,59	1,03	1,24	2,03	4,85
963	1,31	1,24	1,96	2,58	1,04	1,24	2,05	4,85
964	1,31	1,14	2,01	2,61	1,04	1,22	2,06	4,86
965	1,32	1,20	1,98	2,62	1,04	1,22	2,02	4,86
966	1,32	1,11	2,00	2,62	1,01	1,22	2,07	4,85
967	1,33	1,14	1,97	2,56	0,92	1,24	2,05	4,85
968	1,30	1,24	1,98	2,61	1,01	1,22	2,05	4,86
969	1,32	1,14	1,97	2,62	0,94	1,24	2,03	4,85
970	1,32	1,15	1,98	2,59	0,95	1,25	2,03	4,86
971	1,31	1,14	1,98	2,59	1,08	1,24	2,02	4,88
972	1,31	1,24	1,98	2,51	1,04	1,22	2,03	4,86
973	1,33	1,21	2,00	2,51	1,07	1,26	2,06	4,88
974	1,32	1,23	1,97	2,48	1,04	1,24	2,05	4,86
975	1,32	1,23	1,97	2,59	1,04	1,25	2,06	4,86
976	1,33	1,14	1,96	2,61	1,05	1,26	2,03	4,86
977	1,35	1,25	1,98	2,59	1,04	1,25	2,02	4,86
978	1,31	1,12	1,98	2,58	1,03	1,25	2,06	4,99
979	1,32	1,12	1,97	2,61	1,03	1,22	2,03	4,98
980	1,33	1,14	1,97	2,56	1,03	1,25	2,03	4,96
981	1,32	1,14	1,97	2,61	1,14	1,22	2,05	4,99
982	1,32	1,12	1,97	2,59	1,03	1,25	2,07	4,99
983	1,32	1,15	1,97	2,58	1,01	1,24	2,06	4,98
984	1,32	1,11	1,98	2,59	1,04	1,22	2,05	4,96
985	1,32	1,23	1,96	2,62	1,03	1,22	2,03	4,98
986	1,31	1,12	1,98	2,59	1,01	1,26	2,03	4,96
987	1,31	1,14	1,98	2,59	1,03	1,25	2,05	4,99
988	1,33	1,20	1,98	2,62	1,04	1,25	2,03	5,01
989	1,33	1,20	1,98	2,59	0,94	1,22	2,06	4,98
990	1,31	1,23	1,97	2,59	0,92	1,22	2,03	4,96
991	1,33	1,21	1,98	2,56	1,03	1,25	2,05	4,98
992	1,33	1,21	1,97	2,59	0,89	1,21	2,05	4,94
993	1,35	1,23	1,97	2,56	0,95	1,25	2,03	4,96
994	1,32	1,25	1,98	2,59	0,95	1,24	2,05	4,96
995	1,30	1,24	1,93	2,50	0,92	1,22	2,03	4,98
996	1,33	1,21	1,97	2,51	0,94	1,22	2,03	4,98
997	1,32	1,23	1,97	2,50	0,94	1,24	2,02	5,01
998	1,32	1,20	1,97	2,47	0,89	1,21	2,03	4,96
999	1,31	1,23	1,98	2,50	0,95	1,24	2,03	4,99
1000	1,27	1,23	1,97	2,48	0,90	1,22	2,03	5,01
1001	1,31	1,24	1,97	2,48	0,92	1,25	2,03	4,96
1002	1,32	1,23	1,97	2,50	1,04	1,22	2,03	5,01
1003	1,31	1,23	1,98	2,48	1,05	1,24	2,03	5,01
1004	1,31	1,21	1,98	2,50	1,01	1,22	2,03	4,98
1005	1,32	1,24	1,95	2,48	0,94	1,20	2,02	4,98
1006	1,31	1,23	1,98	2,51	0,96	1,22	2,03	4,99
1007	1,32	1,24	1,96	2,48	1,03	1,22	2,03	4,98
1008	1,32	1,23	1,97	2,48	1,01	1,24	2,05	4,98
1009	1,33	1,27	2,01	2,50	0,92	1,22	2,03	4,96
1010	1,30	1,24	1,97	2,47	0,94	1,24	2,06	4,99
1011	1,30	1,21	1,97	2,47	1,04	1,24	2,03	4,99
1012	1,31	1,25	1,97	2,47	1,03	1,18	2,06	4,99
1013	1,32	1,23	1,98	2,59	1,04	1,22	2,05	5,09
1014	1,33	1,24	1,96	2,59	1,03	1,22	2,03	5,11
1015	1,31	1,24	1,96	2,59	0,99	1,24	2,03	5,09
1016	1,32	1,20	2,01	2,59	0,94	1,24	2,05	5,11
1017	1,31	1,23	1,98	2,61	0,91	1,22	2,03	5,12
1018	1,35	1,24	1,98	2,61	0,92	1,24	2,03	5,11
1019	1,33	1,24	2,01	2,58	0,94	1,22	2,03	5,11
1020	1,32	1,24	1,97	2,59	0,92	1,25	2,05	5,11
1021	1,32	1,21	1,97	2,62	0,92	1,22	2,05	5,09
1022	1,31	1,24	1,98	2,62	0,94	1,21	2,03	5,07
1023	1,31	1,24	1,98	2,59	0,83	1,22	2,03	5,09
1024	1,31	1,21	2,09	2,59	0,81	1,22	2,05	5,09
1025	1,31	1,24	1,97	2,59	0,81	1,25	2,05	5,12
1026	1,32	1,21	2,09	2,62	0,82	1,24	2,05	5,11
1027	1,32	1,23	2,08	2,56	0,82	1,25	2,02	5,09
1028	1,32	1,21	1,98	2,61	0,82	1,22	2,05	5,09
1029	1,24	1,24	1,97	2,48	0,81	1,25	2,06	5,11
1030	1,21	1,24	2,00	2,51	0,85	1,25	2,05	5,12
1031	1,18	1,23	1,98	2,50	0,81	1,24	2,05	4,96
1032	1,20	1,20	1,97	2,39	0,83	1,22	2,02	5,14
1033	1,23	1,21	1,97	2,47	0,82	1,24	2,05	5,12
1034	1,24	1,25	1,98	2,50	0,83	1,24	2,03	4,96
1035	1,24	1,24	2,01	2,50	0,83	1,22	2,06	5,12
1036	1,33	1,11	1,98	2,48	0,95	1,34	2,06	5,11
1037	1,32	1,25	1,98	2,59	0,91	1,33	2,02	5,09
1038	1,32	1,24	1,97	2,50	0,91	1,24	2,05	5,09
1039	1,32	1,12	1,98	2,51	0,92	1,34	2,03	5,09
1040	1,32	1,15	1,97	2,51	0,92	1,30	2,06	5,11
1041	1,30	1,15	2,00	2,48	0,92	1,31	2,03	5,11
1042	1,31	1,14	2,00	2,58	0,90	1,33	2,06	5,09
1043	1,32	1,11	1,97	2,59	0,81	1,33	2,06	5,11
1044	1,40	1,21	1,98	2,59	0,81	1,31	2,05	5,11
1045	1,33	1,14	2,01	2,58	0,81	1,33	2,05	5,11
1046	1,30	1,11	1,98	2,59	0,90	1,34	2,05	5,07
1047	1,33	1,14	2,00	2,59	1,04	1,31	2,06	5,09
1048	1,35	1,14	2,00	2,58	1,04	1,26	2,02	5,12
1049	1,32	1,12	1,98	2,61	1,04	1,33	2,03	5,11
1050	1,31	1,14	2,01	2,58	1,00	1,21	2,03	5,09
1051	1,30	1,14	1,97	2,59	1,03	1,22	2,05	5,12
1052	1,33	1,12	1,97	2,59	0,94	1,22	2,05	5,12
1053	1,33	1,14	1,96	2,61	0,92	1,22	2,05	5,07
1054	1,24	1,15	2,01	2,62	0,94	1,25	2,06	5,07
1055	1,25	1,12	1,97	2,48	0,92	1,22	2,03	5,12
1056	1,20	1,12	2,00	2,48	0,94	1,22	2,05	5,11
1057	1,21	1,12	1,98	2,47	0,92	1,22	2,03	5,09
1058	1,33	1,12	2,01	2,51	0,94	1,22	2,03	5,11
1059	1,32	1,11	1,95	2,59	0,83	1,33	2,06	5,14
1060	1,32	1,11	1,98	2,59	0,92	1,34	2,05	5,11
1061	1,41	1,15	1,97	2,59	0,92	1,33	2,05	5,07
1062	1,33	1,11	1,97	2,58	0,91	1,24	2,03	5,09
1063	1,32	1,14	1,98	2,61	0,94	1,22	2,06	5,07
1064	1,33	1,14	1,97	2,50	0,94	1,24	2,02	5,07
1065	1,33	1,15	2,00	2,61	1,05	1,22	2,03	5,11
1066	1,24	1,15	2,01	2,52	1,04	1,25	2,02	5,07
1067	1,24	1,14	1,97	2,50	1,04	1,22	2,03	5,12
1068	1,24	1,14	1,98	2,48	1,13	1,25	2,06	5,12
1069	1,32	1,11	1,98	2,51	1,05	1,25	2,05	5,12
1070	1,30	1,15	1,97	2,48	1,03	1,22	2,05	5,12
1071	1,31	1,14	1,97	2,61	1,01	1,25	2,03	5,07
1072	1,33	1,14	1,97	2,59	1,03	1,21	2,05	5,07
1073	1,32	1,12	1,97	2,61	1,03	1,21	2,05	5,06
1074	1,32	1,14	2,00	2,58	1,04	1,21	2,02	5,09
1075	1,33	1,14	2,01	2,51	0,91	1,22	2,02	5,07
1076	1,32	1,12	2,00	2,51	0,90	1,25	2,03	5,11
1077	1,31	1,11	1,98	2,51	0,92	1,25	2,03	5,09
1078	1,32	1,11	1,97	2,51	0,90	1,24	2,03	5,11
1079	1,30	1,11	1,97	2,48	0,94	1,24	2,05	5,11
1080	1,24	1,12	1,97	2,52	0,92	1,21	2,02	5,09
1081	1,24	1,14	2,00	2,39	0,95	1,24	2,06	5,11
1082	1,24	1,12	1,96	2,37	0,94	1,24	2,05	5,11
1083	1,21	1,14	1,97	2,37	0,92	1,24	2,02	5,12
1084	1,33	1,14	1,98	2,48	0,94	1,22	2,06	5,11
1085	1,33	1,14	1,98	2,50	0,92	1,33	2,05	5,09
1086	1,32	1,15	1,97	2,51	0,94	1,24	2,06	5,09
1087	1,32	1,15	1,97	2,50	0,94	1,25	2,05	5,09
1088	1,35	1,14	1,98	2,50	1,01	1,24	2,02	5,12
1089	1,35	1,12	1,97	2,51	0,92	1,24	2,03	5,07
1090	1,32	1,14	1,97	2,48	0,90	1,24	2,03	5,09
1091	1,30	1,15	1,97	2,48	0,91	1,25	2,05	5,11
1092	1,33	1,14	2,00	2,50	0,90	1,22	2,06	5,12
1093	1,33	1,14	1,98	2,48	0,92	1,25	2,03	5,07
1094	1,33	1,14	1,98	2,50	0,94	1,22	2,05	5,09
1095	1,29	1,12	1,96	2,48	1,00	1,22	2,02	5,09
1096	1,29	1,11	1,96	2,47	1,04	1,21	2,02	5,09
1097	1,32	1,15	2,00	2,48	0,94	1,24	2,02	5,07
1098	1,31	1,11	1,98	2,48	1,04	1,25	2,05	5,11
1099	1,31	1,12	1,96	2,45	1,03	1,21	2,03	5,11
1100	1,31	1,14	1,98	2,50	0,92	1,20	2,05	5,12
1101	1,31	1,12	1,98	2,56	0,91	1,22	2,05	5,12
1102	1,31	1,12	1,96	2,59	0,91	1,22	2,03	5,11
1103	1,31	1,12	1,98	2,61	0,91	1,22	2,03	5,09
1104	1,33	1,11	1,96	2,58	0,94	1,22	2,06	5,12
1105	1,32	1,11	2,00	2,61	0,91	1,21	2,02	5,11
1106	1,32	1,12	1,97	2,59	0,82	1,22	2,03	5,11
1107	1,31	1,12	1,98	2,58	0,82	1,21	2,03	5,09
1108	1,33	1,14	1,97	2,62	0,83	1,22	2,03	5,11
1109	1,35	1,11	1,97	2,61	0,82	1,22	2,03	5,12
1110	1,32	1,11	1,98	2,59	0,91	1,20	2,01	5,11
1111	1,33	1,12	1,88	2,61	0,91	1,21	2,03	5,16
1112	1,21	1,14	1,91	2,61	0,92	1,20	2,03	5,12
1113	1,31	1,12	1,89	2,61	0,94	1,21	2,05	5,12
1114	1,35	1,11	1,91	2,62	0,94	1,22	2,05	5,07
1115	1,21	1,12	1,87	2,59	0,83	1,22	2,06	5,11
1116	1,31	1,14	1,87	2,61	0,94	1,25	2,05	5,12
1117	1,31	1,12	1,87	2,58	0,91	1,24	2,03	5,14
1118	1,32	1,14	1,87	2,62	0,94	1,20	2,03	5,14
1119	1,29	1,12	1,89	2,59	0,90	1,22	2,02	5,11
1120	1,30	1,14	1,89	2,62	0,95	1,24	2,17	5,11
1121	1,33	1,10	1,88	2,59	0,94	1,20	2,02	5,14
1122	1,32	1,11	1,88	2,62	0,91	1,22	2,16	5,11
1123	1,30	1,11	1,87	2,48	0,94	1,24	2,16	5,12
1124	1,33	1,11	1,89	2,48	0,92	1,22	2,16	5,14
1125	1,31	1,12	1,89	2,62	1,04	1,22	2,14	5,09
1126	1,33	1,14	1,88	2,62	1,03	1,22	2,14	5,09
1127	1,33	1,14	1,88	2,59	1,01	1,22	2,16	5,16
1128	1,33	1,14	1,88	2,61	1,03	1,22	2,14	5,12
1129	1,33	1,14	1,89	2,62	1,14	1,22	2,16	5,11
1130	1,31	1,10	1,87	2,59	1,13	1,24	2,16	5,25
1131	1,31	1,14	1,88	2,59	1,13	1,24	2,16	5,25
1132	1,35	1,14	1,92	2,62	1,13	1,24	2,17	5,25
1133	1,33	1,14	1,91	2,61	1,04	1,22	2,14	5,24
1134	1,33	1,11	1,88	2,61	1,05	1,24	2,17	5,24
1135	1,32	1,12	1,89	2,62	1,05	1,25	2,17	5,25
1136	1,32	1,11	1,89	2,59	1,03	1,24	2,16	5,25
1137	1,33	1,14	2,00	2,58	1,01	1,21	2,17	5,24
1138	1,30	1,14	2,00	2,61	1,16	1,28	2,07	5,29
1139	1,32	1,14	1,97	2,56	1,12	1,24	2,03	5,22
1140	1,31	1,14	1,97	2,61	1,13	1,22	2,14	5,22
1141	1,33	1,11	2,00	2,59	1,04	1,22	2,16	5,24
1142	1,32	1,14	1,98	2,59	1,01	1,22	2,17	5,24
1143	1,32	1,14	2,00	2,59	1,03	1,26	2,16	5,25
1144	1,21	1,12	1,98	2,59	1,03	1,24	2,06	5,27
1145	1,23	1,14	1,97	2,48	1,03	1,24	2,14	5,24
1146	1,21	1,14	2,00	2,50	1,04	1,20	2,02	5,22
1147	1,33	1,12	2,00	2,61	1,07	1,25	2,14	5,22
1148	1,32	1,14	1,98	2,62	0,94	1,24	2,16	5,25
1149	1,32	1,14	2,01	2,65	0,95	1,34	2,16	5,24
1150	1,35	1,15	2,00	2,62	1,03	1,31	2,14	5,25
1151	1,31	1,14	1,96	2,59	1,05	1,24	2,05	5,24
1152	1,32	1,14	2,00	2,56	1,05	1,25	2,05	5,22
1153	1,30	1,15	1,98	2,62	1,01	1,26	2,06	5,20
1154	1,31	1,11	2,00	2,59	1,03	1,24	2,16	5,24
1155	1,32	1,18	1,97	2,59	1,14	1,22	2,16	5,22
1156	1,21	1,11	1,98	2,61	1,12	1,26	2,14	5,24
1157	1,21	1,14	1,97	2,47	1,14	1,22	2,14	5,24
1158	1,24	1,14	1,98	2,59	1,03	1,25	2,17	5,24
1159	1,35	1,11	1,97	2,61	1,04	1,22	2,16	5,22
1160	1,32	1,14	1,98	2,61	1,00	1,34	2,03	5,24
1161	1,33	1,14	1,98	2,62	1,03	1,24	2,16	5,22
1162	1,32	1,11	1,98	2,61	1,03	1,24	2,16	5,22
1163	1,32	1,14	2,00	2,62	1,03	1,22	2,14	5,27
1164	1,33	1,14	1,98	2,59	1,05	1,22	2,14	5,22
1165	1,32	1,11	1,97	2,48	1,04	1,24	2,06	5,27
1166	1,32	1,12	1,97	2,48	1,00	1,22	2,05	5,22
1167	1,33	1,16	1,97	2,48	1,05	1,24	2,05	5,24
1168	1,23	1,12	1,98	2,50	1,03	1,24	2,05	5,27
1169	1,35	1,11	1,98	2,48	1,01	1,24	2,02	5,20
1170	1,32	1,14	1,97	2,48	0,94	1,24	2,06	5,24
1171	1,33	1,14	2,00	2,51	1,03	1,24	2,05	5,24
1172	1,33	1,14	1,96	2,48	1,03	1,21	2,06	5,24
1173	1,32	1,14	2,00	2,48	1,03	1,21	2,06	5,24
1174	1,31	1,14	1,98	2,48	1,04	1,22	2,05	5,19
1175	1,31	1,12	1,98	2,40	1,01	1,22	2,03	5,22
1176	1,30	1,14	1,97	2,48	1,01	1,24	2,06	5,24
1177	1,30	1,15	1,97	2,39	1,04	1,21	2,06	5,22
1178	1,21	1,11	1,97	2,37	0,99	1,24	2,03	5,24
1179	1,25	1,12	1,95	2,37	1,04	1,25	2,05	5,22
1180	1,24	1,11	1,98	2,41	1,01	1,24	2,05	5,20
1181	1,23	1,12	1,97	2,37	1,04	1,25	2,05	5,27
1182	1,33	1,11	1,97	2,51	1,04	1,22	2,05	5,25
1183	1,31	1,14	2,00	2,48	1,05	1,24	2,07	5,25
1184	1,23	1,11	1,98	2,37	1,12	1,24	2,07	5,25
1185	1,23	1,12	2,00	2,39	1,13	1,24	2,07	5,25
1186	1,21	1,15	1,97	2,37	1,25	1,24	2,03	5,24
1187	1,23	1,15	1,98	2,39	1,22	1,22	2,06	5,24
1188	1,26	1,12	1,97	2,36	1,23	1,26	2,03	5,22
1189	1,33	1,11	1,97	2,50	1,23	1,22	2,03	5,20
1190	1,33	1,14	1,97	2,51	1,22	1,24	2,03	5,20
1191	1,31	1,12	1,97	2,37	1,21	1,24	2,05	5,24
1192	1,31	1,14	2,01	2,40	1,25	1,22	2,01	5,20
1193	1,32	1,14	1,96	2,39	1,23	1,22	2,03	5,22
1194	1,33	1,10	1,96	2,37	1,13	1,24	2,06	5,22
1195	1,35	1,12	1,95	2,39	1,12	1,24	2,06	5,24
1196	1,31	1,15	1,98	2,37	1,13	1,22	2,06	5,22
1197	1,30	1,14	1,96	2,39	1,23	1,25	2,05	5,25
1198	1,31	1,12	1,96	2,41	1,22	1,21	2,03	5,24
1199	1,33	1,14	1,98	2,39	1,26	1,21	2,03	5,24
1200	1,30	1,11	1,98	2,36	1,23	1,24	2,02	5,20
1201	1,30	1,14	1,98	2,40	1,14	1,22	2,06	5,24
1202	1,32	1,12	1,97	2,37	1,14	1,24	2,06	5,24
1203	1,32	1,12	1,95	2,37	1,09	1,21	2,05	5,24
1204	1,30	1,10	1,98	2,39	1,12	1,20	2,06	5,24
1205	1,32	1,12	1,98	2,40	1,14	1,24	2,05	5,22
1206	1,32	1,12	1,98	2,39	1,01	1,26	2,05	5,20
1207	1,35	1,14	1,98	2,37	1,16	1,25	2,03	5,25
1208	1,32	1,11	1,98	2,37	1,26	1,24	2,05	5,22
1209	1,32	1,12	1,96	2,39	1,23	1,20	2,06	5,22
1210	1,31	1,14	1,98	2,40	1,23	1,34	2,03	5,24
1211	1,32	1,14	1,97	2,40	1,25	1,34	2,06	5,22
1212	1,23	1,24	2,10	2,39	1,22	1,34	2,03	5,22
1213	1,33	1,12	2,08	2,40	1,13	1,22	2,06	5,24
1214	1,21	1,14	1,97	2,26	1,16	1,25	2,03	5,25
1215	1,24	1,24	1,98	2,26	1,14	1,24	2,05	5,24
1216	1,21	1,11	2,08	2,29	1,14	1,25	2,06	5,25
1217	1,24	1,24	2,06	2,29	1,12	1,24	2,05	5,25
1218	1,31	1,15	2,08	2,27	1,16	1,33	2,03	5,27
1219	1,33	1,14	2,09	2,29	1,17	1,24	2,05	5,27
1220	1,33	1,14	2,10	2,39	1,07	1,35	2,06	5,27
1221	1,35	1,12	2,08	2,40	1,04	1,35	2,05	5,25
1222	1,33	1,24	2,06	2,47	1,16	1,31	2,06	5,24
1223	1,31	1,14	2,10	2,50	1,07	1,34	2,07	5,25
1224	1,32	1,20	2,06	2,48	1,03	1,33	2,03	5,20
1225	1,32	1,24	2,10	2,51	1,04	1,33	2,07	5,24
1226	1,31	1,23	2,09	2,51	1,05	1,22	2,05	5,24
1227	1,31	1,21	2,06	2,51	1,04	1,38	2,05	5,20
1228	1,31	1,23	2,08	2,48	1,14	1,21	2,06	5,22
1229	1,31	1,21	2,08	2,47	1,16	1,31	2,06	5,25
1230	1,32	1,23	2,06	2,47	1,14	1,22	2,03	5,20
1231	1,32	1,21	2,08	2,47	1,04	1,24	2,01	5,24
1232	1,24	1,25	2,00	2,40	1,03	1,25	2,06	5,22
1233	1,25	1,21	2,09	2,39	1,04	1,26	2,05	5,24
1234	1,32	1,23	2,05	2,51	1,03	1,25	2,05	5,24
1235	1,32	1,25	2,08	2,41	1,03	1,22	2,13	5,35
1236	1,33	1,21	2,08	2,39	1,07	1,22	2,05	5,37
1237	1,33	1,24	2,10	2,40	1,04	1,24	2,17	5,38
1238	1,33	1,24	2,06	2,50	1,04	1,35	2,14	5,37
1239	1,33	1,24	2,09	2,48	1,04	1,35	2,05	5,34
1240	1,32	1,24	1,98	2,51	1,04	1,34	2,14	5,35
1241	1,33	1,21	1,98	2,52	1,07	1,35	2,16	5,38
1242	1,32	1,23	1,98	2,48	0,91	1,22	2,17	5,34
1243	1,33	1,21	1,98	2,50	1,04	1,34	2,16	5,38
1244	1,31	1,23	1,97	2,47	1,05	1,33	2,06	5,35
1245	1,32	1,23	1,97	2,52	1,03	1,22	2,03	5,37
1246	1,32	1,24	1,98	2,48	0,92	1,24	2,14	5,35
1247	1,32	1,24	2,00	2,52	0,91	1,24	2,02	5,35
1248	1,32	1,24	1,97	2,48	0,94	1,24	2,14	5,37
1249	1,29	1,23	1,98	2,51	0,95	1,25	2,14	5,37
1250	1,31	1,25	2,00	2,39	0,94	1,21	2,11	5,37
1251	1,33	1,24	1,97	2,39	0,95	1,22	2,06	5,37
1252	1,32	1,24	1,97	2,37	0,96	1,24	2,03	5,35
1253	1,32	1,24	2,00	2,39	0,92	1,24	2,05	5,37
1254	1,31	1,24	2,00	2,34	0,94	1,24	2,02	5,37
1255	1,32	1,12	2,00	2,39	0,94	1,22	2,05	5,34
1256	1,31	1,24	1,98	2,40	0,94	1,24	2,03	5,35
1257	1,33	1,12	1,98	2,39	0,95	1,25	2,05	5,35
1258	1,31	1,21	1,97	2,40	0,92	1,22	2,05	5,37
1259	1,32	1,23	1,97	2,37	0,91	1,24	2,03	5,34
1260	1,30	1,23	1,98	2,39	0,95	1,24	2,03	5,37
1261	1,33	1,24	1,97	2,36	0,91	1,22	2,06	5,38
1262	1,33	1,23	1,96	2,36	0,95	1,22	2,06	5,37
1263	1,32	1,23	1,97	2,36	0,91	1,24	2,05	5,38
1264	1,33	1,25	1,98	2,37	1,07	1,21	2,05	5,34
1265	1,30	1,23	1,98	2,39	1,04	1,26	2,06	5,35
1266	1,33	1,24	1,98	2,50	1,00	1,22	2,06	5,35
1267	1,43	1,25	2,00	2,39	0,95	1,21	2,06	5,35
1268	1,42	1,21	2,00	2,37	0,92	1,24	2,03	5,35
1269	1,41	1,16	1,97	2,47	0,95	1,22	2,07	5,35
1270	1,41	1,11	2,00	2,48	0,95	1,22	2,06	5,37
1271	1,42	1,12	1,96	2,47	0,92	1,21	2,06	5,24
1272	1,33	1,12	2,00	2,37	0,91	1,22	2,05	5,35
1273	1,32	1,14	1,97	2,39	0,92	1,21	2,05	5,20
1274	1,31	1,14	2,00	2,50	0,92	1,24	2,05	5,24
1275	1,31	1,14	2,00	2,40	0,82	1,25	2,05	5,22
1276	1,33	1,14	2,00	2,39	0,85	1,22	2,06	5,25
1277	1,32	1,12	1,89	2,36	0,85	1,21	2,06	5,25
1278	1,30	1,12	1,87	2,40	0,82	1,24	2,05	5,22
1279	1,21	1,12	1,85	2,27	0,81	1,13	2,03	5,24
1280	1,24	1,14	1,87	2,25	0,82	1,24	2,03	5,22
1281	1,23	1,12	1,89	2,29	0,81	1,22	2,03	5,22
1282	1,32	1,11	1,85	2,26	0,83	1,25	2,06	5,20
1283	1,31	1,11	1,98	2,29	0,83	1,24	2,05	5,24
1284	1,31	1,14	1,89	2,36	0,86	1,22	2,06	5,24
1285	1,35	1,15	1,89	2,39	0,82	1,21	2,06	5,22
1286	1,31	1,14	1,89	2,39	0,82	1,25	2,06	5,22
1287	1,35	1,14	1,91	2,29	0,83	1,21	2,02	5,20
1288	1,33	1,14	1,87	2,26	0,83	1,26	2,05	5,29
1289	1,35	1,16	1,89	2,29	0,82	1,25	2,05	5,35
1290	1,31	1,12	1,88	2,29	0,83	1,25	2,06	5,35
1291	1,33	1,14	1,88	2,25	0,82	1,24	2,03	5,38
1292	1,24	1,11	1,88	2,27	0,82	1,22	2,03	5,34
1293	1,21	1,15	1,88	2,26	0,82	1,22	2,05	5,35
1294	1,24	1,15	1,91	2,27	0,83	1,24	2,03	5,35
1295	1,23	1,14	1,87	2,25	0,82	1,22	2,02	5,35
1296	1,23	1,14	1,91	2,29	0,83	1,24	2,03	5,38
1297	1,26	1,14	1,89	2,27	0,86	1,28	2,06	5,38
1298	1,32	1,14	1,88	2,40	0,94	1,22	2,02	5,37
1299	1,33	1,12	1,87	2,39	0,95	1,24	2,05	5,20
1300	1,33	1,12	1,89	2,40	0,95	1,24	2,06	5,24
1301	1,41	1,14	1,88	2,37	0,94	1,25	2,03	5,24
1302	1,31	1,11	1,89	2,39	0,82	1,26	2,03	5,25
1303	1,32	1,11	1,89	2,41	0,83	1,26	2,06	5,24
1304	1,31	1,14	1,88	2,39	0,82	1,25	2,05	5,27
1305	1,31	1,18	1,89	2,39	0,89	1,22	2,05	5,25
1306	1,32	1,15	1,88	2,39	0,94	1,24	2,07	5,29
1307	1,33	1,12	1,88	2,37	0,92	1,24	2,03	5,22
1308	1,35	1,14	1,87	2,43	1,03	1,22	2,05	5,27
1309	1,32	1,11	1,88	2,37	1,03	1,22	2,03	5,22
1310	1,33	1,14	1,91	2,27	1,03	1,24	2,05	5,25
1311	1,32	1,12	1,85	2,30	1,01	1,25	2,03	5,35
1312	1,33	1,12	1,85	2,29	1,05	1,22	2,14	5,37
1313	1,33	1,14	1,87	2,27	0,95	1,24	2,06	5,37
1314	1,32	1,15	1,98	2,39	0,94	1,25	2,14	5,42
1315	1,43	1,15	1,98	2,40	0,95	1,24	2,13	5,37
1316	1,42	1,11	1,98	2,37	0,94	1,24	2,16	5,38
1317	1,43	1,14	2,01	2,48	0,94	1,22	2,17	5,37
1318	1,42	1,16	1,98	2,50	1,04	1,25	2,14	5,37
1319	1,41	1,12	2,00	2,50	1,13	1,25	2,17	5,37
1320	1,43	1,14	2,00	2,39	1,14	1,24	2,16	5,37
1321	1,35	1,12	2,00	2,40	1,14	1,24	2,17	5,38
1322	1,31	1,12	1,98	2,37	1,10	1,24	2,14	5,34
1323	1,43	1,15	2,00	2,39	1,14	1,25	2,17	5,38
1324	1,32	1,14	2,02	2,40	1,17	1,24	2,14	5,38
1325	1,33	1,12	2,00	2,39	1,04	1,25	2,13	5,37
1326	1,30	1,11	1,98	2,29	1,03	1,22	2,14	5,37
1327	1,32	1,14	1,98	2,29	1,04	1,25	2,13	5,38
1328	1,32	1,14	1,97	2,40	0,94	1,24	2,16	5,37
1329	1,42	1,16	2,00	2,39	0,94	1,25	2,16	5,34
1330	1,42	1,10	2,01	2,39	0,95	1,24	2,16	5,37
1331	1,42	1,15	2,00	2,39	0,91	1,24	2,13	5,38
1332	1,44	1,15	1,89	2,37	0,94	1,22	2,13	5,40
1333	1,32	1,12	1,92	2,29	0,94	1,24	2,16	5,40
1334	1,33	1,14	1,88	2,27	0,86	1,25	2,16	5,34
1335	1,33	1,12	1,89	2,29	0,83	1,25	2,16	5,40
1336	1,32	1,12	1,89	2,27	0,85	1,24	2,14	5,40
1337	1,41	1,14	1,97	2,41	0,95	1,25	2,17	5,37
1338	1,43	1,16	1,88	2,40	1,04	1,24	2,14	5,40
1339	1,42	1,14	1,85	2,50	1,14	1,24	2,17	5,38
1340	1,42	1,15	1,89	2,51	1,12	1,25	2,16	5,40
1341	1,40	1,14	1,91	2,51	1,03	1,22	2,06	5,40
1342	1,41	1,14	1,91	2,50	1,04	1,22	2,17	5,40
1343	1,42	1,12	1,89	2,50	0,94	1,24	2,14	5,37
1344	1,33	1,14	1,89	2,50	0,94	1,24	2,16	5,37
1345	1,41	1,12	1,89	2,48	0,91	1,24	2,16	5,37
1346	1,42	1,11	1,85	2,51	0,92	1,25	2,16	5,34
1347	1,32	1,12	1,89	2,50	0,94	1,24	2,17	5,37
1348	1,30	1,14	1,88	2,48	0,92	1,22	2,17	5,37
1349	1,33	1,14	1,88	2,50	0,91	1,26	2,16	5,37
1350	1,33	1,14	1,91	2,50	0,94	1,22	2,16	5,37
1351	1,31	1,14	1,85	2,37	0,85	1,24	2,16	5,38
1352	1,32	1,15	1,89	2,37	0,85	1,25	2,16	5,38
1353	1,31	1,16	1,89	2,50	0,94	1,22	2,18	5,37
1354	1,41	1,14	1,89	2,51	0,92	1,24	2,13	5,35
1355	1,41	1,14	1,89	2,51	0,94	1,26	2,16	5,37
1356	1,43	1,14	1,87	2,59	0,82	1,22	2,13	5,51
1357	1,41	1,14	1,87	2,58	0,81	1,24	2,13	5,50
1358	1,42	1,11	1,89	2,48	0,85	1,22	2,13	5,48
1359	1,41	1,12	1,96	2,51	0,82	1,21	2,18	5,47
1360	1,32	1,15	2,00	2,51	0,82	1,21	2,14	5,51
1361	1,33	1,14	2,01	2,51	0,94	1,26	2,17	5,50
1362	1,31	1,11	1,97	2,51	0,94	1,25	2,17	5,48
1363	1,33	1,14	1,96	2,51	0,94	1,25	2,17	5,50
1364	1,33	1,15	1,98	2,48	1,04	1,24	2,14	5,48
1365	1,32	1,12	1,95	2,51	1,03	1,25	2,16	5,50
1366	1,33	1,11	1,98	2,51	1,04	1,24	2,16	5,50
1367	1,32	1,12	1,97	2,48	0,91	1,26	2,13	5,50
1368	1,30	1,14	2,01	2,39	0,91	1,21	2,02	5,38
1369	1,32	1,14	1,96	2,39	0,92	1,24	2,11	5,47
1370	1,30	1,14	1,98	2,36	0,95	1,22	2,14	5,50
1371	1,31	1,14	1,98	2,36	0,94	1,24	2,14	5,48
1372	1,33	1,12	1,96	2,48	0,92	1,22	2,17	5,48
1373	1,44	1,15	1,97	2,51	0,91	1,25	2,07	5,48
1374	1,41	1,14	1,97	2,48	0,92	1,24	2,05	5,48
1375	1,41	1,14	1,97	2,47	1,00	1,20	2,03	5,47
1376	1,41	1,12	1,98	2,34	1,03	1,24	2,03	5,48
1377	1,40	1,15	2,00	2,37	1,03	1,22	2,05	5,50
1378	1,43	1,14	1,98	2,37	1,03	1,25	2,06	5,48
1379	1,42	1,12	1,98	2,37	1,03	1,22	2,06	5,50
1380	1,42	1,12	1,98	2,36	1,12	1,24	2,05	5,55
1381	1,42	1,14	1,87	2,40	1,14	1,22	2,02	5,50
1382	1,41	1,11	2,01	2,27	1,13	1,25	2,06	5,48
1383	1,31	1,11	2,00	2,27	1,12	1,22	2,03	5,50
1384	1,32	1,11	1,97	2,25	1,13	1,24	2,05	5,53
1385	1,42	1,15	1,97	2,29	1,12	1,24	2,03	5,51
1386	1,41	1,14	2,00	2,40	1,25	1,20	2,17	5,50
1387	1,42	1,12	1,97	2,37	1,14	1,21	2,05	5,50
1388	1,43	1,14	1,98	2,37	1,13	1,22	2,05	5,48
1389	1,42	1,14	2,00	2,48	1,13	1,22	2,03	5,48
1390	1,42	1,11	1,98	2,39	1,12	1,24	2,07	5,50
1391	1,42	1,12	2,00	2,39	1,13	1,25	2,06	5,48
1392	1,43	1,11	1,98	2,39	1,03	1,22	2,05	5,50
1393	1,42	1,15	1,98	2,40	1,01	1,25	2,02	5,50
1394	1,43	1,14	2,01	2,39	1,03	1,24	2,06	5,50
1395	1,41	1,12	1,96	2,37	1,01	1,25	2,06	5,48
1396	1,43	1,11	1,97	2,39	1,01	1,25	2,06	5,50
1397	1,41	1,14	1,98	2,37	1,05	1,25	2,13	5,51
1398	1,41	1,24	1,96	2,40	1,04	1,22	2,03	5,51
1399	1,42	1,14	2,01	2,37	1,12	1,24	2,07	5,51
1400	1,42	1,14	1,98	2,39	1,05	1,24	2,03	5,48
1401	1,42	1,24	2,00	2,40	1,12	1,22	2,03	5,48
1402	1,42	1,12	2,00	2,39	1,16	1,24	2,03	5,50
1403	1,42	1,11	1,98	2,39	1,25	1,21	2,06	5,51
1404	1,42	1,11	1,98	2,39	1,23	1,21	2,06	5,50
1405	1,40	1,14	2,01	2,37	1,10	1,22	2,05	5,48
1406	1,43	1,14	1,98	2,40	1,10	1,25	2,05	5,51
1407	1,43	1,15	2,00	2,40	1,14	1,25	2,03	5,48
1408	1,42	1,11	1,98	2,39	1,03	1,25	2,05	5,50
1409	1,43	1,11	1,97	2,40	1,03	1,24	2,03	5,51
1410	1,43	1,11	2,00	2,39	1,01	1,24	2,02	5,51
1411	1,42	1,12	1,96	2,39	1,01	1,24	2,02	5,50
1412	1,40	1,14	1,97	2,40	1,03	1,22	2,06	5,48
1413	1,40	1,14	1,97	2,37	1,01	1,22	2,03	5,50
1414	1,40	1,16	2,00	2,36	1,03	1,20	2,02	5,48
1415	1,40	1,14	2,00	2,36	1,01	1,24	2,06	5,48
1416	1,41	1,12	1,98	2,39	1,01	1,22	2,05	5,51
1417	1,41	1,16	1,96	2,37	1,01	1,21	2,01	5,45
1418	1,44	1,15	1,98	2,37	1,01	1,22	2,18	5,51
1419	1,41	1,15	1,98	2,27	1,04	1,21	2,11	5,48
1420	1,40	1,15	2,01	2,25	1,00	1,22	2,03	5,50
1421	1,43	1,12	2,00	2,29	1,04	1,21	2,14	5,48
1422	1,40	1,12	1,97	2,27	0,96	1,13	2,03	5,50
1423	1,42	1,16	1,96	2,26	0,92	1,22	2,06	5,48
1424	1,42	1,12	1,98	2,26	0,94	1,24	2,03	5,45
1425	1,42	1,11	2,00	2,27	0,90	1,24	2,06	5,48
1426	1,42	1,12	1,97	2,27	0,90	1,21	2,02	5,53
1427	1,41	1,12	1,87	2,29	0,92	1,43	2,03	5,50
1428	1,42	1,12	2,00	2,25	0,92	1,46	2,03	5,47
1429	1,38	1,12	1,97	2,25	0,95	1,43	2,02	5,50
1430	1,31	1,16	2,00	2,29	-0,07	-0,07	-0,09	-0,02
1431	1,31	1,11	1,97	2,18	-0,07	-0,06	-0,11	0,03
1432	1,43	1,12	2,00	2,29	-0,09	-0,07	-0,09	0,01
1433	1,42	1,14	2,01	2,29	-0,09	-0,09	-0,07	0,01
1434	1,31	1,14	1,97	2,27	-0,07	-0,05	-0,09	-0,01
1435	1,42	1,12	1,88	2,26	0,01	0,05	-0,08	-0,01
1436	-0,01	0,19	0,26	-0,12	0,02	0,05	-0,09	-0,01
1437	-0,02	0,19	0,24	-0,12	0,01	0,02	-0,11	0,01
1438	0,01	0,20	0,27	-0,09	0,02	0,06	-0,09	-0,01
1439	-0,01	0,21	0,26	-0,12	0,14	0,05	-0,11	0,03
1440	-0,01	0,19	0,27	-0,11	0,10	0,05	-0,09	0,03
1441	-0,02	0,19	0,24	-0,11	0,10	0,03	-0,09	0,01
1442	-0,01	0,20	0,26	-0,12	0,11	0,02	-0,11	-0,04
1443	-0,02	0,19	0,24	-0,11	0,11	0,02	-0,11	-0,01
1444	0,03	0,23	0,27	-0,09	0,14	0,05	-0,08	-0,02
1445	-0,01	0,20	0,26	-0,11	0,11	0,03	-0,09	-0,02
1446	-0,02	0,21	0,23	-0,12	0,11	0,03	-0,11	-0,01
1447	-0,03	0,21	0,24	-0,17	0,11	0,05	-0,09	-0,01
1448	-0,03	0,21	0,23	-0,19	0,10	0,02	-0,08	0,03
1449	0,01	0,20	0,26	-0,17	0,02	0,03	-0,09	0,03
1450	0,01	0,19	0,24	-0,17	0,02	0,01	-0,07	-0,02
1451	-0,03	0,20	0,24	-0,19	-0,00	0,05	-0,11	-0,01
1452	-0,02	0,19	0,26	-0,16	-0,00	0,05	0,02	0,03
1453	-0,04	0,21	0,23	-0,29	0,01	0,03	0,02	0,01
1454	-0,03	0,20	0,26	-0,27	0,05	0,02	-0,11	0,01
1455	-0,01	0,19	0,24	-0,19	0,02	0,03	0,00	0,01
1456	0,01	0,19	0,24	-0,17	0,11	0,01	0,03	0,01
1457	-0,01	0,20	0,24	-0,19	0,11	0,03	-0,07	-0,02
1458	-0,03	0,20	0,24	-0,20	-0,00	0,03	0,02	0,12
1459	-0,02	0,17	0,24	-0,19	-0,00	0,01	0,02	0,12
1460	-0,02	0,19	0,35	-0,09	0,02	0,01	-0,07	0,14
1461	-0,02	0,21	0,35	-0,11	0,01	0,02	0,02	-0,01
1462	-0,03	0,16	0,26	-0,09	-0,09	0,03	0,03	-0,01
1463	-0,02	0,21	0,24	-0,17	-0,12	-0,09	0,02	0,03
1464	-0,02	0,19	0,23	-0,19	-0,09	0,02	-0,04	-0,01
1465	-0,03	0,19	0,22	-0,16	-0,11	0,06	0,00	-0,02
1466	-0,02	0,19	0,24	-0,19	-0,11	0,06	-0,01	0,16
1467	-0,02	0,20	0,24	-0,17	-0,11	0,01	0,02	0,01
1468	-0,02	0,19	0,26	-0,17	-0,12	0,01	0,03	0,03
1469	-0,03	0,20	0,22	-0,09	-0,09	0,02	0,00	-0,02
1470	-0,01	0,20	0,26	-0,13	-0,07	0,03	0,02	-0,01
1471	0,01	0,19	0,24	-0,12	-0,07	0,02	0,00	-0,01
1472	-0,01	0,21	0,24	-0,11	-0,09	0,02	0,02	-0,01
1473	-0,01	0,21	0,36	-0,12	-0,11	0,06	0,00	0,01
1474	-0,01	0,21	0,36	-0,15	-0,09	0,03	0,03	-0,01
1475	-0,02	0,20	0,33	-0,19	0,01	0,02	0,00	-0,01
1476	-0,01	0,20	0,33	-0,17	-0,11	-0,07	-0,09	0,01
1477	-0,03	0,23	0,35	-0,17	0,01	-0,07	0,02	0,03
1478	-0,03	0,20	0,35	-0,16	-0,07	0,11	-0,09	0,01
1479	0,01	0,23	0,33	-0,17	-0,11	0,11	-0,09	-0,02
1480	-0,02	0,21	0,35	-0,16	-0,08	0,10	-0,09	-0,01
1481	0,07	0,20	0,37	-0,11	-0,00	0,12	-0,07	-0,02
1482	0,09	0,20	0,33	-0,11	0,02	0,14	-0,11	-0,01
1483	0,09	0,21	0,35	-0,08	0,01	0,12	-0,12	-0,01
1484	-0,03	0,23	0,36	-0,09	0,01	0,10	-0,09	0,01
1485	-0,01	0,20	0,33	-0,11	0,01	0,10	-0,08	0,03
1486	-0,01	0,21	0,36	-0,08	0,01	0,12	-0,09	-0,01
1487	-0,02	0,20	0,36	-0,11	-0,09	0,10	-0,11	-0,04
1488	-22,49	0,20	0,37	-0,11	-0,04	0,12	-0,11	-0,01
1489	-41,40	0,20	0,36	-0,17	-0,08	0,10	-0,09	-0,01
1490	-37,78	0,19	0,33	-0,19	-0,09	0,10	-0,12	0,01
1491	-37,43	0,20	0,32	-0,16	0,03	0,11	-0,09	0,01
1492	-0,18	0,23	0,37	-0,30	0,01	0,10	-0,12	-0,01
1493	-0,16	0,21	0,35	-0,16	0,02	0,11	-0,11	-0,01
1494	-0,01	0,19	0,33	-0,19	-0,00	0,11	-0,11	0,01
1495	0,27	0,20	0,27	-0,17	0,11	0,11	-0,11	0,01
1496	0,54	0,20	0,32	-0,17	0,10	0,08	-0,09	0,01
1497	0,64	0,20	0,35	-0,16	0,11	0,12	-0,09	0,03
1498	1,13	0,20	0,37	-0,17	0,11	0,10	-0,09	0,01
1499	1,51	0,16	0,39	-0,11	-0,02	0,10	-0,09	0,01
1500	2,37	0,23	0,37	-0,19	0,05	0,11	-0,11	0,01
1501	2,94	0,19	0,36	-0,12	-0,00	0,10	-0,09	-0,01
1502	3,43	0,17	0,36	-0,13	0,02	0,10	-0,09	0,04
1503	3,89	0,94	0,37	-0,11	0,01	0,10	-0,08	0,01
1504	4,06	1,57	0,36	-0,08	0,01	0,11	-0,13	0,01
1505	4,00	2,18	0,35	-0,13	0,02	0,08	-0,11	-0,02
1506	3,70	2,81	0,33	-0,12	-0,00	0,11	-0,08	-0,01
1507	3,54	3,63	0,36	-0,11	-0,02	0,10	-0,08	0,03
1508	3,32	3,85	0,39	-0,12	0,01	0,08	-0,11	0,03
1509	3,11	4,15	0,36	-0,11	0,02	0,10	-0,08	-0,01
1510	3,04	4,26	0,76	-0,11	0,02	0,11	-0,07	0,01
1511	2,96	4,15	1,58	-0,11	0,02	0,08	-0,09	0,01
1512	2,94	3,92	2,37	-0,17	-0,00	0,10	-0,11	0,01
1513	2,82	3,72	2,70	-0,17	-0,09	0,10	-0,07	-0,01
1514	2,75	3,60	3,22	-0,22	-0,09	0,07	-0,11	-0,02
1515	2,76	3,52	3,42	-0,19	-0,09	0,10	-0,09	0,01
1516	2,75	3,43	3,31	-0,12	-0,09	0,08	-0,09	-0,01
1517	2,65	3,30	3,32	0,55	-0,09	0,08	-0,11	-0,01
1518	2,66	3,20	3,30	1,20	-0,11	0,10	-0,08	0,01
1519	2,55	3,22	3,32	1,86	-0,08	0,07	-0,08	0,03
1520	2,54	3,20	3,32	2,83	0,02	0,08	-0,11	-0,02
1521	2,58	3,11	3,30	3,53	0,02	0,12	-0,12	-0,01
1522	2,57	3,14	3,30	3,45	0,11	0,11	-0,08	-0,04
1523	2,57	3,10	3,34	3,46	0,01	0,12	-0,08	0,01
1524	2,57	3,10	3,22	3,33	0,20	0,10	-0,09	-0,01
1525	2,48	3,02	3,22	3,33	0,51	0,10	-0,09	-0,01
1526	2,46	3,01	3,19	3,34	0,83	0,12	-0,09	-0,01
1527	2,48	3,03	3,23	3,37	1,45	0,08	-0,11	0,03
1528	2,48	3,03	3,19	3,35	2,14	0,10	-0,09	-0,02
1529	2,47	3,02	3,29	3,38	2,67	0,12	-0,08	0,03
1530	2,47	3,01	3,22	3,35	2,99	0,08	-0,08	0,03
1531	2,47	3,01	3,19	3,46	3,05	0,12	-0,09	0,01
1532	2,47	3,01	3,23	3,46	3,07	0,23	-0,07	-0,01
1533	2,36	3,01	3,21	3,46	2,96	0,61	-0,08	0,01
1534	2,37	2,89	3,23	3,48	2,95	1,05	-0,09	0,01
1535	2,38	2,91	3,21	3,48	2,86	1,47	-0,09	0,04
1536	2,35	2,87	3,25	3,44	2,86	2,03	-0,12	-0,01
1537	2,37	2,90	3,18	3,45	2,88	2,47	-0,09	0,01
1538	2,36	2,90	3,23	3,45	2,96	2,65	-0,09	-0,01
1539	2,35	2,93	3,21	3,45	2,86	2,56	-0,09	0,01
1540	2,37	2,90	3,22	3,31	2,86	3,09	-0,09	-0,02
1541	2,37	2,89	3,22	3,37	2,88	3,00	-0,12	-0,02
1542	2,37	2,90	3,21	3,37	2,94	3,20	-0,09	-0,02
1543	2,37	2,90	3,19	3,37	3,27	3,20	-0,07	0,01
1544	2,38	2,89	3,22	3,35	3,27	3,20	-0,08	-0,02
1545	2,37	2,89	3,19	3,34	3,17	3,08	0,22	0,01
1546	2,37	2,91	3,22	3,37	3,17	3,07	0,65	0,01
1547	2,38	2,91	3,22	3,34	3,16	3,08	1,83	0,01
1548	2,38	2,90	3,23	3,34	3,17	3,08	2,70	0,03
1549	2,37	2,91	3,23	3,23	3,18	3,08	3,53	0,01
1550	2,38	2,91	3,25	3,26	3,08	3,08	3,55	0,01
1551	2,37	2,90	3,22	3,22	3,08	3,07	3,55	0,16
1552	2,27	2,91	3,23	3,23	3,18	3,06	3,43	0,63
1553	2,27	2,81	3,22	3,16	3,09	3,11	3,42	0,91
1554	2,29	2,81	3,18	3,15	3,07	3,07	3,43	1,54
1555	2,26	2,77	3,22	3,12	3,08	3,09	3,43	3,09
1556	2,26	2,81	3,21	3,16	3,07	3,11	3,34	3,84
1557	2,26	2,78	3,21	3,12	3,16	2,98	3,31	4,06
1558	2,30	2,80	3,22	3,35	3,17	3,09	3,34	4,00
1559	2,18	2,78	3,23	3,44	3,14	3,08	3,31	3,95
1560	2,19	2,80	3,22	3,15	3,17	3,09	3,32	3,84
1561	2,38	2,82	3,22	3,15	3,05	3,06	3,34	3,82
1562	2,65	2,70	3,21	3,13	3,16	3,06	3,34	3,85
1563	2,74	2,68	3,23	3,19	3,14	3,06	3,28	3,85
1564	2,76	3,03	3,19	3,26	3,17	3,09	3,34	3,82
1565	2,75	3,73	3,23	3,26	3,17	3,06	3,34	3,82
1566	2,76	3,52	3,12	3,15	3,07	3,09	3,32	3,84
1567	3,05	3,52	3,10	3,04	3,05	2,95	3,23	3,72
1568	3,14	3,43	3,10	3,06	3,08	2,98	3,23	3,72
1569	3,13	3,43	3,12	3,13	2,96	2,99	3,20	3,72
1570	3,05	3,44	3,10	3,13	3,05	2,99	3,23	3,69
1571	3,03	3,45	3,10	3,04	3,08	2,99	3,24	3,71
1572	3,03	3,43	3,09	3,04	3,09	2,98	3,20	3,72
1573	3,03	3,42	3,12	3,02	3,05	3,00	3,21	3,72
1574	3,05	3,40	3,10	3,02	3,07	2,98	3,23	3,71
1575	2,96	3,42	3,13	2,91	3,07	2,98	3,12	3,58
1576	2,96	3,32	3,10	2,91	3,07	2,98	3,10	3,58
1577	2,93	3,32	3,10	2,83	3,04	3,00	3,09	3,59
1578	2,93	3,31	3,12	3,04	2,95	3,00	3,10	3,58
1579	2,93	3,32	3,12	3,05	2,98	2,98	3,12	3,56
1580	2,94	3,32	3,13	3,04	2,96	2,99	3,10	3,59
1581	2,93	3,32	3,08	3,01	2,92	2,96	3,10	3,61
1582	2,94	3,32	3,14	3,02	2,85	3,00	3,10	3,58
1583	2,94	3,31	3,09	3,04	2,96	2,98	3,10	3,61
1584	2,94	3,31	3,12	2,90	2,95	2,98	3,10	3,61
1585	2,96	3,32	3,12	2,92	2,95	2,96	3,09	3,54
1586	2,93	3,31	3,13	3,02	3,07	2,96	3,12	3,59
1587	2,93	3,31	3,12	3,26	2,96	2,99	3,10	3,56
1588	2,93	3,34	3,19	3,01	2,95	2,95	3,12	3,46
1589	2,93	3,32	3,22	3,04	2,86	2,96	3,09	3,46
1590	2,93	3,34	3,10	3,05	2,86	2,99	3,10	3,49
1591	2,93	3,32	3,21	3,02	2,83	2,98	3,10	3,46
1592	2,87	3,23	3,22	3,02	2,86	2,90	3,01	3,48
1593	2,86	3,20	3,10	2,95	2,85	2,87	2,98	3,48
1594	2,86	3,20	3,12	3,04	2,96	2,90	3,03	3,48
1595	2,85	3,23	3,12	3,06	2,95	2,90	2,99	3,46
1596	2,83	3,20	3,10	2,91	2,96	2,86	3,03	3,46
1597	2,86	3,22	3,09	2,95	2,99	2,89	2,99	3,46
1598	2,85	3,23	3,12	2,91	2,92	2,87	2,99	3,45
1599	2,85	3,23	3,10	2,92	2,98	2,90	2,99	3,46
1600	2,83	3,23	3,00	2,94	2,96	2,87	3,01	3,32
1601	2,85	3,20	3,13	2,91	2,95	2,87	2,98	3,33
1602	2,83	3,22	3,12	2,94	2,95	2,89	3,01	3,33
1603	2,85	3,20	3,10	2,94	2,99	2,89	3,01	3,32
1604	2,85	3,24	3,12	2,95	2,96	2,86	2,99	3,35
1605	2,86	3,23	3,13	2,94	2,99	2,89	3,01	3,46
1606	2,85	3,20	3,12	2,95	2,99	2,90	3,03	3,49
1607	2,83	3,11	3,10	2,81	2,95	2,87	2,99	3,45
1608	2,76	3,13	3,12	2,84	2,88	2,90	2,98	3,49
1609	2,76	3,13	3,10	2,79	2,87	2,79	3,01	3,45
1610	2,75	3,11	3,13	2,87	2,86	2,74	3,01	3,33
1611	2,75	3,11	3,10	2,80	2,87	2,77	3,01	3,32
1612	2,75	3,11	3,10	2,81	2,86	2,77	3,01	3,33
1613	2,76	3,13	3,10	2,80	2,95	2,75	3,01	3,33
1614	2,75	3,14	3,09	2,81	2,86	2,78	3,01	3,33
1615	2,75	3,02	3,12	2,92	2,85	2,81	3,01	3,33
1616	2,74	3,01	3,12	2,95	2,98	2,75	3,01	3,35
1617	2,75	3,05	3,12	2,80	2,87	2,81	3,01	3,33
1618	2,74	3,01	3,01	2,91	2,88	2,75	2,99	3,30
1619	2,76	2,99	3,01	2,92	2,76	2,75	3,03	3,30
1620	2,76	2,99	3,04	2,90	2,76	2,78	2,88	3,33
1621	2,76	3,01	3,00	2,81	2,77	2,77	3,02	3,33
1622	2,76	3,01	3,00	2,80	2,76	2,77	3,01	3,30
1623	2,75	3,01	3,00	2,81	2,76	2,78	2,99	3,30
1624	2,76	3,01	2,99	2,84	2,77	2,75	3,01	3,33
1625	2,76	3,01	3,00	2,59	2,77	2,77	3,01	3,33
1626	2,75	3,02	2,99	2,83	2,74	2,78	3,02	3,33
1627	2,75	2,90	3,00	2,92	2,74	2,77	2,88	3,35
1628	2,75	2,99	3,00	2,88	2,86	2,75	2,87	3,30
1629	2,74	2,99	3,03	2,91	2,76	2,78	2,90	3,32
1630	2,77	3,01	3,03	2,91	2,77	2,78	2,90	3,33
1631	2,74	3,02	2,99	2,94	2,74	2,78	2,87	3,33
1632	2,75	3,03	3,01	2,92	2,86	2,77	2,90	3,32
1633	2,75	2,90	3,01	2,92	2,74	2,77	2,91	3,30
1634	2,75	2,91	3,01	2,80	2,76	2,78	2,90	3,35
1635	2,75	2,90	3,00	2,81	2,74	2,77	2,87	3,30
1636	2,72	2,90	2,99	2,83	2,77	2,77	2,88	3,33
1637	2,72	2,91	3,10	2,83	2,65	2,77	2,88	3,33
1638	2,76	2,90	3,01	2,81	2,64	2,66	2,90	3,33
1639	2,78	2,91	3,01	2,81	2,77	2,79	2,90	3,33
1640	2,75	2,91	3,00	2,80	2,67	2,75	2,91	3,35
1641	2,72	2,90	2,99	2,79	2,65	2,68	3,01	3,33
1642	2,69	2,91	3,12	2,83	2,67	2,69	2,90	3,33
1643	2,76	2,91	3,09	2,83	2,64	2,66	2,91	3,32
1644	2,65	2,91	3,09	2,81	2,64	2,66	2,90	3,35
1645	2,75	2,89	3,12	2,80	2,67	2,66	2,90	3,33
1646	2,65	2,91	3,12	2,83	2,64	2,66	2,91	3,35
1647	2,66	2,91	3,01	2,84	2,65	2,70	2,79	3,35
1648	2,64	2,81	3,01	2,81	2,64	2,68	2,79	3,32
1649	2,65	2,80	3,03	2,81	2,65	2,72	2,90	3,20
1650	2,66	2,80	3,01	2,81	2,65	2,65	2,99	3,22
1651	2,68	2,80	3,01	2,83	2,67	2,69	3,09	3,22
1652	2,64	2,81	3,00	2,79	2,55	2,66	3,23	3,19
1653	2,77	2,78	3,01	2,81	2,56	2,66	3,34	3,20
1654	2,75	2,77	3,01	2,91	2,56	2,69	2,91	3,19
1655	2,76	2,80	3,04	2,95	2,58	2,69	2,90	3,22
1656	2,65	2,80	2,99	2,91	2,56	2,65	2,88	3,20
1657	2,66	2,80	2,97	2,94	2,58	2,65	2,79	3,20
1658	2,66	2,80	3,03	2,95	2,54	2,66	2,80	3,19
1659	2,65	2,81	3,00	2,94	2,52	2,69	2,77	3,22
1660	2,64	2,80	3,00	2,94	2,56	2,68	2,77	3,20
1661	2,66	2,70	3,00	2,95	2,46	2,68	2,79	3,20
1662	2,65	2,70	3,03	2,92	2,46	2,66	2,81	3,20
1663	2,64	2,82	3,01	2,94	2,48	2,68	2,79	3,17
1664	2,65	2,72	3,00	3,02	2,43	2,66	2,79	3,19
1665	2,76	2,70	3,01	3,02	2,58	2,66	2,80	3,20
1666	2,66	2,69	3,01	3,01	2,46	2,69	2,79	3,22
1667	2,65	2,69	3,01	3,02	2,46	2,68	2,81	3,22
1668	2,69	2,69	3,00	3,04	2,42	2,68	2,80	3,17
1669	2,65	2,70	3,01	2,94	2,46	2,68	2,79	3,20
1670	2,63	2,69	3,03	3,04	2,46	2,68	2,77	3,09
1671	2,66	2,69	2,90	2,91	2,48	2,65	2,80	3,07
1672	2,64	2,68	2,93	2,92	2,43	2,66	2,77	3,19
1673	2,64	2,72	2,91	2,90	2,43	2,66	2,79	3,07
1674	2,63	2,70	2,91	2,92	2,45	2,69	2,79	3,19
1675	2,66	2,69	2,91	2,90	2,47	2,68	2,79	3,17
1676	2,55	2,70	2,92	2,91	2,43	2,66	2,73	3,17
1677	2,66	2,69	2,91	2,90	2,46	2,68	2,80	3,20
1678	2,69	2,70	2,91	3,02	2,46	2,69	2,81	3,22
1679	2,65	2,69	2,92	2,95	2,55	2,68	2,76	3,20
1680	2,65	2,66	2,91	3,04	2,55	2,70	2,77	3,17
1681	2,65	2,69	2,92	3,06	2,55	2,69	2,80	3,17
1682	2,64	2,70	2,92	3,04	2,46	2,66	2,79	3,22
1683	2,68	2,72	2,92	3,06	2,56	2,68	2,80	3,17
1684	2,68	2,70	2,93	3,04	2,45	2,66	2,79	3,20
1685	2,68	2,72	2,92	3,04	2,45	2,72	2,80	3,20
1686	2,65	2,69	2,92	3,06	2,45	2,65	2,79	3,19
1687	2,68	2,70	2,92	2,94	2,59	2,69	2,79	3,20
1688	2,66	2,68	2,91	3,05	2,54	2,69	2,77	3,23
1689	2,66	2,68	2,91	3,04	2,54	2,68	2,79	3,19
1690	2,66	2,69	2,92	3,05	2,58	2,66	2,80	3,22
1691	2,63	2,68	2,92	3,02	2,47	2,69	2,77	3,20
1692	2,66	2,68	2,93	2,95	2,56	2,68	2,79	3,20
1693	2,66	2,72	2,90	2,94	2,58	2,68	2,77	3,19
1694	2,63	2,69	2,90	2,86	2,54	2,66	2,77	3,19
1695	2,65	2,70	3,01	3,02	2,56	2,66	2,79	3,20
1696	2,66	2,69	3,00	2,92	2,56	2,66	2,81	3,17
1697	2,65	2,69	3,03	2,94	2,46	2,69	2,77	3,19
1698	2,66	2,69	3,01	2,92	2,45	2,66	2,79	3,20
1699	2,65	2,69	3,01	2,91	2,77	2,68	2,77	3,19
1700	2,66	2,68	3,01	2,91	2,99	2,68	2,77	3,17
1701	2,65	2,69	2,91	2,91	2,95	2,66	2,79	3,20
1702	2,64	2,69	2,91	2,81	2,98	2,87	2,80	3,15
1703	2,65	2,68	3,01	2,80	2,96	2,98	2,76	3,19
1704	2,57	2,70	2,92	2,83	2,99	3,19	2,76	3,20
1705	2,63	2,70	2,93	2,81	3,08	3,19	3,34	3,17
1706	2,57	2,70	2,92	2,81	2,98	3,17	3,21	3,84
1707	2,55	2,69	2,92	2,83	2,96	3,20	3,23	3,69
1708	2,66	2,70	2,90	2,80	2,95	3,20	3,21	4,20
1709	2,66	2,72	2,92	2,79	2,95	3,20	3,23	4,08
1710	2,64	2,68	2,90	2,70	3,09	3,19	3,23	4,05
1711	2,69	3,77	3,01	2,69	3,07	3,17	3,20	4,11
1712	2,69	3,65	2,92	2,72	3,18	3,20	3,23	4,11
1713	2,55	3,64	3,31	2,63	3,21	3,17	3,20	4,06
1714	2,55	3,63	3,44	2,59	3,21	3,19	3,21	4,11
1715	2,57	3,61	3,40	3,91	3,08	3,17	3,21	3,95
1716	2,57	3,64	3,43	3,69	3,05	3,20	3,21	3,98
1717	2,93	3,52	3,40	3,69	2,96	3,19	3,23	3,92
1718	2,92	3,61	3,40	3,69	3,07	3,19	3,23	3,95
1719	2,94	3,65	3,31	3,69	3,08	3,15	3,12	3,93
1720	2,94	3,63	3,32	3,67	3,08	3,19	3,12	3,92
1721	2,97	3,55	3,31	3,56	3,07	3,19	3,10	3,98
1722	2,94	3,52	3,31	3,57	3,08	3,20	3,13	3,93
1723	2,94	3,55	3,32	3,57	3,17	3,19	3,12	3,92
1724	2,94	3,53	3,30	3,59	3,17	3,17	3,12	3,98
1725	2,93	3,53	3,30	3,56	3,18	3,20	3,12	3,95
1726	2,96	3,55	3,31	3,57	3,10	3,20	3,12	3,95
1727	2,94	3,55	3,32	3,45	3,07	3,21	3,13	3,95
1728	2,94	3,52	3,30	3,44	2,96	3,20	3,10	3,93
1729	2,83	3,53	3,30	3,45	2,98	3,20	3,12	3,95
1730	2,85	3,53	3,32	3,45	2,96	3,19	3,12	3,97
1731	2,85	3,53	3,31	3,49	2,96	3,17	3,12	3,95
1732	2,96	3,52	3,32	3,35	2,96	3,20	3,12	3,97
1733	2,85	3,53	3,30	3,37	3,00	3,20	3,12	3,98
1734	2,85	3,51	3,32	3,37	2,98	3,20	3,12	3,95
1735	2,86	3,53	3,34	3,37	2,98	3,17	3,10	3,95
1736	2,86	3,53	3,30	3,46	2,95	3,15	3,13	3,92
1737	2,85	3,53	3,32	3,46	3,00	3,20	3,14	3,93
1738	2,86	3,52	3,34	3,35	2,98	3,20	3,10	3,97
1739	2,83	3,64	3,30	3,35	3,00	3,20	3,09	4,00
1740	2,85	3,63	3,30	3,35	2,98	3,19	3,14	3,92
1741	2,94	3,63	3,29	3,35	2,95	3,20	3,09	3,97
1742	3,71	3,64	3,32	3,34	2,87	3,19	3,12	3,95
1743	4,08	3,63	3,35	3,37	2,87	3,19	3,10	3,97
1744	4,55	3,65	3,31	3,37	2,87	3,20	3,10	3,95
1745	4,83	3,63	3,35	3,34	2,88	3,19	3,10	3,95
1746	4,84	3,65	3,35	3,37	2,88	3,21	3,14	3,95
1747	4,86	4,46	3,34	3,35	2,85	3,21	3,10	3,95
1748	4,93	4,76	3,30	3,37	2,86	3,19	3,12	3,95
1749	5,14	5,50	3,31	3,35	2,87	3,16	3,10	3,97
1750	5,42	5,38	3,32	3,37	2,98	3,21	3,12	3,95
1751	5,61	5,38	3,84	3,34	3,07	3,20	3,12	3,97
1752	5,53	5,51	4,66	3,23	2,96	3,11	3,12	3,98
1753	5,43	5,47	5,26	3,26	2,98	3,20	3,10	3,95
1754	5,32	5,71	5,56	3,23	2,99	3,20	3,12	3,93
1755	5,23	5,69	5,57	3,48	2,98	3,19	3,10	3,97
1756	5,11	5,63	5,46	4,42	2,95	3,19	3,12	3,97
1757	5,14	5,58	5,44	5,72	2,96	3,21	3,12	3,95
1758	5,03	5,50	5,46	6,40	2,86	3,17	3,10	3,95
1759	5,04	5,51	5,47	6,26	2,86	3,23	3,10	3,95
1760	4,94	5,38	5,46	6,30	2,85	3,17	3,06	3,95
1761	4,93	5,37	5,46	6,15	2,86	3,19	3,12	3,95
1762	4,93	5,40	5,47	6,18	3,98	3,21	3,13	3,97
1763	4,93	5,39	5,46	6,18	4,78	3,20	3,10	3,95
1764	4,93	5,30	5,48	6,05	5,21	3,16	3,12	3,95
1765	4,88	5,40	5,46	6,08	5,10	3,20	3,10	3,95
1766	4,86	5,38	5,47	6,02	5,08	3,89	3,10	3,95
1767	4,84	5,38	5,46	6,07	5,08	4,53	3,12	3,93
1768	4,84	5,27	5,46	6,07	5,10	4,93	3,12	3,97
1769	4,83	5,26	5,46	6,08	5,10	5,65	2,99	3,93
1770	4,75	5,33	5,44	5,97	5,12	5,54	3,01	3,95
1771	4,76	5,29	5,46	5,95	5,09	5,45	4,29	3,98
1772	4,76	5,26	5,47	5,95	4,97	5,42	4,82	3,84
1773	4,86	5,29	5,48	6,05	5,00	5,55	5,46	3,82
1774	4,86	5,27	5,47	6,07	4,99	5,42	5,57	3,82
1775	4,77	5,31	5,46	6,07	5,00	5,42	5,43	4,60
1776	4,75	5,26	5,48	6,08	5,03	5,45	5,46	5,50
1777	4,76	5,27	5,48	6,05	5,01	5,44	5,35	6,00
1778	4,75	5,30	5,46	6,07	5,00	5,45	5,49	6,39
1779	4,75	5,27	5,48	6,05	4,99	5,42	5,36	6,52
1780	4,75	5,29	5,48	6,09	4,97	5,45	5,36	6,52
1781	4,73	5,30	5,46	6,09	5,49	5,42	5,32	6,39
1782	4,66	5,27	5,43	6,05	5,40	5,44	5,35	6,33
1783	4,77	5,30	5,48	6,05	5,52	5,44	5,34	6,43
1784	4,67	5,30	5,44	6,08	5,49	5,44	5,38	6,38
1785	4,67	5,29	5,44	6,07	5,52	5,44	5,34	6,23
1786	4,61	5,27	5,46	6,07	5,52	5,44	5,34	6,39
1787	4,66	5,30	5,44	6,08	5,50	5,44	5,32	6,26
1788	4,64	5,33	5,46	6,07	5,40	5,44	5,36	6,26
1789	4,64	5,29	5,47	5,93	5,40	5,44	5,35	6,26
1790	4,65	5,30	5,47	6,07	5,37	5,44	5,35	6,23
1791	4,65	5,29	5,47	5,91	5,40	5,44	5,34	6,28
1792	4,65	5,30	5,46	5,94	5,41	5,45	5,36	6,25
1793	4,66	5,29	5,46	5,98	5,43	5,44	5,34	6,25
1794	4,65	5,19	5,46	5,95	5,37	5,45	5,34	6,25
1795	4,62	5,15	5,46	5,93	5,40	5,46	5,38	6,26
1796	4,62	5,19	5,47	5,95	5,41	5,44	5,34	6,23
1797	4,65	5,18	5,43	5,94	5,40	5,44	5,35	6,26
1798	4,64	5,18	5,34	5,94	5,40	5,45	5,35	6,26
1799	4,65	5,18	5,35	5,94	5,41	5,42	5,34	6,25
1800	4,65	5,17	5,35	5,98	5,30	5,42	5,34	6,30
1801	4,66	5,18	5,35	5,95	5,30	5,45	5,34	6,23
1802	4,66	5,17	5,35	5,95	5,30	5,44	5,35	6,25
1803	4,65	5,18	5,37	5,97	5,32	5,41	5,31	6,23
1804	4,55	5,17	5,35	5,94	5,32	5,45	5,38	6,12
1805	4,58	5,18	5,48	5,94	5,28	5,33	5,35	6,12
1806	4,55	5,19	5,35	5,95	5,19	5,32	5,35	6,13
1807	4,56	5,18	5,38	6,00	5,21	5,32	5,36	6,12
1808	4,55	5,19	5,34	6,05	5,19	5,35	5,35	6,17
1809	4,56	5,15	5,35	6,08	5,21	5,35	5,24	6,12
1810	4,54	5,19	5,37	6,05	5,21	5,33	5,34	6,17
1811	4,54	5,19	5,35	6,05	5,19	5,33	5,24	6,13
1812	4,56	5,18	5,35	5,94	5,19	5,35	5,24	6,10
1813	4,56	5,19	5,37	5,93	5,21	5,33	5,24	6,12
1814	4,54	5,08	5,35	5,94	5,21	5,32	5,23	6,12
1815	4,55	5,18	5,33	5,95	5,23	5,33	5,23	6,13
1816	4,54	5,18	5,34	5,94	5,21	5,32	5,25	6,10
1817	4,58	5,18	5,35	5,98	5,23	5,36	5,25	6,13
1818	4,56	5,08	5,38	5,94	5,19	5,35	5,35	6,15
1819	4,56	5,09	5,37	5,95	5,22	5,32	5,25	6,13
1820	4,56	5,06	5,37	5,86	5,22	5,33	5,24	6,15
1821	4,56	5,09	5,35	5,84	5,21	5,36	5,25	6,13
1822	4,56	5,06	5,39	5,83	5,10	5,35	5,27	6,13
1823	4,49	5,09	5,35	5,83	5,09	5,33	5,24	6,10
1824	4,45	5,10	5,34	5,94	5,21	5,33	5,25	6,13
1825	4,55	5,10	5,37	5,97	5,21	5,32	5,23	6,13
1826	4,54	5,08	5,34	5,97	5,19	5,35	5,27	6,15
1827	4,55	5,08	5,35	5,97	5,22	5,35	5,25	6,10
1828	4,58	5,09	5,38	5,95	5,08	5,35	5,25	5,97
1829	4,47	5,09	5,35	6,08	5,22	5,35	5,23	6,02
1830	4,44	5,08	5,37	5,94	5,21	5,32	5,27	6,13
1831	4,56	5,08	5,35	5,98	5,19	5,33	5,27	6,12
1832	4,55	5,08	5,39	5,95	5,21	5,33	5,24	6,00
1833	4,56	5,08	5,35	5,95	5,22	5,33	5,24	5,99
1834	4,58	5,10	5,34	5,95	5,23	5,35	5,23	5,97
1835	4,55	5,11	5,34	5,94	5,18	5,33	5,28	6,00
1836	4,55	5,06	5,37	5,95	5,19	5,33	5,23	5,99
1837	4,55	5,09	5,38	5,95	5,34	5,35	5,24	6,00
1838	4,54	5,09	5,35	5,97	5,21	5,33	5,24	6,00
1839	4,53	5,05	5,35	5,93	5,18	5,32	5,25	6,00
1840	4,55	5,06	5,37	5,93	5,19	5,33	5,24	5,97
1841	4,56	5,06	5,37	5,84	5,19	5,23	5,25	6,00
1842	4,55	5,05	5,37	5,95	5,21	5,33	5,23	5,99
1843	4,54	4,96	5,35	5,94	5,18	5,32	5,21	6,00
1844	4,45	5,09	5,34	5,95	5,22	5,32	5,25	6,02
1845	4,55	5,05	5,35	5,90	5,22	5,33	5,24	6,02
1846	4,54	4,98	5,34	5,94	5,19	5,31	5,25	5,97
1847	4,54	4,96	5,37	5,80	5,17	5,35	5,24	6,02
1848	4,44	4,97	5,37	5,84	5,21	5,33	5,23	6,00
1849	4,47	4,96	5,37	5,95	5,19	5,33	5,23	6,02
1850	4,45	4,96	5,35	5,84	5,18	5,33	5,24	6,02
1851	4,47	4,97	5,37	5,84	5,21	5,21	5,14	6,00
1852	4,48	4,98	5,37	5,82	5,21	5,31	5,23	5,99
1853	4,47	4,94	5,35	5,83	5,21	5,35	5,23	6,02
1854	4,45	4,98	5,38	5,82	5,21	5,24	5,23	6,00
1855	4,43	4,97	5,35	5,84	5,21	5,23	5,24	5,99
1856	4,47	4,96	5,38	5,84	5,22	5,23	5,14	6,00
1857	4,48	4,96	5,37	5,84	5,30	5,21	5,13	6,00
1858	4,47	4,98	5,35	5,84	5,31	5,23	5,13	6,02
1859	4,47	4,96	5,35	5,73	5,30	5,23	5,13	6,02
1860	4,44	5,00	5,37	5,72	5,40	5,25	5,13	6,04
1861	4,45	5,00	5,37	5,83	5,31	5,23	5,12	5,99
1862	4,48	4,98	5,35	5,84	5,37	5,31	5,13	6,02
1863	4,48	4,96	5,37	5,95	5,41	5,24	5,13	6,02
1864	4,48	5,06	5,35	5,86	5,41	5,24	5,13	6,02
1865	4,47	4,98	5,44	5,83	5,39	5,24	5,17	6,02
1866	4,45	4,97	5,48	5,87	5,40	5,25	5,24	6,02
1867	4,44	4,97	5,46	5,86	5,31	5,25	5,25	6,05
1868	4,47	4,98	5,46	5,97	5,30	5,23	5,21	6,02
1869	4,48	4,97	5,46	5,95	5,32	5,20	5,23	5,99
1870	4,47	4,98	5,48	5,95	5,31	5,24	5,24	6,00
1871	4,45	4,97	5,43	5,95	5,28	5,21	5,23	6,00
1872	4,45	4,94	5,47	5,94	5,44	5,25	5,24	6,02
1873	4,43	4,96	5,46	5,97	5,32	5,21	5,25	6,00
1874	4,47	4,97	5,48	5,95	5,32	5,23	5,25	6,00
1875	4,45	4,94	5,48	5,94	5,40	5,23	5,23	6,00
1876	4,45	4,98	5,46	5,93	5,39	5,23	5,24	6,00
1877	4,45	4,98	5,48	5,83	5,44	5,24	5,25	6,00
1878	4,44	4,96	5,44	5,84	5,40	5,23	5,24	6,02
1879	4,47	4,97	5,46	5,83	5,39	5,21	5,25	6,00
1880	4,45	4,98	5,46	5,84	5,40	5,24	5,25	6,02
1881	4,47	4,98	5,44	5,80	5,43	5,24	5,28	6,00
1882	4,47	4,96	5,48	5,86	5,43	5,24	5,23	6,00
1883	4,45	4,97	5,47	5,83	5,37	5,24	5,23	5,99
1884	4,47	4,94	5,44	5,86	5,40	5,25	5,24	6,00
1885	4,47	5,00	5,47	5,84	5,40	5,23	5,23	5,97
1886	4,45	4,93	5,46	5,84	5,41	5,21	5,27	6,00
1887	4,47	4,98	5,44	5,83	5,30	5,25	5,24	5,99
1888	4,44	4,98	5,48	5,84	5,40	5,24	5,24	5,97
1889	4,48	4,98	5,44	5,86	5,41	5,24	5,25	6,02
1890	4,47	5,00	5,46	5,75	5,40	5,24	5,28	6,02
1891	4,44	4,98	5,47	5,72	5,40	5,21	5,25	6,00
1892	4,47	5,00	5,47	5,75	5,54	5,24	5,13	6,02
1893	4,48	4,98	5,44	5,73	5,53	5,21	5,25	6,00
1894	4,47	4,96	5,46	5,73	5,50	5,24	5,28	6,00
1895	4,47	4,97	5,47	5,76	5,39	5,24	5,13	6,00
1896	4,45	4,98	5,50	5,73	5,40	5,24	5,13	5,87
1897	4,45	4,96	5,42	5,73	5,40	5,23	5,14	6,00
1898	4,47	4,96	5,44	5,75	5,37	5,20	5,14	5,86
1899	4,47	4,97	5,47	5,62	5,32	5,14	5,16	5,84
1900	4,47	5,00	5,44	5,61	5,41	5,16	5,14	5,86
1901	4,48	4,98	5,46	5,72	5,40	5,15	5,16	5,87
1902	4,45	5,09	5,47	5,76	5,40	5,14	5,13	5,89
1903	4,47	5,00	5,44	5,72	5,37	5,12	5,13	5,87
1904	4,55	5,08	5,48	5,86	5,40	5,25	5,17	5,91
1905	4,47	4,96	5,48	5,84	5,40	5,23	5,13	5,87
1906	4,56	5,08	5,47	5,84	5,40	5,12	5,14	5,86
1907	4,56	5,06	5,47	5,84	5,50	5,15	5,16	5,89
1908	4,47	5,10	5,46	5,86	5,49	5,15	5,14	5,89
1909	4,48	5,10	5,48	5,87	5,50	5,12	5,14	5,86
1910	4,47	4,98	5,47	5,87	5,53	5,15	5,13	5,91
1911	4,45	5,06	5,46	5,82	5,50	5,15	5,17	5,89
1912	4,43	5,06	5,46	5,84	5,52	5,12	5,13	5,91
1913	4,45	5,10	5,37	5,84	5,48	5,14	5,17	5,86
1914	4,48	5,10	5,47	5,84	5,50	5,14	5,13	5,92
1915	4,45	4,97	5,44	5,84	5,40	5,15	5,14	5,86
1916	4,45	5,08	5,48	5,84	5,41	5,14	5,14	5,89
1917	4,45	5,10	5,46	5,86	5,40	5,12	5,12	5,89
1918	4,45	5,09	5,47	5,86	5,50	5,14	5,13	5,89
1919	4,36	4,98	5,47	5,75	5,50	5,15	5,14	5,84
1920	4,38	4,98	5,47	5,87	5,59	5,14	5,14	5,87
1921	4,49	5,08	5,46	5,86	5,61	5,12	5,16	5,87
1922	4,37	5,08	5,35	5,75	5,61	5,14	5,12	5,86
1923	4,34	4,97	5,46	5,73	5,59	5,02	5,10	5,86
1924	4,36	5,00	5,35	5,72	5,61	5,12	5,14	5,87
1925	4,37	4,97	5,37	5,72	5,61	5,11	5,12	5,87
1926	4,37	4,98	5,35	5,72	5,59	5,14	5,04	5,86
1927	4,48	5,09	5,35	5,72	5,59	5,14	5,02	5,86
1928	4,45	4,98	5,35	5,72	5,49	5,15	5,01	5,87
1929	4,47	4,96	5,38	5,72	5,50	5,12	5,02	5,87
1930	4,36	4,96	5,35	5,71	5,50	5,11	5,04	5,84
1931	4,33	5,00	5,35	5,72	5,49	5,14	5,02	5,87
1932	4,34	4,97	5,35	5,72	5,50	5,11	5,02	5,89
1933	4,34	4,96	5,35	5,72	5,48	5,11	5,04	5,86
1934	4,37	5,00	5,37	5,72	5,37	5,15	5,02	5,87
1935	4,37	4,98	5,33	5,73	5,40	5,12	5,01	5,84
1936	4,38	4,98	5,37	5,73	5,36	5,14	5,04	5,86
1937	4,37	4,98	5,35	5,65	5,40	5,14	5,05	5,89
1938	4,37	5,00	5,37	5,61	5,43	5,14	5,01	5,89
1939	4,36	4,97	5,35	5,64	5,41	5,14	5,02	5,91
1940	4,37	5,00	5,38	5,62	5,39	5,14	5,04	5,89
1941	4,37	4,98	5,34	5,62	5,43	5,12	5,01	5,89
1942	4,36	4,98	5,37	5,64	5,41	5,14	4,91	5,89
1943	4,36	4,97	5,35	5,65	5,39	5,01	5,04	5,87
1944	4,37	4,98	5,35	5,59	5,41	5,03	5,04	5,86
1945	4,76	4,98	5,41	5,64	5,41	5,03	5,05	5,87
1946	4,94	4,94	5,38	5,62	5,39	5,02	5,04	5,84
1947	4,95	5,80	5,35	5,64	5,40	5,02	5,04	5,87
1948	4,93	5,72	5,37	5,64	5,41	5,02	5,08	5,86
1949	4,93	5,71	5,78	5,62	5,39	5,15	5,06	5,89
1950	4,94	5,72	5,77	5,72	5,39	5,14	5,04	5,86
1951	4,94	5,69	5,76	5,72	5,40	5,14	5,01	5,87
1952	4,94	5,72	5,70	5,64	5,39	4,99	5,34	5,84
1953	4,94	5,65	5,68	5,58	5,28	5,15	5,35	5,89
1954	4,92	5,60	5,69	5,64	5,30	5,14	5,34	6,41
1955	4,93	5,62	5,67	5,64	5,31	5,12	5,35	6,64
1956	4,94	5,59	5,67	5,62	5,28	5,03	5,35	6,65
1957	4,93	5,58	5,69	5,61	5,27	5,03	5,35	6,65
1958	4,94	5,62	5,67	5,62	5,21	5,03	5,34	6,65
1959	4,94	5,59	5,67	5,65	5,19	5,06	5,35	6,64
1960	4,93	5,63	5,67	5,61	5,18	5,01	5,34	6,65
1961	4,93	5,59	5,67	5,62	5,19	5,04	5,34	6,49
1962	4,93	5,59	5,69	5,62	5,21	5,01	5,38	6,52
1963	4,93	5,60	5,64	5,62	5,18	5,02	5,32	6,65
1964	4,92	5,51	5,67	5,62	5,30	5,02	5,25	6,52
1965	4,92	5,48	5,65	5,61	5,30	5,02	5,35	6,51
1966	4,94	5,48	5,67	5,64	5,40	5,06	5,35	6,52
1967	4,93	5,48	5,65	5,64	5,39	5,02	5,35	6,49
1968	4,92	5,51	5,67	5,64	5,39	5,02	5,34	6,49
1969	4,92	5,48	5,63	5,61	5,41	5,02	5,35	6,52
1970	4,94	5,50	5,68	5,62	5,43	5,02	5,24	6,51
1971	4,93	5,51	5,68	5,62	5,41	5,02	5,23	6,56
1972	4,91	5,47	5,68	5,64	5,39	5,03	5,23	6,51
1973	4,84	5,48	5,69	5,65	5,39	5,02	5,23	6,51
1974	4,83	5,51	5,67	5,62	5,37	5,06	5,25	6,54
1975	4,83	5,48	5,65	5,62	5,40	5,04	5,25	6,54
1976	4,84	5,48	5,65	5,62	5,41	5,04	5,25	6,51
1977	4,86	5,51	5,68	5,62	5,39	5,03	5,25	6,49
1978	4,84	5,52	5,65	5,64	5,43	5,06	5,23	6,56
1979	4,83	5,50	5,67	5,54	5,40	5,06	5,21	6,51
1980	4,83	5,48	5,65	5,65	5,40	5,01	5,24	6,52
1981	4,86	5,51	5,67	5,61	5,40	5,02	5,24	6,51
1982	4,86	5,51	5,65	5,64	5,32	5,01	5,21	6,52
1983	5,30	5,48	5,68	5,64	5,26	5,04	5,32	6,49
1984	6,05	5,50	5,68	5,64	5,32	5,01	5,34	6,51
1985	7,15	5,50	5,67	5,62	5,30	5,01	5,32	6,51
1986	7,32	5,47	5,65	5,62	5,31	5,02	5,34	6,51
1987	7,70	5,48	5,67	5,61	5,28	5,01	5,34	6,52
1988	8,38	5,51	5,65	5,59	5,30	5,02	5,34	6,52
1989	8,84	6,81	5,67	5,65	5,30	5,02	5,34	6,51
1990	9,24	8,03	5,68	5,61	5,21	5,01	5,34	6,51
1991	9,16	8,15	5,65	5,64	5,21	5,04	5,34	6,56
1992	8,78	8,69	5,65	5,65	5,19	5,03	5,32	6,49
1993	8,48	9,20	5,65	5,64	5,19	5,04	5,34	6,52
1994	8,27	9,49	6,16	5,61	5,17	5,02	5,34	6,51
1995	8,09	9,71	7,08	5,62	5,28	5,04	5,32	6,51
1996	7,96	9,62	7,88	5,64	5,19	5,02	5,32	6,52
1997	7,91	9,28	8,19	5,64	5,21	5,02	5,35	6,54
1998	7,78	9,08	8,50	5,64	5,22	5,01	5,36	6,54
1999	7,81	8,88	8,59	5,64	5,21	5,03	5,34	6,54
2000	7,78	8,75	8,50	5,82	5,32	5,03	5,34	6,51
2001	7,79	8,67	8,50	7,66	5,31	5,02	5,36	6,49
2002	7,70	8,67	8,50	8,82	5,30	5,04	5,35	6,52
2003	7,70	8,54	8,50	8,96	5,30	5,06	5,36	6,51
2004	7,70	8,57	8,47	8,80	5,19	5,02	5,34	6,49
2005	7,71	8,58	8,49	8,83	5,21	5,02	5,35	6,41
2006	7,72	8,57	8,50	8,83	5,19	5,03	5,34	6,51
2007	7,62	8,46	8,47	8,71	5,18	5,01	5,35	6,51
2008	7,62	8,46	8,50	8,72	5,19	4,99	5,36	6,52
2009	7,61	8,47	8,47	8,74	5,22	5,04	5,34	6,51
2010	7,61	8,46	8,49	8,65	5,19	5,04	5,34	6,43
2011	7,60	8,46	8,37	8,74	5,09	5,02	5,34	6,51
2012	7,62	8,46	8,50	8,72	5,21	5,04	5,35	6,51
2013	7,62	8,47	8,40	8,62	5,22	5,06	5,35	6,43
2014	7,57	8,46	8,38	8,71	5,19	5,06	5,35	6,54
2015	7,62	8,47	8,40	8,62	5,10	4,91	5,35	6,51
2016	7,60	8,37	8,40	8,61	5,12	4,91	5,35	6,54
2017	7,60	8,37	8,38	8,62	5,09	4,93	5,25	6,52
2018	7,62	8,37	8,49	8,62	5,10	4,91	5,24	6,49
2019	7,61	8,38	8,49	8,61	5,10	4,93	5,35	6,51
2020	7,61	8,37	8,51	8,62	5,12	4,93	5,34	6,54
2021	7,61	8,36	8,49	8,64	5,10	4,93	5,35	6,51
2022	7,61	8,38	8,47	8,61	4,99	4,91	5,35	6,52
2023	7,61	8,37	8,47	8,61	5,13	4,93	5,35	6,49
2024	7,62	8,37	8,49	8,62	5,12	4,95	5,34	6,52
2025	7,63	8,37	8,50	8,62	5,12	5,10	5,32	6,52
2026	7,63	8,36	8,46	8,62	5,12	5,12	5,36	6,51
2027	7,62	8,33	8,53	8,62	5,10	5,12	5,24	6,52
2028	7,62	8,36	8,47	8,64	5,21	5,42	5,34	6,54
2029	7,59	8,46	8,49	8,62	5,31	5,44	5,35	6,51
2030	7,61	8,49	8,46	8,62	5,30	5,44	5,34	6,51
2031	7,62	8,49	8,49	8,62	6,13	5,46	5,34	6,52
2032	7,62	8,46	8,51	8,61	7,49	5,35	5,23	6,51
2033	7,60	8,46	8,47	8,62	8,02	5,36	5,35	6,49
2034	7,61	8,45	8,49	8,62	8,22	5,33	5,34	6,52
2035	7,62	8,47	8,49	8,61	8,13	5,92	5,32	6,51
2036	7,60	8,46	8,47	8,49	8,11	6,64	5,35	6,51
2037	7,62	8,38	8,47	8,51	8,13	7,67	5,34	6,51
2038	7,59	8,37	8,50	8,53	8,13	8,46	5,23	6,54
2039	7,62	8,41	8,50	8,46	8,11	8,50	5,23	6,49
2040	7,61	8,36	8,47	8,51	8,12	8,42	5,35	6,49
2041	7,59	8,37	8,47	8,49	8,10	8,37	6,61	6,36
2042	7,61	8,37	8,50	8,49	8,11	8,37	7,94	6,39
2043	7,59	8,34	8,49	8,51	8,11	8,38	8,41	6,54
2044	7,61	8,36	8,50	8,51	8,15	8,38	8,96	6,39
2045	7,62	8,34	8,49	8,49	8,21	8,41	8,85	7,52
2046	7,61	8,36	8,50	8,49	8,22	8,38	8,83	8,93
2047	7,61	8,34	8,50	8,51	8,22	8,36	8,75	10,07
2048	7,62	8,34	8,51	8,50	8,21	8,41	8,83	10,43
2049	7,62	8,36	8,47	8,50	8,11	8,38	8,83	11,10
2050	7,60	8,38	8,49	8,49	8,13	8,38	8,75	10,94
2051	7,61	8,37	8,47	8,51	8,10	8,38	8,74	10,92
2052	7,62	8,36	8,50	8,50	8,13	8,71	8,68	10,84
2053	7,62	8,37	8,50	8,50	8,11	8,68	8,71	10,82
2054	7,62	8,37	8,51	8,53	8,12	8,70	8,75	10,81
2055	7,49	8,79	8,46	8,50	8,11	8,67	8,71	10,82
2056	7,50	8,79	8,50	8,51	8,11	8,68	8,71	10,84
2057	7,62	8,79	8,50	8,61	8,11	8,68	8,71	10,81
2058	7,51	8,65	8,49	8,80	8,11	8,67	8,72	10,84
2059	7,48	8,67	8,49	8,82	8,10	8,68	8,74	10,69
2060	7,61	8,69	8,50	8,72	8,11	8,71	8,72	10,81
2061	7,59	8,69	8,50	8,72	8,12	8,59	8,70	10,79
2062	7,62	8,70	8,51	8,74	8,13	8,58	8,74	10,82
2063	7,60	8,67	8,49	8,71	8,11	8,59	8,71	10,82
2064	7,62	8,67	8,49	8,72	8,11	8,59	8,74	10,82
2065	7,61	8,65	8,49	8,71	8,11	8,59	8,74	10,69
2066	7,61	8,69	8,53	8,72	8,15	8,60	8,72	10,71
2067	7,61	8,67	8,50	8,72	8,21	8,56	8,74	10,69
2068	7,61	8,69	8,51	8,72	8,22	8,71	8,72	10,71
2069	7,62	8,57	8,49	8,64	8,11	8,60	8,76	10,69
2070	7,61	8,66	8,40	8,61	8,13	8,58	8,71	10,68
2071	7,63	8,67	8,44	8,64	8,11	8,56	8,75	10,69
2072	7,60	8,57	8,38	8,60	8,03	8,62	8,74	10,68
2073	7,62	8,69	8,38	8,62	8,01	8,56	8,74	10,71
2074	7,61	8,57	8,36	8,61	8,01	8,60	8,70	10,69
2075	7,59	8,59	8,41	8,60	8,01	8,58	8,72	10,69
2076	7,62	8,57	8,37	8,61	8,03	8,58	8,74	10,69
2077	7,61	8,57	8,40	8,60	8,01	8,59	8,71	10,68
2078	7,51	8,57	8,41	8,62	7,99	8,58	8,74	10,68
2079	7,51	8,58	8,40	8,61	8,01	8,59	8,72	10,69
2080	7,51	8,67	8,38	8,64	8,02	8,58	8,71	10,71
2081	7,59	8,69	8,49	8,61	8,03	8,62	8,71	10,73
2082	7,61	8,66	8,49	8,62	8,03	8,60	8,72	10,68
2083	7,61	8,67	8,50	8,62	8,03	8,60	8,71	10,71
2084	7,60	8,65	8,51	8,61	7,89	8,58	8,72	10,71
2085	7,59	8,65	8,47	8,62	7,90	8,62	8,72	10,69
2086	7,51	8,69	8,51	8,62	7,90	8,46	8,74	10,68
2087	7,52	8,67	8,49	8,62	7,91	8,59	8,74	10,69
2088	7,51	8,65	8,47	8,62	8,01	8,62	8,72	10,66
2089	7,51	8,67	8,50	8,60	8,15	8,60	8,72	10,71
2090	7,60	8,70	8,37	8,71	8,12	8,59	8,71	10,71
2091	7,61	8,67	8,36	8,74	8,13	8,59	8,68	10,68
2092	7,61	8,66	8,38	8,72	8,11	8,60	8,74	10,69
2093	7,61	8,65	8,38	8,74	8,11	8,51	8,74	10,71
2094	7,60	8,66	8,40	8,60	8,10	8,50	8,60	10,69
2095	7,61	8,58	8,40	8,61	8,12	8,49	8,63	10,71
2096	7,49	8,55	8,38	8,61	8,13	8,49	8,64	10,68
2097	7,52	8,59	8,40	8,60	8,11	8,47	8,63	10,71
2098	7,50	8,57	8,37	8,61	8,13	8,49	8,63	10,55
2099	7,51	8,54	8,40	8,61	8,20	8,47	8,60	10,68
2100	7,48	8,57	8,41	8,53	8,11	8,51	8,63	10,69
2101	7,51	8,57	8,40	8,51	8,11	8,49	8,63	10,68
2102	7,50	8,58	8,41	8,50	8,13	8,49	8,61	10,68
2103	7,50	8,57	8,38	8,53	8,12	8,49	8,63	10,69
2104	7,51	8,55	8,38	8,54	8,01	8,47	8,60	10,69
2105	7,54	8,58	8,38	8,49	8,02	8,50	8,64	10,68
2106	7,54	8,57	8,40	8,47	8,02	8,50	8,61	10,71
2107	7,52	8,57	8,40	8,62	8,01	8,47	8,63	10,69
2108	7,52	8,58	8,40	8,64	8,01	8,50	8,63	10,69
2109	7,52	8,55	8,36	8,50	8,01	8,49	8,60	10,69
2110	7,50	8,54	8,40	8,53	7,98	8,49	8,63	10,69
2111	7,52	8,57	8,40	8,50	8,03	8,47	8,61	10,69
2112	7,52	8,57	8,40	8,53	8,01	8,49	8,65	10,73
2113	7,51	8,59	8,40	8,51	8,03	8,47	8,61	10,69
2114	7,51	8,54	8,46	8,51	8,03	8,53	8,63	10,69
2115	7,49	8,57	8,47	8,51	7,98	8,49	8,63	10,69
2116	7,49	8,58	8,40	8,51	7,99	8,50	8,61	10,68
2117	7,51	8,54	8,41	8,51	7,90	8,47	8,63	10,68
2118	7,52	8,57	8,40	8,51	7,90	8,49	8,64	10,69
2119	7,52	8,57	8,41	8,50	7,91	8,50	8,63	10,68
2120	7,51	8,58	8,47	8,51	7,91	8,50	8,63	10,69
2121	7,51	8,55	8,41	8,53	7,91	8,50	8,63	10,69
2122	7,51	8,57	8,41	8,51	7,88	8,49	8,61	10,73
2123	7,50	8,67	8,37	8,50	7,91	8,49	8,65	10,71
2124	7,50	8,66	8,38	8,51	7,91	8,50	8,64	10,71
2125	7,54	8,69	8,40	8,50	7,89	8,50	8,60	10,68
2126	7,52	8,67	8,47	8,51	7,90	8,51	8,64	10,69
2127	7,50	8,67	8,50	8,51	7,90	8,50	8,60	10,71
2128	7,50	8,57	8,49	8,53	7,90	8,50	8,64	10,66
2129	7,42	8,57	8,50	8,50	7,90	8,50	8,63	10,68
2130	7,42	8,57	8,49	8,51	7,90	8,50	8,61	10,69
2131	7,51	8,69	8,50	8,62	7,93	8,49	8,63	10,69
2132	7,51	8,57	8,50	8,61	7,90	8,51	8,63	10,68
2133	7,51	8,58	8,46	8,61	7,90	8,46	8,64	10,73
2134	7,43	8,55	8,49	8,61	7,82	8,51	8,61	10,74
2135	7,51	8,59	8,51	8,64	7,94	8,49	8,63	10,68
2136	7,42	8,58	8,50	8,62	7,91	8,49	8,64	10,58
2137	7,42	8,58	8,50	8,51	7,81	8,51	8,63	10,69
2138	7,43	8,58	8,50	8,51	7,80	8,49	8,63	10,71
2139	7,42	8,57	8,47	8,53	7,80	8,50	8,61	10,71
2140	7,50	8,57	8,50	8,50	7,79	8,49	8,65	10,71
2141	7,49	8,55	8,50	8,64	7,81	8,49	8,60	10,56
2142	7,51	8,58	8,49	8,62	7,84	8,45	8,60	10,68
2143	7,46	8,57	8,47	8,62	7,90	8,47	8,64	10,58
2144	7,51	8,59	8,50	8,61	7,90	8,49	8,63	10,55
2145	7,52	8,57	8,50	8,61	7,91	8,50	8,63	10,73
2146	7,52	8,57	8,50	8,62	7,89	8,38	8,60	10,56
2147	7,51	8,57	8,50	8,61	7,91	8,47	8,61	10,58
2148	7,50	8,55	8,51	8,58	7,91	8,49	8,63	10,56
2149	7,49	8,57	8,50	8,62	7,90	8,42	8,61	10,58
2150	7,42	8,57	8,49	8,61	7,93	8,38	8,63	10,55
2151	7,44	8,58	8,46	8,61	7,91	8,39	8,61	10,58
2152	7,39	8,54	8,53	8,64	7,80	8,41	8,64	10,56
2153	7,40	8,58	8,47	8,64	7,81	8,41	8,63	10,56
2154	7,51	8,57	8,51	8,62	7,80	8,47	8,63	10,56
2155	7,52	8,67	8,47	8,60	7,81	8,51	8,61	10,60
2156	7,49	8,55	8,50	8,61	7,81	8,47	8,64	10,56
2157	7,51	8,69	8,50	8,61	7,80	8,50	8,64	10,56
2158	7,42	8,69	8,49	8,51	7,81	8,37	8,64	10,58
2159	7,43	8,65	8,50	8,50	7,81	8,41	8,60	10,56
2160	7,42	8,57	8,49	8,53	7,80	8,42	8,60	10,53
2161	7,40	8,57	8,46	8,51	7,80	8,37	8,63	10,56
2162	7,49	8,67	8,47	8,61	7,77	8,50	8,64	10,55
2163	7,51	8,55	8,49	8,65	7,80	8,49	8,63	10,56
2164	7,51	8,57	8,47	8,61	7,72	8,49	8,63	10,58
2165	7,49	8,57	8,50	8,62	7,71	8,50	8,63	10,60
2166	7,42	8,55	8,50	8,61	7,68	8,47	8,61	10,58
2167	7,42	8,57	8,49	8,61	7,70	8,37	8,63	10,58
2168	7,40	8,65	8,49	8,60	7,70	8,46	8,53	10,56
2169	7,40	8,58	8,50	8,61	7,67	8,38	8,49	10,56
2170	7,44	8,54	8,50	8,61	7,70	8,38	8,50	10,45
2171	7,42	8,54	8,51	8,62	7,81	8,39	8,61	10,53
2172	7,39	8,57	8,46	8,60	7,81	8,39	8,63	10,46
2173	7,40	8,57	8,50	8,64	7,81	8,38	8,52	10,46
2174	7,39	8,58	8,47	8,60	7,80	8,41	8,52	10,43
2175	7,40	8,57	8,40	8,62	7,80	8,39	8,50	10,45
2176	7,40	8,55	8,49	8,53	7,82	8,39	8,53	10,40
2177	7,50	8,57	8,37	8,50	7,80	8,39	8,55	10,43
2178	7,39	8,57	8,40	8,50	7,80	8,39	8,52	10,45
2179	7,42	8,57	8,41	8,40	7,82	8,38	8,52	10,56
2180	7,42	8,58	8,40	8,53	7,91	8,39	8,52	10,58
2181	7,42	8,58	8,42	8,51	7,90	8,38	8,53	10,42
2182	7,42	8,54	8,37	8,50	7,90	8,37	8,50	10,42
2183	7,40	8,57	8,38	8,51	7,99	8,38	8,53	10,43
2184	7,51	8,57	8,40	8,61	8,10	8,49	8,50	10,45
2185	7,50	8,57	8,40	8,61	8,10	8,47	8,53	10,45
2186	7,50	8,58	8,41	8,65	8,01	8,47	8,49	10,43
2187	7,50	8,55	8,38	8,60	8,03	8,50	8,52	10,42
2188	7,50	8,57	8,40	8,61	8,01	8,39	8,52	10,42
2189	7,49	8,59	8,38	8,64	8,02	8,37	8,49	10,53
2190	7,42	8,57	8,37	8,64	8,01	8,39	8,53	10,43
2191	7,42	8,57	8,38	8,61	8,03	8,41	8,49	10,45
2192	7,43	8,55	8,41	8,64	7,89	8,41	8,52	10,42
2193	7,40	8,57	8,40	8,61	7,91	8,38	8,50	10,42
2194	7,51	8,57	8,40	8,62	7,94	8,42	8,52	10,43
2195	7,51	8,58	8,38	8,62	8,01	8,38	8,52	10,45
2196	7,40	8,57	8,41	8,61	8,01	8,41	8,52	10,43
2197	7,42	8,58	8,38	8,62	7,98	8,41	8,49	10,45
2198	7,42	8,57	8,42	8,62	8,01	8,38	8,53	10,43
2199	7,39	8,57	8,38	8,61	8,01	8,37	8,52	10,43
2200	7,42	8,58	8,41	8,61	7,88	8,39	8,53	10,42
2201	7,42	8,58	8,40	8,60	7,90	8,39	8,50	10,43
2202	7,39	8,57	8,38	8,58	7,90	8,39	8,50	10,42
2203	7,40	8,46	8,38	8,61	7,90	8,41	8,52	10,43
2204	7,40	8,58	8,40	8,62	7,91	8,39	8,53	10,43
2205	7,40	8,55	8,37	8,67	7,90	8,38	8,50	10,43
2206	7,40	8,57	8,40	8,62	7,91	8,37	8,52	10,40
2207	7,42	8,57	8,38	8,50	7,91	8,38	8,53	10,46
2208	7,42	8,58	8,38	8,51	7,91	8,39	8,53	10,45
2209	7,42	8,58	8,40	8,53	7,91	8,38	8,53	10,42
2210	7,42	8,57	8,38	8,53	7,90	8,36	8,52	10,42
2211	7,43	8,57	8,41	8,49	7,90	8,37	8,50	10,42
2212	7,44	8,57	8,37	8,51	7,90	8,38	8,50	10,46
2213	7,42	8,46	8,40	8,49	7,88	8,37	8,48	10,42
2214	7,42	8,43	8,38	8,51	7,90	8,38	8,55	10,38
2215	7,42	8,46	8,36	8,50	7,90	8,38	8,49	10,43
2216	7,40	8,45	8,36	8,50	7,89	8,39	8,53	10,42
2217	7,43	8,46	8,38	8,62	7,91	8,39	8,50	10,42
2218	7,42	8,46	8,41	8,58	7,81	8,41	8,52	10,43
2219	7,39	8,46	8,37	8,60	7,79	8,38	8,49	10,43
2220	7,40	8,46	8,40	8,61	7,91	8,37	8,38	10,43
2221	7,40	8,47	8,37	8,60	7,93	8,38	8,53	10,43
2222	7,54	8,45	8,40	8,62	7,89	8,38	8,41	10,45
2223	7,52	8,45	8,38	8,61	7,88	8,38	8,41	10,43
2224	7,51	8,47	8,38	8,60	7,91	8,38	8,39	10,42
2225	7,42	8,46	8,37	8,62	8,01	8,41	8,39	10,43
2226	7,40	8,46	8,40	8,61	8,01	8,36	8,41	10,43
2227	7,42	8,47	8,40	8,61	8,12	8,39	8,39	10,45
2228	7,39	8,47	8,40	8,61	8,12	8,38	8,53	10,46
2229	7,40	8,49	8,41	8,62	8,12	8,39	8,39	10,45
2230	7,40	8,46	8,40	8,60	8,10	8,42	8,50	10,43
2231	7,43	8,46	8,29	8,61	8,03	8,38	8,50	10,45
2232	7,42	8,47	8,38	8,62	8,02	8,38	8,50	10,43
2233	7,43	8,45	8,28	8,62	7,99	8,38	8,50	10,45
2234	7,40	8,50	8,42	8,61	7,91	8,38	8,53	10,43
2235	7,51	8,46	8,40	8,51	8,03	8,28	8,52	10,42
2236	7,51	8,46	8,41	8,53	7,99	8,28	8,50	10,43
2237	7,42	8,47	8,38	8,49	8,01	8,29	8,52	10,46
2238	7,51	8,47	8,38	8,51	8,02	8,30	8,56	10,46
2239	7,52	8,47	8,38	8,49	8,01	8,28	8,50	10,43
2240	7,40	8,45	8,42	8,51	8,01	8,29	8,53	10,45
2241	7,39	8,47	8,32	8,50	8,01	8,30	8,50	10,45
2242	7,42	8,49	8,29	8,49	7,91	8,28	8,52	10,43
2243	7,42	8,47	8,28	8,51	8,06	8,30	8,53	10,45
2244	7,42	8,43	8,32	8,49	8,01	8,30	8,52	10,45
2245	7,40	8,46	8,29	8,50	8,01	8,28	8,53	10,45
2246	7,42	8,47	8,32	8,51	8,03	8,29	8,50	10,48
2247	7,44	8,50	8,32	8,40	8,01	8,26	8,53	10,46
2248	7,43	8,45	8,28	8,40	7,90	8,30	8,53	10,46
2249	7,42	8,50	8,29	8,42	8,03	8,30	8,52	10,45
2250	7,39	8,46	8,29	8,42	8,03	8,28	8,53	10,45
2251	7,52	8,46	8,28	8,40	7,99	8,30	8,49	10,45
2252	7,54	8,49	8,32	8,40	7,91	8,29	8,52	10,43
2253	7,49	8,47	8,28	8,40	7,90	8,29	8,52	10,46
2254	7,50	8,46	8,29	8,40	7,91	8,30	8,52	10,45
2255	7,54	8,47	8,32	8,40	7,91	8,30	8,53	10,43
2256	7,52	8,47	8,31	8,40	7,90	8,29	8,53	10,43
2257	7,51	8,43	8,27	8,40	7,90	8,30	8,50	10,46
2258	7,51	8,45	8,28	8,40	7,91	8,29	8,50	10,43
2259	7,50	8,49	8,29	8,40	7,90	8,28	8,50	10,43
2260	7,51	8,46	8,31	8,40	7,89	8,28	8,53	10,42
2261	7,54	8,47	8,29	8,40	7,90	8,28	8,50	10,43
2262	7,52	8,46	8,29	8,40	7,90	8,29	8,55	10,43
2263	7,52	8,46	8,29	8,38	7,94	8,25	8,52	10,43
2264	7,54	8,47	8,31	8,39	7,90	8,28	8,55	10,43
2265	7,52	8,49	8,31	8,42	7,91	8,28	8,53	10,43
2266	7,51	8,46	8,29	8,39	7,93	8,29	8,52	10,43
2267	7,52	8,49	8,25	8,40	7,89	8,29	8,53	10,45
2268	7,50	8,46	8,28	8,40	7,93	8,18	8,50	10,40
2269	7,51	8,46	8,28	8,40	8,02	8,16	8,55	10,43
2270	7,42	8,45	8,27	8,40	8,01	8,15	8,52	10,45
2271	7,45	8,45	8,28	8,40	8,01	8,20	8,50	10,43
2272	7,44	8,46	8,32	8,40	8,11	8,17	8,52	10,45
2273	7,51	8,46	8,28	8,39	8,02	8,17	8,52	10,43
2274	7,42	8,46	8,31	8,40	8,01	8,20	8,53	10,42
2275	7,40	8,46	8,28	8,40	8,02	8,16	8,52	10,42
2276	7,43	8,47	8,29	8,39	7,91	8,18	8,50	10,42
2277	7,39	8,45	8,29	8,38	7,91	8,17	8,53	10,43
2278	7,39	8,45	8,27	8,40	7,91	8,16	8,52	10,46
2279	7,43	8,47	8,31	8,40	7,91	8,17	8,52	10,45
2280	7,42	8,47	8,29	8,40	7,91	8,16	8,53	10,43
2281	7,32	8,47	8,27	8,40	7,93	8,18	8,52	10,43
2282	7,42	8,46	8,31	8,39	7,91	8,16	8,52	10,45
2283	7,43	8,43	8,27	8,38	7,80	8,20	8,48	10,43
2284	7,39	8,45	8,29	8,51	7,80	8,16	8,52	10,43
2285	7,40	8,46	8,29	8,51	7,80	8,20	8,53	10,43
2286	7,42	8,47	8,31	8,50	7,82	8,20	8,50	10,42
2287	7,43	8,46	8,28	8,61	7,79	8,07	8,52	10,42
2288	7,51	8,46	8,31	8,61	7,80	8,07	8,39	10,45
2289	7,51	8,45	8,19	8,62	7,81	8,09	8,41	10,45
2290	7,51	8,45	8,28	8,61	7,79	8,08	8,39	10,45
2291	7,51	8,46	8,28	8,62	7,81	8,08	8,41	10,46
2292	7,51	8,50	8,21	8,62	7,81	8,09	8,41	10,43
2293	7,52	8,46	8,21	8,71	7,81	8,08	8,52	10,43
2294	7,54	8,46	8,19	8,69	7,80	8,08	8,55	10,43
2295	7,40	8,49	8,20	8,61	7,81	8,07	8,53	10,43
2296	7,42	8,47	8,29	8,60	7,80	8,08	8,50	10,42
2297	7,44	8,58	8,20	8,57	7,79	8,07	8,53	10,43
2298	7,40	8,46	8,19	8,62	7,80	8,08	8,50	10,46
2299	7,42	8,54	8,19	8,62	7,81	8,07	8,53	10,46
2300	7,42	8,47	8,21	8,64	7,72	8,09	8,52	10,43
2301	7,42	8,58	8,19	8,60	7,68	8,11	8,49	10,43
2302	7,44	8,58	8,21	8,50	7,70	8,07	8,50	10,45
2303	7,51	8,46	8,19	8,50	7,70	8,08	8,55	10,42
2304	7,42	8,45	8,18	8,62	7,71	8,07	8,50	10,43
2305	7,42	8,46	8,16	8,60	7,70	8,08	8,52	10,45
2306	7,42	8,46	8,19	8,62	7,70	8,07	8,41	10,45
2307	7,42	8,46	8,19	8,62	7,80	8,07	8,52	10,45
2308	7,43	8,47	8,21	8,61	7,79	8,11	8,53	10,46
2309	7,42	8,46	8,19	8,62	7,84	8,08	8,52	10,45
2310	7,40	8,47	8,19	8,61	7,81	7,98	8,53	10,43
2311	7,40	8,46	8,18	8,61	7,81	7,98	8,39	10,43
2312	7,42	8,46	8,16	8,72	7,80	7,95	8,39	10,43
2313	7,42	8,49	8,20	8,71	7,81	7,96	8,39	10,45
2314	7,42	8,49	8,20	8,61	7,81	7,99	8,50	10,40
2315	7,42	8,46	8,20	8,62	7,81	7,96	8,42	10,32
2316	7,42	8,45	8,21	8,62	7,81	7,98	8,41	10,32
2317	7,42	8,46	8,20	8,74	7,80	7,99	8,45	10,43
2318	7,42	8,45	8,19	8,72	7,71	7,96	8,44	10,40
2319	7,43	8,47	8,20	8,62	7,80	8,00	8,52	10,30
2320	7,43	8,49	8,21	8,61	7,80	8,00	8,42	10,32
2321	7,42	8,46	8,19	8,61	7,81	7,99	8,41	10,42
2322	7,43	8,47	8,21	8,62	7,82	7,98	8,53	10,32
2323	7,40	8,45	8,19	8,71	7,80	7,98	8,44	10,33
2324	7,42	8,47	8,18	8,62	7,81	7,98	8,41	10,29
2325	7,43	8,46	8,19	8,61	7,82	8,00	8,42	10,32
2326	7,42	8,46	8,19	8,60	7,81	7,99	8,44	10,30
2327	7,39	8,47	8,19	8,61	7,91	7,98	8,41	10,30
2328	7,42	8,46	8,20	8,62	7,82	7,99	8,45	10,35
2329	7,38	8,49	8,18	8,74	7,81	7,98	8,42	10,33
2330	7,42	8,50	8,20	8,60	7,90	7,98	8,41	10,33
2331	7,42	8,47	8,19	8,61	8,02	7,99	8,41	10,32
2332	7,40	8,45	8,19	8,61	7,88	7,98	8,44	10,32
2333	7,32	8,49	8,19	8,61	7,89	7,96	8,33	10,32
2334	7,32	8,47	8,20	8,72	7,90	7,96	8,42	10,33
2335	7,44	8,37	8,20	8,72	7,79	7,98	8,31	10,29
2336	7,40	8,47	8,20	8,72	7,80	7,98	8,33	10,32
2337	7,39	8,46	8,20	8,60	7,80	7,98	8,30	10,32
2338	7,40	8,46	8,19	8,64	7,80	8,00	8,30	10,29
2339	7,42	8,43	8,20	8,61	7,79	7,95	8,31	10,32
2340	7,42	8,37	8,21	8,61	7,81	7,98	8,31	10,32
2341	7,32	8,46	8,19	8,61	7,80	7,98	8,33	10,32
2342	7,33	8,46	8,19	8,62	7,80	7,98	8,30	10,33
2343	7,33	8,37	8,20	8,61	7,80	7,99	8,30	10,30
2344	7,33	8,37	8,20	8,62	7,80	7,98	8,30	10,30
2345	7,31	8,47	8,19	8,62	7,81	7,98	8,31	10,27
2346	7,32	8,47	8,18	8,61	7,80	7,96	8,33	10,30
2347	7,32	8,47	8,19	8,62	7,81	7,98	8,28	10,29
2348	7,33	8,45	8,19	8,61	7,93	7,96	8,30	10,33
2349	7,32	8,46	8,21	8,61	7,91	7,96	8,30	10,32
2350	7,32	8,36	8,19	8,62	7,84	7,99	8,33	10,30
2351	7,31	8,37	8,21	8,50	7,81	7,98	8,30	10,30
2352	7,60	8,38	8,08	8,51	7,82	8,00	8,30	10,32
2353	7,82	8,47	8,10	8,51	7,81	7,98	8,30	10,30
2354	7,79	8,36	8,10	8,50	7,81	7,96	8,31	10,29
2355	7,79	8,91	8,07	8,51	7,81	7,98	8,33	10,29
2356	7,81	8,78	8,08	8,65	7,81	7,98	8,28	10,30
2357	7,81	8,78	8,08	8,61	7,82	7,96	8,31	10,29
2358	7,79	8,78	8,07	8,61	7,81	7,98	8,30	10,27
2359	7,78	8,79	8,08	8,60	7,81	7,96	8,28	10,30
2360	7,81	8,78	8,10	8,62	7,89	8,00	8,28	10,32
2361	7,78	8,79	8,08	8,53	7,90	7,98	8,31	10,32
2362	7,78	8,75	8,10	8,50	7,80	7,94	8,28	10,32
2363	7,78	8,78	8,19	8,49	7,81	7,98	8,27	10,32
2364	7,78	8,75	8,58	8,51	7,79	8,00	8,30	10,32
2365	7,90	8,79	8,67	8,49	7,77	7,95	8,27	10,27
2366	7,90	8,78	8,68	8,93	7,82	7,98	8,30	10,32
2367	7,89	8,76	8,68	8,82	7,89	7,98	8,30	10,32
2368	7,90	8,78	8,70	8,80	7,90	7,98	8,31	10,33
2369	7,90	8,78	8,67	8,82	8,39	7,98	8,30	10,33
2370	7,89	8,76	8,71	8,85	8,42	7,95	8,31	10,30
2371	7,90	8,79	8,68	8,71	8,42	8,59	8,30	10,29
2372	7,79	8,78	8,67	8,74	8,42	8,58	8,41	10,30
2373	7,78	8,67	8,71	8,72	8,43	8,58	8,63	10,32
2374	7,82	8,78	8,71	8,61	8,33	8,60	8,60	10,29
2375	7,79	8,75	8,71	8,61	8,34	8,60	8,64	10,29
2376	7,79	8,66	8,67	8,72	8,39	8,60	8,63	10,30
2377	7,79	8,76	8,80	8,72	8,30	8,55	8,63	10,27
2378	7,79	8,76	8,77	8,74	8,30	8,59	8,61	10,30
2379	7,93	8,79	8,79	8,82	8,30	8,60	8,64	10,32
2380	7,89	8,76	8,80	8,83	8,29	8,58	8,61	10,30
2381	7,90	8,78	8,80	8,82	8,30	8,59	8,63	10,30
2382	7,89	8,76	8,79	8,83	8,31	8,58	8,63	10,30
2383	7,88	8,76	8,79	8,86	8,40	8,62	8,61	10,30
2384	7,88	8,76	8,80	8,83	8,40	8,58	8,63	10,30
2385	7,88	8,75	8,77	8,82	8,29	8,60	8,60	10,32
2386	7,90	8,75	8,79	8,86	8,30	8,58	8,60	10,30
2387	7,89	8,76	8,83	8,83	8,30	8,66	8,63	10,32
2388	7,85	8,76	8,81	8,87	8,39	8,70	8,60	10,35
2389	7,89	8,79	8,81	8,82	8,40	8,67	8,60	10,29
2390	7,89	8,76	8,80	8,80	8,48	8,70	8,61	10,33
2391	7,90	8,78	8,81	8,85	8,48	8,70	8,60	10,30
2392	7,90	8,76	8,79	8,82	8,64	8,71	8,61	10,33
2393	7,91	8,78	8,83	8,85	8,60	8,71	8,63	10,30
2394	7,90	8,79	8,80	8,83	8,62	8,68	8,63	10,29
2395	7,91	8,79	8,80	8,83	8,59	8,70	8,61	10,30
2396	7,89	8,80	8,80	8,85	8,59	8,70	8,61	10,30
2397	7,90	8,79	8,83	8,82	8,53	8,70	8,60	10,30
2398	7,88	8,75	8,77	8,83	8,53	8,70	8,61	10,32
2399	7,90	8,78	8,81	8,86	8,51	8,70	8,64	10,32
2400	7,89	8,76	8,83	8,86	8,52	8,70	8,63	10,30
2401	7,88	8,78	8,80	8,72	8,52	8,68	8,64	10,33
2402	7,79	8,78	8,79	8,72	8,52	8,70	8,63	10,32
2403	7,79	8,78	8,79	8,72	8,53	8,70	8,64	10,30
2404	7,81	8,79	8,79	8,72	8,40	8,70	8,53	10,32
2405	7,90	8,76	8,81	8,72	8,42	8,70	8,65	10,30
2406	7,88	8,79	8,80	8,72	8,42	8,73	8,63	10,33
2407	7,89	8,67	8,83	8,72	8,44	8,70	8,63	10,30
2408	7,93	8,79	8,81	8,74	8,43	8,70	8,61	10,30
2409	7,91	8,71	8,81	8,71	8,44	8,71	8,63	10,32
2410	7,79	8,71	8,81	8,72	8,33	8,68	8,63	10,32
2411	7,89	8,69	8,80	8,76	8,33	8,68	8,64	10,30
2412	7,82	8,76	8,81	8,72	8,39	8,70	8,61	10,30
2413	7,88	8,70	8,81	8,72	8,53	8,70	8,60	10,29
2414	7,79	8,69	8,80	8,61	8,51	8,67	8,63	10,30
2415	7,79	8,67	8,81	8,61	8,52	8,70	8,63	10,32
2416	7,81	8,71	8,79	8,61	8,59	8,70	8,65	10,33
2417	7,82	8,65	8,80	8,61	8,50	8,68	8,59	10,33
2418	7,79	8,69	8,83	8,74	8,53	8,72	8,63	10,33
2419	7,90	8,65	8,92	8,82	8,52	8,68	8,64	10,32
2420	7,90	8,78	8,81	8,85	8,52	8,66	8,64	10,32
2421	7,89	8,79	8,79	8,72	8,52	8,68	8,63	10,32
2422	7,90	8,78	8,83	8,74	8,50	8,71	8,61	10,32
2423	7,81	8,66	8,80	8,72	8,51	8,67	8,63	10,29
2424	7,79	8,67	8,81	8,75	8,40	8,71	8,60	10,30
2425	7,81	8,66	8,79	8,72	8,39	8,70	8,63	10,33
2426	7,89	8,66	8,89	8,71	8,39	8,68	8,63	10,30
2427	7,81	8,67	8,90	8,74	8,44	8,70	8,71	10,30
2428	7,89	8,65	8,89	8,72	8,40	8,70	8,74	10,27
2429	7,88	8,67	8,90	8,74	8,43	8,70	8,63	10,30
2430	7,81	8,67	8,89	8,71	8,42	8,70	8,65	10,35
2431	7,79	8,67	8,79	8,74	8,43	8,68	8,74	10,30
2432	7,79	8,69	8,77	8,61	8,42	8,70	8,75	10,30
2433	7,79	8,67	8,79	8,62	8,42	8,68	8,61	10,32
2434	7,81	8,66	8,79	8,61	8,42	8,68	8,72	10,29
2435	7,81	8,79	8,81	8,62	8,29	8,70	8,71	10,32
2436	7,81	8,79	8,80	8,60	8,33	8,68	8,72	10,32
2437	7,81	8,79	8,80	8,60	8,30	8,68	8,74	10,29
2438	7,81	8,75	8,88	8,61	8,30	8,70	8,72	10,32
2439	7,82	8,66	8,79	8,61	8,31	8,71	8,74	10,32
2440	7,81	8,78	8,90	8,61	8,31	8,70	8,71	10,32
2441	7,81	8,79	8,90	8,61	8,33	8,70	8,74	10,32
2442	7,79	8,76	8,88	8,61	8,33	8,70	8,72	10,30
2443	7,81	8,67	8,92	8,60	8,31	8,70	8,74	10,30
2444	7,82	8,67	8,80	8,64	8,31	8,67	8,71	10,27
2445	7,78	8,69	8,77	8,58	8,30	8,70	8,70	10,30
2446	7,79	8,66	8,90	8,60	8,30	8,68	8,72	10,27
2447	7,81	8,66	8,79	8,64	8,33	8,67	8,71	10,29
2448	7,81	8,76	8,80	8,62	8,34	8,68	8,71	10,29
2449	7,79	8,66	8,76	8,51	8,30	8,70	8,60	10,30
2450	7,81	8,67	8,80	8,51	8,21	8,68	8,63	10,29
2451	7,81	8,65	8,79	8,49	8,21	8,70	8,63	10,30
2452	7,81	8,66	8,80	8,49	8,20	8,70	8,61	10,33
2453	7,79	8,67	8,79	8,50	8,21	8,68	8,64	10,30
2454	7,79	8,67	8,79	8,62	8,20	8,68	8,60	10,30
2455	7,81	8,66	8,80	8,62	8,22	8,71	8,61	10,33
2456	7,79	8,65	8,80	8,62	8,21	8,71	8,63	10,35
2457	7,79	8,67	8,80	8,61	8,21	8,68	8,61	10,32
2458	7,77	8,67	8,80	8,60	8,21	8,68	8,60	10,30
2459	7,79	8,66	8,80	8,62	8,20	8,70	8,64	10,30
2460	7,81	8,70	8,79	8,72	8,22	8,68	8,61	10,32
2461	7,79	8,70	8,81	8,72	8,20	8,71	8,63	10,33
2462	7,79	8,58	8,83	8,72	8,21	8,72	8,63	10,33
2463	7,81	8,63	8,83	8,60	8,21	8,72	8,64	10,35
2464	7,82	8,66	8,80	8,62	8,20	8,71	8,61	10,32
2465	7,82	8,70	8,83	8,64	8,22	8,70	8,63	10,32
2466	7,79	8,65	8,80	8,62	8,11	8,70	8,61	10,29
2467	7,78	8,58	8,77	8,62	8,10	8,71	8,63	10,30
2468	7,82	8,69	8,80	8,61	8,15	8,71	8,63	10,33
2469	7,81	8,58	8,79	8,64	8,08	8,59	8,64	10,29
2470	7,83	8,57	8,79	8,51	8,11	8,71	8,60	10,32
2471	7,79	8,69	8,80	8,51	8,13	8,70	8,64	10,32
2472	7,81	8,69	8,79	8,61	8,10	8,71	8,63	10,32
2473	7,79	8,70	8,77	8,51	8,10	8,70	8,60	10,30
2474	7,79	8,58	8,77	8,53	8,08	8,62	8,63	10,32
2475	7,82	8,58	8,77	8,50	8,11	8,58	8,61	10,30
2476	7,83	8,69	8,79	8,49	8,11	8,68	8,61	10,33
2477	7,78	8,69	8,79	8,62	8,11	8,58	8,65	10,33
2478	7,78	8,59	8,79	8,62	8,13	8,73	8,64	10,30
2479	7,82	8,58	8,81	8,65	8,12	8,71	8,64	10,32
2480	7,83	8,57	8,80	8,72	8,08	8,68	8,60	10,30
2481	7,82	8,67	8,83	8,69	8,11	8,70	8,60	10,27
2482	7,81	8,67	8,80	8,75	8,11	8,62	8,75	10,33
2483	7,78	8,67	8,79	8,71	8,03	8,59	8,64	10,32
2484	7,78	8,67	8,80	8,74	7,99	8,58	8,72	10,32
2485	7,79	8,69	8,81	8,71	8,01	8,60	8,76	10,32
2486	7,79	8,69	8,80	8,74	8,01	8,60	8,76	10,32
2487	7,82	8,70	8,81	8,75	8,02	8,58	8,63	10,35
2488	7,83	8,69	8,83	8,74	8,03	8,62	8,72	10,33
2489	7,79	8,69	8,77	8,71	8,03	8,58	8,72	10,45
2490	7,79	8,59	8,80	8,74	7,99	8,60	8,74	10,43
2491	7,79	8,67	8,84	8,72	8,02	8,62	8,72	10,43
2492	7,81	8,67	8,84	8,71	8,02	8,59	8,74	10,43
2493	7,81	8,59	8,81	8,83	8,02	8,62	8,72	10,43
2494	7,81	8,59	8,80	8,85	8,01	8,59	8,74	10,46
2495	7,78	8,59	8,80	8,85	8,01	8,60	8,70	10,46
2496	7,78	8,58	8,83	8,83	8,03	8,59	8,74	10,40
2497	7,79	8,57	8,89	8,85	7,99	8,58	8,74	10,40
2498	7,81	8,59	8,80	8,74	8,13	8,58	8,74	10,43
2499	7,81	8,57	8,81	8,72	8,11	8,58	8,72	10,42
2500	7,78	8,69	8,77	8,71	8,21	8,58	8,74	10,46
2501	7,82	8,69	8,89	8,72	8,12	8,58	8,76	10,43
2502	7,81	8,66	8,92	8,72	8,12	8,62	8,71	10,43
2503	7,79	8,66	8,90	8,72	8,11	8,58	8,72	10,48
2504	7,77	8,67	8,89	8,71	8,11	8,60	8,71	10,32
2505	7,81	8,67	8,92	8,72	8,11	8,60	8,75	10,32
2506	7,81	8,58	8,89	8,72	8,13	8,59	8,76	10,45
2507	7,81	8,58	8,88	8,74	8,11	8,56	8,72	10,45
2508	7,79	8,66	8,92	8,74	8,15	8,59	8,71	10,43
2509	7,81	8,66	8,80	8,72	8,22	8,60	8,72	10,32
2510	7,79	8,66	8,81	8,72	8,21	8,60	8,74	10,32
2511	7,79	8,66	8,89	8,74	8,11	8,59	8,75	10,45
2512	7,78	8,67	8,89	8,72	8,11	8,62	8,74	10,30
2513	7,82	8,69	8,90	8,69	8,15	8,58	8,74	10,38
2514	7,81	8,66	8,89	8,86	8,10	8,60	8,71	10,43
2515	7,81	8,67	8,89	8,82	8,15	8,60	8,72	10,42
2516	7,81	8,67	8,89	8,82	8,21	8,59	8,71	10,32
2517	7,81	8,66	8,92	8,85	8,21	8,59	8,72	10,33
2518	7,77	8,67	8,90	8,83	8,22	8,59	8,71	10,33
2519	7,79	8,69	8,90	8,72	8,21	8,59	8,72	10,32
2520	7,78	8,67	8,90	8,87	8,24	8,60	8,74	10,45
2521	7,81	8,67	8,89	8,85	8,22	8,60	8,71	10,46
2522	7,70	8,69	8,89	8,71	8,22	8,59	8,74	10,43
2523	7,70	8,69	8,88	8,72	8,22	8,59	8,72	10,42
2524	7,71	8,69	8,88	8,74	8,22	8,60	8,75	10,43
2525	7,70	8,75	8,88	8,72	8,22	8,56	8,72	10,42
2526	7,78	8,67	8,86	8,74	8,21	8,60	8,75	10,30
2527	7,78	8,69	8,89	8,74	8,24	8,58	8,75	10,32
2528	7,81	8,69	8,88	8,86	8,13	8,58	8,74	10,30
2529	7,81	8,67	8,90	8,85	8,20	8,60	8,75	10,30
2530	7,79	8,67	8,89	8,85	8,21	8,60	8,74	10,33
2531	7,79	8,66	8,89	8,75	8,22	8,59	8,76	10,30
2532	7,81	8,67	8,88	8,76	8,24	8,50	8,74	10,30
2533	7,71	8,69	8,89	8,74	8,21	8,60	8,72	10,32
2534	7,71	8,65	8,88	8,72	8,21	8,59	8,71	10,45
2535	7,71	8,67	8,89	8,74	8,24	8,59	8,72	10,42
2536	7,71	8,67	8,93	8,74	8,21	8,60	8,74	10,33
2537	7,68	8,66	8,92	8,72	8,21	8,50	8,74	10,32
2538	7,71	8,65	8,89	8,61	8,20	8,59	8,72	10,32
2539	7,72	8,70	8,89	8,71	8,30	8,47	8,71	10,30
2540	7,71	8,70	8,90	8,60	8,21	8,47	8,75	10,30
2541	7,70	8,69	8,79	8,58	8,21	8,58	8,71	10,29
2542	7,67	8,66	8,77	8,72	8,21	8,50	8,75	10,30
2543	7,79	8,70	8,81	8,72	8,22	8,49	8,74	10,32
2544	7,79	8,69	8,77	8,85	8,22	8,50	8,75	10,33
2545	7,76	8,69	8,77	8,82	8,19	8,50	8,72	10,32
2546	7,81	8,69	8,89	8,85	8,21	8,46	8,74	10,32
2547	7,79	8,66	8,89	8,83	8,30	8,49	8,72	10,30
2548	7,79	8,67	8,88	8,82	8,29	8,47	8,74	10,29
2549	7,79	8,69	8,90	8,83	8,29	8,49	8,71	10,33
2550	7,81	8,69	8,81	8,82	8,30	8,47	8,74	10,33
2551	7,79	8,63	8,79	8,82	8,40	8,47	8,75	10,30
2552	7,79	8,67	8,76	8,74	8,33	8,47	8,75	10,32
2553	7,81	8,67	8,89	8,72	8,31	8,50	8,64	10,33
2554	7,79	8,67	8,89	8,72	8,29	8,50	8,75	10,33
2555	7,70	8,67	8,89	8,72	8,30	8,49	8,64	10,29
2556	7,70	8,67	8,89	8,74	8,31	8,50	8,64	10,33
2557	7,72	8,69	8,92	8,72	8,35	8,50	8,63	10,35
2558	7,71	8,67	8,90	8,83	8,21	8,50	8,63	10,32
2559	7,71	8,67	8,92	8,83	8,25	8,50	8,64	10,30
2560	7,71	8,67	8,79	8,85	8,19	8,51	8,60	10,30
2561	7,70	8,70	8,80	8,86	8,34	8,53	8,61	10,29
2562	7,71	8,66	8,89	8,85	8,30	8,47	8,63	10,32
2563	7,71	8,69	8,81	8,82	8,31	8,50	8,65	10,29
2564	7,71	8,69	8,79	8,85	8,31	8,49	8,63	10,30
2565	7,73	8,59	8,80	8,82	8,30	8,50	8,61	10,30
2566	7,67	8,67	8,79	8,83	8,21	8,50	8,63	10,35
2567	7,70	8,69	8,77	8,83	8,21	8,50	8,61	10,32
2568	7,71	8,58	8,77	8,83	8,21	8,50	8,63	10,32
2569	7,70	8,57	8,77	8,82	8,21	8,47	8,63	10,32
2570	7,72	8,55	8,80	8,82	8,21	8,50	8,74	10,29
2571	7,70	8,58	8,79	8,82	8,19	8,49	8,75	10,27
2572	7,70	8,57	8,80	8,83	8,20	8,50	8,74	10,27
2573	7,79	8,58	8,80	8,82	8,22	8,50	8,72	10,32
2574	7,72	8,66	8,80	8,74	8,22	8,47	8,74	10,30
2575	7,83	8,69	8,84	8,85	8,21	8,50	8,71	10,32
2576	7,71	8,69	8,79	8,79	8,21	8,49	8,74	10,32
2577	7,81	8,66	8,81	8,82	8,21	8,50	8,70	10,30
2578	7,81	8,58	8,77	8,85	8,21	8,51	8,74	10,32
2579	7,79	8,58	8,79	8,83	8,11	8,50	8,71	10,30
2580	7,81	8,57	8,81	8,80	8,22	8,49	8,75	10,32
2581	7,70	8,57	8,81	8,96	8,10	8,47	8,74	10,30
2582	7,79	8,57	8,81	8,93	8,22	8,49	8,74	10,29
2583	7,72	8,57	8,81	8,96	8,11	8,49	8,75	10,33
2584	7,82	8,59	8,81	8,79	8,12	8,47	8,76	10,32
2585	7,71	8,57	8,80	8,85	8,13	8,49	8,71	10,29
2586	7,70	8,57	8,79	8,82	8,11	8,38	8,74	10,30
2587	7,70	8,58	8,81	8,82	8,12	8,49	8,71	10,32
2588	7,72	8,57	8,81	8,80	8,08	8,49	8,74	10,33
2589	7,81	8,55	8,81	8,93	8,11	8,46	8,74	10,30
2590	7,71	8,58	8,77	8,83	8,11	8,50	8,74	10,30
2591	7,72	8,59	8,79	8,80	8,11	8,39	8,74	10,32
2592	7,78	8,57	8,77	8,85	8,11	8,37	8,72	10,45
2593	7,71	8,59	8,81	8,83	8,10	8,39	8,75	10,32
2594	7,70	8,58	8,79	8,83	8,11	8,38	8,74	10,45
2595	7,71	8,55	8,81	8,85	8,11	8,37	8,74	10,32
2596	7,81	8,58	8,79	8,82	8,11	8,47	8,72	10,32
2597	7,81	8,59	8,81	8,79	8,11	8,47	8,72	10,29
2598	7,78	8,57	8,80	8,80	8,08	8,38	8,71	10,27
2599	7,82	8,57	8,71	8,93	8,13	8,50	8,74	10,32
2600	7,77	8,65	8,67	8,94	8,11	8,49	8,71	10,30
2601	7,81	8,62	8,70	8,79	8,10	8,38	8,72	10,27
2602	7,70	8,67	8,68	8,83	8,11	8,49	8,61	10,29
2603	7,68	8,57	8,71	8,83	8,13	8,37	8,72	10,30
2604	7,68	8,67	8,68	8,72	8,08	8,37	8,72	10,33
2605	7,81	8,66	8,71	8,85	8,11	8,37	8,74	10,32
2606	7,79	8,69	8,68	8,83	8,10	8,36	8,70	10,32
2607	7,79	8,55	8,71	8,80	8,11	8,38	8,74	10,30
2608	7,81	8,57	8,67	8,82	8,11	8,38	8,74	10,33
2609	7,81	8,55	8,71	8,83	8,11	8,38	8,74	10,29
2610	7,78	8,58	8,71	8,80	8,11	8,38	8,63	10,29
2611	7,79	8,57	8,70	8,83	8,08	8,41	8,64	10,30
2612	7,79	8,57	8,70	8,83	8,13	8,38	8,72	10,37
2613	7,78	8,55	8,71	8,83	8,11	8,38	8,74	10,30
2614	7,81	8,57	8,71	8,71	8,11	8,39	8,63	10,32
2615	8,88	8,58	8,72	8,60	8,11	8,37	8,63	10,33
2616	10,71	8,57	8,68	8,61	7,98	8,41	8,61	10,30
2617	10,61	8,58	8,68	8,58	8,03	8,38	8,63	10,32
2618	10,61	9,61	8,71	8,69	7,99	8,38	8,61	10,32
2619	10,60	10,24	8,68	8,72	8,11	8,39	8,65	10,33
2620	10,62	10,64	8,72	8,71	8,11	8,37	8,63	10,33
2621	10,51	10,73	8,72	8,74	8,11	8,49	8,63	10,33
2622	10,60	10,74	8,68	8,74	8,22	8,49	8,65	10,32
2623	10,50	10,77	9,31	8,71	8,21	8,50	8,61	10,33
2624	10,51	10,67	9,62	8,75	8,21	8,41	8,63	10,32
2625	10,52	10,64	9,74	8,74	8,21	8,50	8,63	10,30
2626	10,47	10,64	10,19	8,85	8,20	8,50	8,65	10,32
2627	10,51	10,65	10,54	8,72	8,20	8,51	8,63	10,32
2628	10,50	10,54	10,75	8,71	8,21	8,49	8,63	10,32
2629	10,51	10,54	10,63	9,48	8,31	8,47	8,64	10,33
2630	10,50	10,53	10,63	10,52	8,33	8,50	8,61	10,32
2631	10,51	10,53	10,66	11,07	8,21	8,49	8,63	10,32
2632	10,40	10,56	10,62	10,96	8,22	8,39	8,63	10,33
2633	10,40	10,95	10,62	10,98	8,20	8,49	8,63	10,45
2634	10,40	10,94	10,62	10,96	8,21	8,50	8,60	10,46
2635	10,51	10,95	10,63	10,99	8,29	8,39	8,61	10,45
2636	10,50	10,94	10,63	10,85	9,14	8,38	8,65	10,43
2637	10,51	10,96	10,62	10,85	9,82	8,41	8,64	10,46
2638	10,49	10,94	10,61	10,89	10,35	8,38	8,63	10,42
2639	10,51	10,93	10,61	10,89	10,33	8,38	8,60	10,43
2640	10,49	10,94	10,63	10,87	10,34	8,58	8,61	10,46
2641	10,52	10,96	10,65	10,85	10,34	9,07	8,64	10,43
2642	10,50	10,93	10,61	10,88	10,33	9,61	8,64	10,42
2643	10,39	10,83	10,63	10,77	10,25	10,15	8,61	10,42
2644	10,41	10,86	10,65	10,76	10,26	10,65	8,63	10,45
2645	10,41	10,85	10,65	10,89	10,28	10,75	8,63	10,45
2646	10,43	10,83	10,63	10,88	10,25	10,75	9,35	10,42
2647	10,41	10,83	10,65	10,87	10,25	10,66	10,01	10,43
2648	10,39	10,86	10,63	10,87	10,13	10,65	10,46	10,45
2649	10,40	10,86	10,63	10,87	10,13	10,65	10,66	10,43
2650	10,40	10,86	10,62	10,91	10,13	10,63	10,68	11,17
2651	10,39	10,86	10,62	10,84	10,15	10,63	10,66	11,85
2652	10,40	10,94	10,59	10,78	10,16	10,63	10,64	12,45
2653	10,40	10,94	10,58	10,85	10,13	10,63	10,63	12,96
2654	10,41	10,95	10,61	10,77	10,15	10,63	10,67	12,84
2655	10,39	10,93	10,61	10,77	10,15	10,65	10,67	12,83
2656	10,41	10,95	10,62	10,77	10,15	10,66	10,75	12,83
2657	10,41	10,96	10,62	10,77	10,15	10,66	10,81	13,10
2658	10,38	10,94	10,62	10,76	10,16	10,63	10,77	13,20
2659	10,39	10,96	10,59	10,74	10,24	10,63	10,75	13,09
2660	10,30	10,94	10,61	10,66	10,35	10,65	10,66	13,05
2661	10,30	10,82	10,62	10,67	10,35	10,66	10,74	13,10
2662	10,40	10,94	10,62	10,66	10,34	10,62	10,67	13,10
2663	10,30	10,95	10,65	10,67	10,35	10,63	10,77	13,10
2664	10,30	10,86	10,62	10,69	10,44	10,65	10,75	13,07
2665	10,32	10,85	10,72	10,66	10,46	10,65	10,79	13,07
2666	10,33	10,85	10,71	10,55	10,56	10,66	10,75	13,07
2667	10,30	10,86	10,71	10,56	10,57	10,63	10,66	13,09
2668	10,29	10,85	10,72	10,66	10,65	10,63	10,62	13,10
2669	10,41	10,83	10,74	10,66	10,64	10,54	10,77	13,09
2670	10,38	10,82	10,70	10,64	10,64	10,55	10,77	13,12
2671	10,41	10,83	10,71	10,67	10,64	10,63	10,77	12,96
2672	10,40	10,86	10,70	10,66	10,65	10,65	10,66	12,99
2673	10,41	10,82	10,72	10,64	10,67	10,66	10,78	12,99
2674	10,41	10,86	10,70	10,67	10,65	10,63	10,77	12,96
2675	10,40	10,86	10,63	10,66	10,53	10,65	10,74	12,97
2676	10,39	10,82	10,62	10,66	10,55	10,65	10,75	12,97
2677	10,29	10,75	10,63	10,56	10,55	10,65	10,77	12,99
2678	10,43	10,73	10,62	10,66	10,56	10,63	10,78	12,99
2679	10,40	10,73	10,63	10,64	10,53	10,63	10,77	13,01
2680	10,30	10,85	10,61	10,56	10,43	10,66	10,78	12,99
2681	10,29	10,74	10,62	10,45	10,46	10,66	10,67	12,97
2682	10,30	10,86	10,63	10,45	10,44	10,66	10,67	12,97
2683	10,32	10,74	10,61	10,55	10,46	10,65	10,66	12,96
2684	10,30	10,77	10,61	10,55	10,47	10,65	10,66	12,99
2685	10,40	10,74	10,61	10,58	10,44	10,66	10,78	12,96
2686	10,40	10,74	10,62	10,67	10,56	10,67	10,67	12,97
2687	10,39	10,74	10,63	10,64	10,66	10,54	10,64	12,97
2688	10,33	10,74	10,62	10,55	10,67	10,54	10,77	13,01
2689	10,33	10,85	10,63	10,56	10,66	10,55	10,66	12,99
2690	10,40	10,75	10,63	10,66	10,75	10,67	10,64	12,99
2691	10,41	10,87	10,62	10,69	10,75	10,66	10,66	12,96
2692	10,29	10,85	10,62	10,69	10,66	10,54	10,78	12,97
2693	10,41	10,85	10,63	10,64	10,65	10,53	10,78	12,99
2694	10,32	10,77	10,65	10,56	10,65	10,66	10,78	12,99
2695	10,29	10,73	10,63	10,55	10,56	10,66	10,78	12,99
2696	10,30	10,78	10,62	10,56	10,55	10,65	10,77	12,99
2697	10,28	10,75	10,63	10,55	10,55	10,62	10,77	12,97
2698	10,30	10,75	10,62	10,55	10,55	10,68	10,77	12,97
2699	10,29	10,75	10,62	10,53	10,47	10,67	10,75	12,97
2700	10,29	10,74	10,62	10,58	10,46	10,54	10,75	13,01
2701	10,30	10,75	10,61	10,56	10,44	10,55	10,78	13,01
2702	10,30	10,75	10,62	10,56	10,46	10,55	10,77	12,97
2703	10,30	10,75	10,61	10,56	10,47	10,59	10,79	12,97
2704	10,29	10,73	10,63	10,56	10,46	10,55	10,74	12,94
2705	10,29	10,74	10,63	10,56	10,56	10,53	10,81	12,96
2706	10,30	10,85	10,63	10,59	10,58	10,53	10,78	12,96
2707	10,30	10,75	10,61	10,53	10,57	10,53	10,77	12,96
2708	10,30	10,74	10,65	10,58	10,52	10,54	10,75	13,07
2709	10,30	10,71	10,65	10,59	10,56	10,54	10,77	13,10
2710	10,32	10,71	10,62	10,55	10,55	10,53	10,77	12,92
2711	10,30	10,75	10,63	10,56	10,56	10,53	10,77	12,94
2712	10,30	10,75	10,62	10,56	10,58	10,53	10,77	12,99
2713	10,19	10,75	10,63	10,45	10,55	10,54	10,77	12,94
2714	10,19	10,75	10,61	10,48	10,53	10,54	10,74	12,97
2715	10,22	10,73	10,61	10,55	10,44	10,55	10,77	12,99
2716	10,28	10,74	10,59	10,56	10,47	10,55	10,75	12,97
2717	10,30	10,87	10,62	10,64	10,44	10,53	10,75	12,97
2718	10,33	10,73	10,63	10,64	10,46	10,55	10,78	12,97
2719	10,32	10,73	10,53	10,67	10,31	10,55	10,78	12,97
2720	10,29	10,85	10,50	10,63	10,34	10,54	10,75	12,94
2721	10,30	10,83	10,50	10,56	10,33	10,53	10,77	12,96
2722	10,33	10,83	10,52	10,67	10,34	10,55	10,78	12,96
2723	10,30	10,86	10,53	10,56	10,34	10,54	10,77	12,96
2724	10,22	10,83	10,52	10,46	10,33	10,54	10,78	13,01
2725	10,21	10,85	10,53	10,45	10,34	10,53	10,78	12,97
2726	10,22	10,86	10,53	10,45	10,34	10,55	10,77	12,97
2727	10,22	10,74	10,56	10,45	10,35	10,55	10,75	12,94
2728	10,30	10,73	10,63	10,58	10,34	10,53	10,75	12,99
2729	10,29	10,75	10,54	10,56	10,33	10,55	10,77	12,97
2730	10,29	10,71	10,62	10,55	10,38	10,54	10,77	12,96
2731	10,30	10,75	10,61	10,56	10,33	10,54	10,75	12,96
2732	10,30	10,73	10,50	10,55	10,31	10,54	10,79	12,97
2733	10,30	10,74	10,63	10,56	10,33	10,54	10,78	12,97
2734	10,32	10,74	10,61	10,56	10,35	10,41	10,64	12,97
2735	10,29	10,73	10,53	10,55	10,34	10,57	10,64	12,97
2736	10,30	10,75	10,63	10,58	10,33	10,45	10,64	12,97
2737	10,29	10,77	10,62	10,58	10,33	10,42	10,66	12,97
2738	10,30	10,75	10,50	10,53	10,33	10,45	10,66	12,97
2739	10,30	10,74	10,62	10,58	10,34	10,45	10,75	12,97
2740	10,30	10,74	10,65	10,45	10,35	10,54	10,66	12,97
2741	10,28	10,74	10,62	10,45	10,37	10,44	10,68	12,99
2742	10,43	10,75	10,62	10,44	10,35	10,46	10,66	12,97
2743	10,32	10,77	10,54	10,44	10,34	10,42	10,64	12,97
2744	10,30	10,73	10,53	10,55	10,33	10,44	10,63	12,96
2745	10,32	10,74	10,53	10,55	10,34	10,44	10,67	12,97
2746	10,32	10,65	10,54	10,56	10,33	10,41	10,64	12,97
2747	10,29	10,66	10,52	10,58	10,35	10,44	10,67	12,92
2748	10,40	10,64	10,52	10,55	10,34	10,46	10,64	12,97
2749	10,29	10,66	10,52	10,56	10,33	10,42	10,66	12,88
2750	10,39	10,64	10,53	10,55	10,33	10,45	10,64	12,97
2751	10,30	10,65	10,54	10,56	10,35	10,44	10,64	12,84
2752	10,29	10,66	10,53	10,55	10,34	10,45	10,64	12,83
2753	10,30	10,64	10,53	10,56	10,34	10,44	10,66	12,83
2754	10,33	10,64	10,52	10,52	10,34	10,46	10,64	12,81
2755	10,30	10,66	10,53	10,64	10,34	10,46	10,64	12,84
2756	10,30	10,66	10,54	10,67	10,24	10,42	10,64	12,84
2757	10,29	10,65	10,50	10,52	10,25	10,45	10,68	12,84
2758	10,29	10,66	10,52	10,58	10,26	10,42	10,66	12,81
2759	10,29	10,62	10,53	10,58	10,25	10,41	10,66	12,86
2760	10,39	10,65	10,52	10,66	10,26	10,44	10,66	12,84
2761	10,32	10,62	10,61	10,56	10,35	10,42	10,66	12,97
2762	10,33	10,66	10,62	10,56	10,22	10,44	10,64	12,96
2763	10,40	10,64	10,53	10,55	10,28	10,46	10,68	12,96
2764	10,30	10,66	10,53	10,63	10,22	10,42	10,63	12,99
2765	10,30	10,62	10,53	10,55	10,25	10,46	10,79	12,97
2766	10,30	10,65	10,52	10,63	10,25	10,44	10,64	12,96
2767	10,28	10,64	10,53	10,66	10,28	10,46	10,67	12,97
2768	10,30	10,65	10,52	10,66	10,25	10,41	10,63	12,94
2769	10,30	10,62	10,53	10,78	10,22	10,45	10,66	12,99
2770	10,32	10,64	10,53	10,74	10,25	10,45	10,66	12,96
2771	10,28	10,65	10,49	10,77	10,25	10,42	10,66	12,94
2772	10,32	10,65	10,50	10,69	10,25	10,42	10,68	12,97
2773	10,28	10,67	10,49	10,78	10,34	10,44	10,67	12,97
2774	10,30	10,66	10,53	10,64	10,34	10,45	10,77	12,96
2775	10,30	10,62	10,65	10,66	10,31	10,46	10,78	12,97
2776	10,32	10,64	10,63	10,67	10,25	10,45	10,79	12,96
2777	10,29	10,64	10,63	10,67	10,24	10,46	10,77	12,97
2778	10,30	10,66	10,62	10,66	10,22	10,44	10,75	12,97
2779	10,32	10,64	10,63	10,66	10,26	10,45	10,70	12,96
2780	10,29	10,66	10,62	10,66	10,26	10,46	10,78	12,97
2781	10,30	10,67	10,63	10,69	10,26	10,48	10,75	12,99
2782	10,30	10,65	10,62	10,63	10,25	10,46	10,78	12,99
2783	10,29	10,66	10,66	10,66	10,34	10,44	10,78	12,97
2784	10,29	10,66	10,63	10,64	10,24	10,46	10,78	12,97
2785	10,32	10,65	10,62	10,52	10,26	10,44	10,77	12,96
2786	10,32	10,64	10,63	10,55	10,24	10,41	10,75	12,97
2787	10,33	10,65	10,59	10,53	10,35	10,42	10,64	12,97
2788	10,30	10,52	10,63	10,56	10,33	10,42	10,64	12,97
2789	10,30	10,62	10,65	10,52	10,33	10,44	10,62	12,96
2790	10,29	10,52	10,62	10,56	10,26	10,45	10,66	12,97
2791	10,29	10,54	10,61	10,55	10,24	10,42	10,66	12,97
2792	10,33	10,66	10,63	10,67	10,24	10,44	10,66	12,96
2793	10,29	10,65	10,62	10,56	10,34	10,45	10,67	12,96
2794	10,30	10,64	10,62	10,55	10,33	10,45	10,67	12,97
2795	10,33	10,64	10,63	10,67	10,35	10,44	10,67	12,99
2796	10,33	10,65	10,63	10,66	10,35	10,44	10,66	12,96
2797	10,21	10,64	10,52	10,55	10,34	10,46	10,64	12,97
2798	10,19	10,64	10,63	10,55	10,34	10,45	10,67	12,99
2799	10,22	10,65	10,61	10,53	10,33	10,45	10,66	12,97
2800	10,23	10,64	10,62	10,56	10,34	10,41	10,63	12,96
2801	10,22	10,64	10,54	10,53	10,34	10,44	10,64	12,97
2802	10,29	10,65	10,54	10,64	10,35	10,45	10,66	12,97
2803	10,30	10,64	10,62	10,63	10,35	10,44	10,66	12,97
2804	10,29	10,67	10,50	10,64	10,33	10,40	10,63	12,94
2805	10,30	10,65	10,49	10,66	10,37	10,41	10,68	12,99
2806	10,30	10,64	10,50	10,67	10,35	10,44	10,63	12,84
2807	10,29	10,62	10,62	10,64	10,31	10,42	10,66	12,84
2808	10,32	10,64	10,62	10,66	10,34	10,42	10,66	12,86
2809	10,29	10,65	10,62	10,67	10,31	10,45	10,67	12,83
2810	10,22	10,64	10,62	10,64	10,30	10,44	10,64	12,83
2811	10,22	10,64	10,63	10,66	10,34	10,44	10,66	12,88
2812	10,22	10,62	10,63	10,64	10,35	10,45	10,68	12,81
2813	10,34	10,64	10,63	10,62	10,33	10,44	10,60	12,97
2814	10,23	10,64	10,62	10,64	10,35	10,45	10,64	12,97
2815	10,28	10,61	10,52	10,64	10,34	10,44	10,56	12,96
2816	10,30	10,66	10,62	10,64	10,34	10,41	10,53	12,94
2817	10,30	10,64	10,53	10,67	10,34	10,44	10,64	12,79
2818	10,29	10,64	10,49	10,67	10,34	10,44	10,63	12,96
2819	10,30	10,65	10,62	10,63	10,34	10,44	10,66	12,97
2820	10,39	10,66	10,53	10,66	10,34	10,46	10,64	12,84
2821	10,41	10,64	10,54	10,66	10,33	10,45	10,66	12,97
2822	10,43	10,65	10,53	10,64	10,34	10,45	10,67	12,84
2823	10,41	10,64	10,53	10,66	10,34	10,45	10,66	12,86
2824	10,41	10,65	10,53	10,55	10,35	10,45	10,68	12,83
2825	10,40	10,65	10,53	10,51	10,35	10,44	10,64	12,83
2826	10,39	10,64	10,52	10,55	10,35	10,44	10,64	12,88
2827	10,29	10,62	10,52	10,67	10,33	10,46	10,66	12,86
2828	10,29	10,66	10,52	10,66	10,37	10,45	10,67	12,86
2829	10,33	10,65	10,56	10,55	10,34	10,45	10,66	12,86
2830	10,30	10,66	10,53	10,55	10,24	10,45	10,66	12,86
2831	10,32	10,62	10,50	10,55	10,24	10,45	10,67	12,97
2832	10,29	10,65	10,52	10,55	10,25	10,44	10,63	12,86
2833	10,30	10,64	10,53	10,55	10,28	10,45	10,66	12,81
2834	10,34	10,64	10,56	10,55	10,26	10,45	10,66	12,84
2835	10,29	10,64	10,53	10,55	10,25	10,41	10,66	12,86
2836	10,32	10,56	10,53	10,55	10,25	10,45	10,64	12,84
2837	10,32	10,65	10,53	10,55	10,24	10,44	10,64	12,97
2838	10,19	10,66	10,50	10,53	10,25	10,45	10,70	12,99
2839	10,19	10,64	10,53	10,53	10,24	10,46	10,63	12,84
2840	10,30	10,65	10,49	10,56	10,24	10,45	10,67	12,86
2841	10,30	10,64	10,53	10,56	10,24	10,45	10,64	12,84
2842	10,32	10,61	10,53	10,58	10,25	10,45	10,64	12,86
2843	10,30	10,64	10,52	10,55	10,25	10,41	10,66	12,84
2844	10,28	10,62	10,53	10,56	10,25	10,46	10,67	12,88
2845	10,19	10,66	10,53	10,55	10,26	10,45	10,64	12,84
2846	10,32	10,64	10,53	10,53	10,22	10,44	10,64	12,84
2847	10,32	10,64	10,53	10,66	10,25	10,45	10,66	12,86
2848	10,21	10,64	10,53	10,53	10,24	10,45	10,68	12,84
2849	10,21	10,66	10,54	10,55	10,25	10,45	10,66	12,86
2850	10,21	10,65	10,54	10,67	10,38	10,45	10,66	12,97
2851	10,23	10,64	10,53	10,55	10,34	10,44	10,67	12,83
2852	10,22	10,65	10,53	10,66	10,35	10,44	10,66	12,94
2853	10,22	10,53	10,52	10,55	10,35	10,44	10,67	12,96
2854	10,24	10,65	10,53	10,55	10,26	10,44	10,67	12,96
2855	10,19	10,66	10,54	10,58	10,35	10,46	10,68	12,99
2856	10,24	10,54	10,53	10,58	10,34	10,45	10,66	12,94
2857	10,22	10,54	10,52	10,55	10,35	10,46	10,68	12,97
2858	10,29	10,53	10,56	10,55	10,35	10,34	10,68	12,97
2859	10,22	10,54	10,53	10,58	10,47	10,37	10,64	12,99
2860	10,30	10,53	10,53	10,55	10,35	10,32	10,67	12,83
2861	10,32	10,54	10,53	10,56	10,46	10,46	10,67	12,83
2862	10,29	10,56	10,53	10,56	10,43	10,46	10,67	12,86
2863	10,30	10,54	10,52	10,53	10,44	10,46	10,64	12,97
2864	10,32	10,64	10,54	10,58	10,44	10,44	10,68	12,99
2865	10,19	10,54	10,53	10,55	10,35	10,36	10,66	12,86
2866	10,30	10,57	10,52	10,56	10,35	10,42	10,66	12,83
2867	10,21	10,65	10,52	10,66	10,34	10,45	10,67	12,97
2868	10,30	10,53	10,49	10,67	10,35	10,33	10,68	12,84
2869	10,29	10,64	10,53	10,56	10,35	10,34	10,67	12,84
2870	10,30	10,64	10,54	10,66	10,35	10,45	10,67	12,88
2871	10,29	10,65	10,53	10,67	10,38	10,34	10,68	12,88
2872	10,21	10,64	10,54	10,56	10,46	10,34	10,64	12,86
2873	10,29	10,65	10,53	10,53	10,35	10,46	10,66	12,81
2874	10,30	10,65	10,52	10,55	10,37	10,30	10,67	12,83
2875	10,29	10,65	10,52	10,55	10,35	10,33	10,64	12,86
2876	10,30	10,62	10,53	10,51	10,33	10,33	10,67	12,84
2877	10,30	10,53	10,53	10,52	10,34	10,44	10,64	12,83
2878	10,29	10,67	10,52	10,64	10,35	10,45	10,67	12,83
2879	10,32	10,65	10,61	10,56	10,35	10,46	10,64	12,84
2880	10,30	10,66	10,63	10,52	10,34	10,46	10,66	12,88
2881	10,30	10,65	10,63	10,56	10,34	10,42	10,66	12,84
2882	10,30	10,65	10,52	10,56	10,33	10,46	10,68	12,83
2883	10,32	10,64	10,56	10,55	10,33	10,48	10,67	12,83
2884	10,32	10,62	10,53	10,56	10,37	10,44	10,66	12,81
2885	10,18	10,65	10,53	10,55	10,34	10,46	10,64	12,81
2886	10,29	10,66	10,52	10,53	10,35	10,45	10,64	12,84
2887	10,22	10,64	10,54	10,55	10,37	10,48	10,66	12,84
2888	10,22	10,66	10,54	10,55	10,35	10,44	10,68	12,83
2889	10,19	10,66	10,52	10,55	10,35	10,45	10,63	12,84
2890	10,30	10,65	10,50	10,55	10,33	10,45	10,64	12,97
2891	10,30	10,62	10,52	10,53	10,25	10,44	10,63	12,86
2892	10,30	10,67	10,61	10,55	10,34	10,44	10,67	12,86
2893	10,30	10,64	10,53	10,55	10,35	10,45	10,63	12,84
2894	10,22	10,62	10,52	10,58	10,31	10,45	10,66	12,83
2895	10,22	10,65	10,50	10,55	10,37	10,44	10,64	12,88
2896	10,30	10,64	10,54	10,56	10,33	10,44	10,64	12,81
2897	10,19	10,65	10,50	10,53	10,33	10,41	10,63	12,84
2898	10,32	10,66	10,65	10,55	10,35	10,44	10,64	12,81
2899	10,29	10,62	10,61	10,45	10,37	10,45	10,66	12,86
2900	10,30	10,74	10,63	10,56	10,31	10,42	10,64	12,81
2901	10,30	10,66	10,65	10,46	10,35	10,44	10,66	12,84
2902	10,29	10,64	10,62	10,45	10,37	10,45	10,67	12,83
2903	10,33	10,65	10,62	10,45	10,31	10,42	10,67	12,84
2904	10,29	10,65	10,61	10,42	10,35	10,42	10,66	12,81
2905	10,32	10,64	10,63	10,44	10,33	10,42	10,66	12,83
2906	10,22	10,60	10,63	10,53	10,34	10,44	10,67	12,84
2907	10,22	10,66	10,63	10,53	10,37	10,34	10,67	12,86
2908	10,32	10,64	10,62	10,55	10,38	10,44	10,67	12,84
2909	10,21	10,64	10,63	10,55	10,33	10,33	10,64	12,84
2910	10,32	10,75	10,62	10,56	10,25	10,44	10,66	12,86
2911	10,33	10,64	10,63	10,55	10,28	10,33	10,67	12,84
2912	10,29	10,64	10,62	10,55	10,34	10,45	10,64	12,83
2913	10,32	10,65	10,63	10,55	10,37	10,45	10,63	12,84
2914	10,28	10,66	10,63	10,42	10,26	10,46	10,63	12,84
2915	10,32	10,66	10,62	10,44	10,22	10,45	10,66	12,86
2916	10,33	10,65	10,53	10,42	10,26	10,34	10,64	12,84
2917	10,33	10,65	10,54	10,46	10,35	10,34	10,67	12,84
2918	10,23	10,65	10,53	10,44	10,33	10,34	10,67	12,83
2919	10,23	10,66	10,53	10,46	10,35	10,34	10,64	12,84
2920	10,21	10,64	10,52	10,44	10,37	10,33	10,67	12,86
2921	10,22	10,65	10,53	10,48	10,35	10,37	10,56	12,84
2922	10,21	10,64	10,52	10,46	10,35	10,34	10,64	12,89
2923	10,22	10,65	10,53	10,41	10,43	10,34	10,56	12,83
2924	10,33	10,66	10,53	10,44	10,37	10,36	10,56	12,84
2925	10,30	10,64	10,53	10,44	10,35	10,34	10,55	12,86
2926	10,21	10,66	10,53	10,45	10,35	10,34	10,55	12,86
2927	10,22	10,66	10,56	10,45	10,35	10,36	10,55	12,84
2928	10,22	10,64	10,53	10,44	10,38	10,36	10,55	12,84
2929	10,23	10,66	10,54	10,33	10,35	10,34	10,53	12,83
2930	10,22	10,69	10,52	10,35	10,37	10,37	10,53	12,84
2931	10,21	10,64	10,52	10,31	10,35	10,34	10,57	12,84
2932	10,23	10,67	10,54	10,34	10,35	10,33	10,57	12,84
2933	10,30	10,65	10,52	10,34	10,35	10,37	10,66	12,84
2934	10,30	10,64	10,52	10,31	10,24	10,36	10,66	12,83
2935	10,30	10,65	10,54	10,37	10,28	10,34	10,67	12,84
2936	10,30	10,64	10,49	10,34	10,26	10,33	10,66	12,88
2937	10,30	10,64	10,53	10,34	10,28	10,34	10,66	12,88
2938	10,23	10,66	10,53	10,44	10,25	10,36	10,68	12,88
2939	10,22	10,65	10,52	10,44	10,29	10,34	10,66	12,86
2940	10,32	10,64	10,62	10,34	10,24	10,34	10,66	12,86
2941	10,22	10,67	10,66	10,49	10,26	10,36	10,66	12,84
2942	10,19	10,67	10,62	10,41	10,29	10,34	10,66	12,86
2943	10,21	10,62	10,65	10,41	10,26	10,34	10,64	12,84
2944	10,21	10,67	10,66	10,45	10,28	10,33	10,64	12,84
2945	10,21	10,74	10,63	10,44	10,25	10,34	10,67	12,83
2946	10,21	10,73	10,63	10,42	10,25	10,32	10,66	12,84
2947	10,22	10,75	10,65	10,42	10,26	10,34	10,66	12,86
2948	10,19	10,65	10,54	10,44	10,25	10,34	10,66	12,84
2949	10,21	10,74	10,61	10,44	10,25	10,34	10,67	12,84
2950	10,23	10,75	10,62	10,55	10,25	10,36	10,64	12,81
2951	10,29	10,77	10,56	10,56	10,22	10,36	10,63	12,88
2952	10,32	10,74	10,53	10,55	10,24	10,33	10,67	12,84
2953	10,33	10,77	10,56	10,56	10,28	10,36	10,70	12,86
2954	10,28	10,74	10,59	10,56	10,25	10,36	10,70	12,86
2955	10,32	10,74	10,53	10,56	10,24	10,34	10,67	12,83
2956	10,32	10,74	10,53	10,56	10,16	10,36	10,66	12,84
2957	10,33	10,73	10,62	10,55	10,15	10,36	10,67	12,83
2958	10,33	10,74	10,62	10,52	10,13	10,36	10,64	12,86
2959	10,30	10,77	10,65	10,58	10,15	10,38	10,68	12,84
2960	10,29	10,74	10,63	10,53	10,25	10,36	10,66	12,86
2961	10,32	10,77	10,67	10,55	10,25	10,33	10,67	12,84
2962	10,34	10,75	10,61	10,58	10,16	10,34	10,68	12,88
2963	10,30	10,74	10,63	10,58	10,13	10,37	10,64	12,83
2964	10,32	10,77	10,65	10,58	10,15	10,36	10,68	12,84
2965	10,32	10,75	10,63	10,55	10,13	10,34	10,67	12,84
2966	10,29	10,73	10,62	10,55	10,16	10,33	10,68	12,81
2967	10,30	10,73	10,61	10,55	10,26	10,36	10,64	12,81
2968	10,30	10,77	10,61	10,55	10,24	10,34	10,67	12,84
2969	10,30	10,77	10,63	10,56	10,29	10,30	10,67	12,84
2970	10,33	10,75	10,65	10,53	10,24	10,37	10,67	12,83
2971	10,30	10,75	10,61	10,55	10,25	10,36	10,64	12,84
2972	10,30	10,74	10,72	10,53	10,25	10,37	10,67	12,86
2973	10,32	10,75	10,63	10,55	10,28	10,33	10,66	12,84
2974	10,30	10,74	10,63	10,58	10,25	10,36	10,66	12,84
2975	10,30	10,71	10,59	10,55	10,22	10,33	10,64	12,83
2976	10,29	10,74	10,62	10,52	10,25	10,34	10,64	12,86
2977	10,30	10,77	10,61	10,58	10,24	10,36	10,68	12,86
2978	10,30	10,75	10,74	10,58	10,24	10,34	10,67	12,86
2979	10,32	10,74	10,61	10,55	10,24	10,34	10,66	12,84
2980	10,33	10,74	10,61	10,55	10,25	10,34	10,66	12,86
2981	10,30	10,65	10,62	10,46	10,25	10,36	10,68	12,81
2982	10,32	10,70	10,62	10,53	10,25	10,33	10,68	12,84
2983	10,32	10,73	10,62	10,42	10,25	10,34	10,70	12,86
2984	10,33	10,75	10,63	10,46	10,15	10,34	10,67	12,83
2985	10,19	10,74	10,62	10,44	10,15	10,36	10,67	12,88
2986	10,21	10,75	10,63	10,48	10,15	10,34	10,66	12,84
2987	10,30	10,75	10,61	10,44	10,13	10,33	10,68	12,88
2988	10,32	10,74	10,62	10,44	10,16	10,33	10,67	12,84
2989	10,21	10,64	10,63	10,46	10,13	10,34	10,68	12,84
2990	10,19	10,74	10,61	10,42	10,13	10,30	10,64	12,83
2991	10,21	10,74	10,63	10,46	10,16	10,33	10,67	12,81
2992	10,18	10,71	10,61	10,41	10,12	10,34	10,64	12,83
2993	10,19	10,73	10,62	10,42	10,13	10,32	10,63	12,84
2994	10,19	10,74	10,61	10,46	10,15	10,34	10,66	12,81
2995	10,19	10,73	10,62	10,45	10,13	10,34	10,68	12,86
2996	10,22	10,75	10,63	10,44	10,15	10,33	10,68	12,84
2997	10,21	10,77	10,62	10,45	10,17	10,36	10,67	12,84
2998	10,21	10,73	10,61	10,44	10,12	10,33	10,67	12,84
2999	10,21	10,73	10,59	10,44	10,25	10,33	10,66	12,83
3000	10,21	10,73	10,52	10,46	10,15	10,36	10,56	12,83
3001	10,18	10,65	10,54	10,44	10,16	10,36	10,56	12,88
3002	10,18	10,62	10,52	10,44	10,12	10,34	10,55	12,86
3003	10,21	10,65	10,53	10,44	10,16	10,34	10,56	12,86
3004	10,19	10,64	10,53	10,44	10,13	10,34	10,55	12,86
3005	10,23	10,65	10,54	10,45	10,13	10,33	10,56	12,84
3006	10,21	10,65	10,53	10,42	10,13	10,34	10,59	12,76
3007	10,19	10,64	10,50	10,42	10,24	10,34	10,57	12,86
3008	10,23	10,64	10,50	10,45	10,22	10,37	10,55	12,83
3009	10,19	10,65	10,50	10,42	10,24	10,33	10,52	12,84
3010	10,22	10,64	10,48	10,44	10,24	10,33	10,55	12,84
3011	10,21	10,66	10,50	10,42	10,13	10,33	10,56	12,84
3012	10,18	10,65	10,49	10,34	10,13	10,32	10,55	12,84
3013	10,21	10,62	10,50	10,33	10,25	10,25	10,56	12,84
3014	10,22	10,64	10,53	10,33	10,33	10,23	10,55	12,84
3015	10,23	10,64	10,50	10,31	10,33	10,33	10,56	12,86
3016	10,19	10,64	10,50	10,33	10,44	10,33	10,52	12,84
3017	10,22	10,64	10,44	10,34	10,38	10,23	10,55	12,86
3018	10,24	10,64	10,44	10,33	10,35	10,24	10,56	12,84
3019	10,11	10,62	10,41	10,35	10,35	10,25	10,56	12,83
3020	10,21	10,64	10,40	10,34	10,35	10,24	10,55	12,86
3021	10,21	10,65	10,44	10,30	10,35	10,23	10,55	12,83
3022	10,11	10,65	10,41	10,24	10,44	10,24	10,55	12,86
3023	10,23	10,64	10,43	10,20	10,46	10,23	10,57	12,86
3024	10,21	10,65	10,43	10,34	10,47	10,25	10,53	12,88
3025	10,21	10,65	10,43	10,31	10,46	10,24	10,44	12,84
3026	10,23	10,65	10,32	10,37	10,48	10,25	10,45	12,84
3027	10,19	10,65	10,33	10,35	10,35	10,25	10,42	12,88
3028	10,22	10,65	10,35	10,31	10,44	10,24	10,46	12,84
3029	10,24	10,66	10,32	10,34	10,44	10,25	10,56	12,86
3030	10,22	10,67	10,32	10,31	10,34	10,23	10,57	12,83
3031	10,22	10,66	10,32	10,22	10,34	10,24	10,53	12,83
3032	10,19	10,64	10,33	10,26	10,44	10,23	10,56	12,84
3033	10,21	10,54	10,31	10,20	10,43	10,27	10,56	12,84
3034	10,18	10,62	10,32	10,22	10,44	10,24	10,55	12,86
3035	10,23	10,67	10,29	10,24	10,43	10,25	10,57	12,84
3036	10,22	10,57	10,35	10,26	10,43	10,36	10,57	12,84
3037	10,22	10,65	10,33	10,23	10,55	10,34	10,55	12,86
3038	10,11	10,64	10,31	10,45	10,55	10,21	10,46	12,86
3039	10,21	10,61	10,32	10,23	10,55	10,24	10,53	12,84
3040	10,22	10,64	10,32	10,23	10,55	10,23	10,55	12,86
3041	10,21	10,67	10,32	10,22	10,55	10,21	10,45	12,84
3042	10,19	10,65	10,33	10,31	10,44	10,24	10,53	12,73
3043	10,21	10,66	10,32	10,23	10,44	10,25	10,45	12,86
3044	10,22	10,66	10,43	10,22	10,34	10,21	10,55	12,71
3045	10,19	10,54	10,41	10,23	10,35	10,23	10,55	12,73
3046	10,21	10,65	10,43	10,22	10,33	10,21	10,55	12,71
3047	10,21	10,65	10,43	10,23	10,37	10,25	10,55	12,73
3048	10,22	10,74	10,41	10,20	10,35	10,23	10,53	12,76
3049	10,22	10,65	10,44	10,23	10,34	10,23	10,55	12,84
3050	10,19	10,75	10,44	10,23	10,34	10,25	10,55	12,84
3051	10,19	10,66	10,43	10,23	10,34	10,24	10,56	12,84
3052	10,22	10,65	10,40	10,22	10,35	10,25	10,55	12,84
3053	10,19	10,64	10,40	10,22	10,35	10,23	10,57	12,84
3054	10,22	10,62	10,40	10,22	10,35	10,24	10,55	12,83
3055	10,22	10,62	10,45	10,22	10,35	10,24	10,57	12,86
3056	10,17	10,53	10,43	10,22	10,37	10,21	10,57	12,84
3057	10,21	10,53	10,44	10,20	10,35	10,23	10,55	12,83
3058	10,22	10,56	10,43	10,19	10,34	10,27	10,53	12,86
3059	10,19	10,53	10,44	10,22	10,25	10,24	10,53	12,84
3060	10,19	10,64	10,31	10,20	10,22	10,20	10,53	12,81
3061	10,19	10,65	10,32	10,23	10,28	10,23	10,55	12,84
3062	10,21	10,66	10,31	10,22	10,26	10,24	10,57	12,84
3063	10,21	10,64	10,32	10,22	10,26	10,24	10,55	12,84
3064	10,18	10,64	10,32	10,20	10,25	10,24	10,56	12,86
3065	10,22	10,62	10,43	10,17	10,26	10,23	10,52	12,83
3066	10,22	10,64	10,43	10,23	10,25	10,21	10,55	12,83
3067	10,22	10,64	10,43	10,33	10,25	10,21	10,55	12,86
3068	10,22	10,64	10,43	10,33	10,28	10,24	10,56	12,84
3069	10,22	10,64	10,43	10,33	10,25	10,23	10,56	12,84
3070	10,22	10,65	10,44	10,34	10,24	10,25	10,55	12,84
3071	10,21	10,75	10,45	10,42	10,26	10,21	10,55	12,84
3072	10,21	10,73	10,43	10,42	10,38	10,25	10,57	12,84
3073	10,22	10,74	10,43	10,30	10,35	10,23	10,55	12,84
3074	10,22	10,74	10,43	10,42	10,34	10,23	10,55	12,84
3075	10,22	10,66	10,40	10,44	10,38	10,24	10,53	12,83
3076	10,23	10,66	10,43	10,45	10,35	10,24	10,55	12,84
3077	10,18	10,64	10,41	10,42	10,25	10,24	10,56	12,86
3078	10,19	10,64	10,41	10,44	10,24	10,24	10,55	12,84
3079	10,22	10,65	10,44	10,44	10,25	10,24	10,55	12,84
3080	10,19	10,64	10,44	10,44	10,25	10,25	10,55	12,73
3081	10,22	10,64	10,44	10,33	10,25	10,23	10,55	12,73
3082	10,22	10,66	10,45	10,42	10,34	10,24	10,56	12,70
3083	10,22	10,67	10,45	10,44	10,38	10,24	10,52	12,73
3084	10,32	10,67	10,40	10,44	10,35	10,23	10,53	12,73
3085	10,21	10,64	10,41	10,45	10,35	10,25	10,59	12,71
3086	10,21	10,65	10,43	10,33	10,33	10,24	10,55	12,71
3087	10,22	10,74	10,43	10,34	10,37	10,25	10,53	12,71
3088	10,23	10,65	10,45	10,44	10,35	10,21	10,48	12,70
3089	10,32	10,64	10,43	10,35	10,34	10,23	10,42	12,68
3090	10,21	10,62	10,44	10,33	10,39	10,24	10,46	12,74
3091	10,21	10,66	10,43	10,45	10,24	10,25	10,44	12,71
3092	10,23	10,64	10,44	10,44	10,26	10,24	10,46	12,74
3093	10,21	10,64	10,44	10,44	10,35	10,24	10,46	12,73
3094	10,22	10,65	10,43	10,44	10,31	10,24	10,44	12,71
3095	10,22	10,66	10,43	10,45	10,26	10,23	10,46	12,74
3096	10,21	10,65	10,43	10,45	10,26	10,27	10,46	12,71
3097	10,22	10,64	10,41	10,42	10,25	10,24	10,48	12,73
3098	10,22	10,64	10,43	10,45	10,25	10,24	10,53	12,73
3099	10,21	10,66	10,44	10,45	10,24	10,23	10,53	12,71
3100	10,21	10,65	10,44	10,46	10,25	10,24	10,57	12,70
3101	10,22	10,66	10,44	10,45	10,26	10,21	10,44	12,73
3102	10,19	10,67	10,44	10,44	10,22	10,21	10,48	12,71
3103	10,22	10,65	10,32	10,33	10,25	10,27	10,44	12,73
3104	10,23	10,66	10,31	10,41	10,24	10,23	10,55	12,84
3105	10,21	10,66	10,33	10,45	10,24	10,25	10,56	12,86
3106	10,22	10,65	10,32	10,33	10,24	10,25	10,41	12,84
3107	10,23	10,66	10,31	10,44	10,26	10,21	10,44	12,83
3108	10,23	10,64	10,31	10,33	10,35	10,23	10,48	12,83
3109	10,19	10,66	10,40	10,31	10,34	10,23	10,44	12,83
3110	10,21	10,65	10,44	10,34	10,31	10,25	10,46	12,71
3111	10,22	10,64	10,44	10,33	10,31	10,20	10,44	12,71
3112	10,23	10,65	10,43	10,34	10,34	10,27	10,46	12,73
3113	10,19	10,65	10,43	10,31	10,37	10,25	10,45	12,70
3114	10,19	10,73	10,43	10,33	10,37	10,24	10,45	12,71
3115	10,19	10,75	10,44	10,34	10,34	10,24	10,44	12,73
3116	10,22	10,74	10,44	10,33	10,37	10,21	10,44	12,73
3117	10,13	10,74	10,43	10,31	10,33	10,23	10,52	12,71
3118	10,22	10,66	10,41	10,31	10,34	10,23	10,45	12,73
3119	10,21	10,74	10,44	10,34	10,35	10,23	10,45	12,70
3120	10,21	10,77	10,44	10,37	10,35	10,25	10,55	12,81
3121	10,19	10,74	10,44	10,42	10,37	10,25	10,56	12,71
3122	10,19	10,74	10,44	10,33	10,37	10,23	10,53	12,71
3123	10,23	10,66	10,39	10,37	10,37	10,24	10,56	12,71
3124	10,22	10,67	10,41	10,45	10,37	10,23	10,55	12,73
3125	10,19	10,65	10,41	10,48	10,25	10,23	10,55	12,74
3126	10,21	10,66	10,45	10,31	10,25	10,21	10,56	12,70
3127	10,21	10,65	10,44	10,45	10,24	10,27	10,55	12,71
3128	10,23	10,66	10,44	10,33	10,25	10,24	10,56	12,71
3129	10,23	10,65	10,41	10,31	10,25	10,21	10,55	12,71
3130	10,22	10,64	10,44	10,33	10,28	10,25	10,53	12,68
3131	10,22	10,66	10,43	10,33	10,24	10,24	10,56	12,73
3132	10,21	10,56	10,43	10,34	10,24	10,25	10,55	12,73
3133	10,22	10,57	10,45	10,34	10,28	10,24	10,55	12,73
3134	10,30	10,53	10,43	10,34	10,26	10,24	10,55	12,71
3135	10,22	10,56	10,43	10,34	10,26	10,24	10,55	12,71
3136	10,22	10,65	10,45	10,35	10,28	10,23	10,59	12,73
3137	10,22	10,54	10,43	10,33	10,25	10,23	10,56	12,70
3138	10,23	10,66	10,44	10,33	10,24	10,25	10,56	12,71
3139	10,22	10,54	10,46	10,34	10,25	10,23	10,56	12,76
3140	10,23	10,54	10,43	10,33	10,22	10,24	10,55	12,70
3141	10,21	10,54	10,43	10,34	10,35	10,24	10,53	12,73
3142	10,22	10,54	10,43	10,34	10,37	10,17	10,57	12,74
3143	10,21	10,66	10,45	10,35	10,35	10,21	10,57	12,71
3144	10,21	10,56	10,43	10,35	10,34	10,23	10,53	12,71
3145	10,21	10,64	10,43	10,44	10,37	10,24	10,57	12,71
3146	10,22	10,53	10,41	10,41	10,33	10,15	10,55	12,74
3147	10,24	10,66	10,41	10,45	10,35	10,15	10,55	12,73
3148	10,19	10,65	10,41	10,45	10,35	10,12	10,55	12,73
3149	10,21	10,56	10,40	10,40	10,35	10,12	10,53	12,84
3150	10,11	10,60	10,41	10,33	10,24	10,12	10,57	12,86
3151	10,10	10,56	10,43	10,37	10,35	10,13	10,55	12,83
3152	10,11	10,64	10,43	10,34	10,28	10,13	10,56	12,83
3153	10,11	10,54	10,40	10,34	10,25	10,13	10,56	12,83
3154	10,12	10,54	10,45	10,34	10,25	10,15	10,55	12,84
3155	10,12	10,64	10,41	10,33	10,25	10,12	10,57	12,83
3156	10,19	10,53	10,43	10,33	10,22	10,13	10,55	12,84
3157	10,19	10,54	10,44	10,34	10,22	10,13	10,52	12,84
3158	10,21	10,53	10,43	10,31	10,24	10,13	10,53	12,84
3159	10,22	10,54	10,45	10,34	10,25	10,15	10,56	12,70
3160	10,22	10,53	10,43	10,31	10,25	10,11	10,56	12,74
3161	10,19	10,54	10,41	10,31	10,22	10,11	10,52	12,71
3162	10,11	10,53	10,43	10,33	10,12	10,13	10,57	12,71
3163	10,19	10,50	10,43	10,33	10,25	10,12	10,55	12,73
3164	10,21	10,53	10,41	10,33	10,22	10,13	10,55	12,68
3165	10,22	10,54	10,43	10,31	10,24	10,15	10,56	12,71
3166	10,22	10,57	10,43	10,35	10,28	10,13	10,56	12,71
3167	10,18	10,53	10,40	10,31	10,25	10,13	10,55	12,73
3168	10,21	10,56	10,44	10,33	10,25	10,13	10,55	12,68
3169	10,22	10,54	10,41	10,34	10,25	10,12	10,55	12,70
3170	10,22	10,54	10,41	10,33	10,25	10,15	10,53	12,71
3171	10,23	10,56	10,44	10,34	10,21	10,12	10,53	12,68
3172	10,22	10,53	10,54	10,34	10,25	10,12	10,56	12,73
3173	10,21	10,61	10,54	10,34	10,24	10,15	10,57	12,73
3174	10,22	10,62	10,49	10,34	10,24	10,13	10,55	12,68
3175	10,19	10,66	10,53	10,33	10,25	10,13	10,55	12,81
3176	10,22	10,66	10,53	10,35	10,24	10,15	10,52	12,71
3177	10,21	10,65	10,53	10,34	10,26	10,12	10,55	12,71
3178	10,21	10,66	10,54	10,34	10,24	10,15	10,53	12,71
3179	10,19	10,67	10,53	10,35	10,22	10,13	10,57	12,71
3180	10,21	10,65	10,52	10,34	10,22	10,12	10,55	12,71
3181	10,21	10,62	10,52	10,34	10,15	10,12	10,57	12,74
3182	10,23	10,64	10,52	10,34	10,15	10,13	10,56	12,73
3183	10,21	10,66	10,53	10,34	10,25	10,15	10,44	12,70
3184	10,12	10,64	10,52	10,33	10,22	10,11	10,57	12,74
3185	10,11	10,64	10,52	10,34	10,21	10,13	10,55	12,71
3186	10,22	10,66	10,53	10,33	10,24	10,13	10,56	12,71
3187	10,13	10,56	10,56	10,34	10,24	10,12	10,44	12,70
3188	10,11	10,64	10,53	10,23	10,24	10,13	10,42	12,71
3189	10,12	10,64	10,53	10,22	10,26	10,15	10,46	12,74
3190	10,14	10,64	10,52	10,34	10,24	10,12	10,46	12,73
3191	10,12	10,64	10,53	10,31	10,26	10,13	10,44	12,71
3192	10,23	10,64	10,50	10,33	10,25	10,13	10,45	12,70
3193	10,22	10,64	10,53	10,34	10,25	10,13	10,55	12,70
3194	10,22	10,62	10,52	10,34	10,25	10,13	10,55	12,71
3195	10,22	10,66	10,54	10,35	10,25	10,15	10,55	12,73
3196	10,21	10,64	10,52	10,34	10,25	10,13	10,55	12,74
3197	10,22	10,64	10,54	10,34	10,28	10,15	10,44	12,73
3198	10,22	10,62	10,53	10,34	10,16	10,12	10,55	12,70
3199	10,21	10,65	10,53	10,34	10,13	10,15	10,55	12,71
3200	10,21	10,65	10,54	10,35	10,28	10,15	10,56	12,71
3201	10,21	10,64	10,54	10,35	10,25	10,16	10,53	12,73
3202	10,22	10,65	10,63	10,33	10,24	10,15	10,57	12,71
3203	10,22	10,64	10,52	10,33	10,25	10,13	10,55	12,71
3204	10,22	10,66	10,65	10,35	10,22	10,12	10,55	12,71
3205	10,18	10,64	10,63	10,34	10,26	10,15	10,53	12,71
3206	10,21	10,62	10,63	10,33	10,26	10,12	10,55	12,73
3207	10,21	10,65	10,62	10,33	10,25	10,15	10,55	12,70
3208	10,22	10,65	10,63	10,33	10,24	10,13	10,53	12,70
3209	10,22	10,65	10,63	10,34	10,24	10,15	10,56	12,68
3210	10,12	10,65	10,63	10,33	10,24	10,13	10,56	12,73
3211	10,19	10,65	10,63	10,35	10,22	10,12	10,53	12,73
3212	10,22	10,64	10,65	10,34	10,24	10,12	10,55	12,73
3213	10,22	10,64	10,52	10,41	10,25	10,12	10,55	12,71
3214	10,19	10,62	10,53	10,45	10,25	10,11	10,56	12,71
3215	10,23	10,64	10,54	10,45	10,24	10,12	10,56	12,73
3216	10,19	10,66	10,52	10,45	10,22	10,11	10,53	12,73
3217	10,22	10,64	10,53	10,44	10,21	10,15	10,57	12,71
3218	10,18	10,64	10,52	10,44	10,16	10,12	10,55	12,71
3219	10,19	10,64	10,54	10,42	10,12	10,12	10,55	12,71
3220	10,22	10,65	10,53	10,45	10,15	10,13	10,52	12,71
3221	10,22	10,56	10,53	10,44	10,16	10,13	10,52	12,71
3222	10,19	10,54	10,53	10,45	10,13	10,13	10,56	12,71
3223	10,21	10,54	10,54	10,46	10,15	10,13	10,51	12,84
3224	10,22	10,53	10,52	10,33	10,13	10,16	10,55	12,83
3225	10,12	10,53	10,53	10,34	10,15	10,12	10,56	12,84
3226	10,11	10,56	10,53	10,31	10,15	10,13	10,57	12,84
3227	10,10	10,53	10,53	10,34	10,15	10,12	10,56	12,83
3228	10,10	10,56	10,50	10,34	10,13	10,12	10,55	12,84
3229	10,19	10,54	10,44	10,45	10,25	10,15	10,55	12,83
3230	10,19	10,52	10,50	10,45	10,24	10,12	10,56	12,73
3231	10,19	10,66	10,41	10,42	10,24	10,11	10,52	12,68
3232	10,23	10,65	10,43	10,44	10,13	10,13	10,53	12,73
3233	10,22	10,64	10,43	10,44	10,25	10,15	10,55	12,70
3234	10,19	10,61	10,43	10,44	10,12	10,13	10,56	12,73
3235	10,21	10,65	10,44	10,45	10,13	10,11	10,52	12,68
3236	10,19	10,64	10,44	10,31	10,13	10,15	10,57	12,73
3237	10,22	10,65	10,44	10,45	10,15	10,13	10,57	12,71
3238	10,23	10,64	10,43	10,34	10,15	10,13	10,56	12,73
3239	10,21	10,49	10,43	10,33	10,15	10,15	10,55	12,70
3240	10,19	10,65	10,43	10,35	10,13	10,13	10,57	12,71
3241	10,21	10,54	10,43	10,31	10,15	10,13	10,53	12,71
3242	10,22	10,58	10,44	10,34	10,12	10,13	10,57	12,68
3243	10,19	10,56	10,43	10,33	10,15	10,15	10,53	12,74
3244	10,21	10,56	10,44	10,45	10,13	10,13	10,55	12,71
3245	10,21	10,53	10,46	10,45	10,15	10,15	10,56	12,73
3246	10,21	10,54	10,43	10,42	10,16	10,12	10,56	12,73
3247	10,22	10,54	10,43	10,42	10,13	10,13	10,55	12,73
3248	10,22	10,53	10,45	10,42	10,25	10,15	10,52	12,70
3249	10,21	10,54	10,44	10,45	10,26	10,15	10,56	12,70
3250	10,21	10,54	10,43	10,45	10,25	10,12	10,56	12,73
3251	10,22	10,44	10,43	10,44	10,28	10,12	10,52	12,73
3252	10,21	10,57	10,44	10,45	10,25	10,15	10,56	12,73
3253	10,22	10,52	10,44	10,42	10,25	10,12	10,56	12,71
3254	10,22	10,56	10,44	10,42	10,25	10,13	10,55	12,73
3255	10,19	10,53	10,43	10,44	10,26	10,13	10,56	12,73
3256	10,22	10,52	10,41	10,48	10,26	10,16	10,55	12,74
3257	10,08	10,53	10,41	10,45	10,25	10,15	10,55	12,71
3258	10,19	10,56	10,41	10,44	10,24	10,13	10,56	12,71
3259	10,11	10,44	10,43	10,42	10,25	10,13	10,53	12,71
3260	10,21	10,44	10,44	10,44	10,22	10,15	10,57	12,70
3261	10,11	10,53	10,43	10,42	10,25	10,15	10,55	12,73
3262	10,21	10,54	10,43	10,44	10,25	10,12	10,53	12,71
3263	10,22	10,54	10,43	10,44	10,24	10,13	10,53	12,70
3264	10,22	10,52	10,41	10,45	10,35	10,13	10,55	12,71
3265	10,12	10,54	10,44	10,44	10,37	10,15	10,53	12,71
3266	10,22	10,56	10,41	10,44	10,35	10,15	10,55	12,71
3267	10,22	10,52	10,41	10,45	10,35	10,13	10,44	12,73
3268	10,21	10,56	10,40	10,45	10,34	10,13	10,44	12,71
3269	10,21	10,53	10,43	10,31	10,46	10,13	10,44	12,71
3270	10,21	10,56	10,40	10,45	10,47	10,15	10,41	12,66
3271	10,19	10,50	10,40	10,33	10,34	10,11	10,46	12,71
3272	10,12	10,73	10,41	10,33	10,34	10,12	10,44	12,70
3273	10,10	10,54	10,50	10,31	10,34	10,16	10,44	12,70
3274	10,19	10,53	10,49	10,34	10,33	10,12	10,44	12,71
3275	10,19	10,53	10,56	10,34	10,24	10,12	10,41	12,71
3276	10,21	10,42	10,54	10,31	10,24	10,15	10,45	12,73
3277	10,19	10,44	10,52	10,44	10,22	10,11	10,44	12,71
3278	10,22	10,42	10,53	10,34	10,28	10,11	10,42	12,71
3279	10,21	10,53	10,53	10,37	10,24	10,15	10,45	12,73
3280	10,19	10,53	10,52	10,35	10,26	10,13	10,44	12,73
3281	10,21	10,53	10,52	10,33	10,24	10,15	10,42	12,73
3282	10,21	10,54	10,56	10,35	10,24	10,13	10,48	12,73
3283	10,19	10,42	10,52	10,31	10,24	10,12	10,45	12,70
3284	10,21	10,41	10,52	10,33	10,22	10,13	10,45	12,71
3285	10,22	10,54	10,53	10,44	10,26	10,10	10,42	12,71
3286	10,21	10,53	10,53	10,45	10,22	10,15	10,42	12,70
3287	10,21	10,53	10,43	10,34	10,28	10,13	10,45	12,71
3288	10,21	10,53	10,43	10,34	10,25	10,13	10,55	12,71
3289	10,22	10,54	10,43	10,34	10,25	10,15	10,44	12,71
3290	10,21	10,58	10,44	10,33	10,21	10,13	10,52	12,71
3291	10,22	10,56	10,41	10,33	10,22	10,13	10,55	12,73
3292	10,19	10,53	10,52	10,42	10,24	10,12	10,45	12,73
3293	10,21	10,52	10,41	10,31	10,24	10,13	10,44	12,73
3294	10,22	10,53	10,53	10,33	10,25	10,15	10,46	12,71
3295	10,21	10,54	10,54	10,37	10,25	10,15	10,45	12,74
3296	10,23	10,58	10,53	10,34	10,26	10,17	10,55	12,73
3297	10,21	10,54	10,53	10,33	10,26	10,13	10,56	12,71
3298	10,22	10,56	10,53	10,31	10,25	10,13	10,56	12,70
3299	10,22	10,54	10,53	10,35	10,24	10,16	10,55	12,73
3300	10,21	10,54	10,54	10,33	10,26	10,13	10,55	12,73
3301	10,21	10,54	10,49	10,35	10,25	10,12	10,55	12,70
3302	10,21	10,56	10,53	10,34	10,26	10,13	10,56	12,71
3303	10,22	10,56	10,53	10,34	10,25	10,12	10,53	12,70
3304	10,19	10,53	10,52	10,35	10,22	10,13	10,55	12,73
3305	10,22	10,54	10,53	10,34	10,24	10,16	10,56	12,73
3306	10,21	10,56	10,54	10,35	10,24	10,13	10,56	12,73
3307	10,21	10,56	10,53	10,23	10,15	10,15	10,56	12,71
3308	10,22	10,54	10,52	10,24	10,25	10,11	10,56	12,71
3309	10,21	10,50	10,53	10,23	10,24	10,15	10,56	12,70
3310	10,19	10,57	10,50	10,23	10,26	10,12	10,53	12,70
3311	10,21	10,53	10,43	10,23	10,28	10,13	10,56	12,83
3312	10,19	10,52	10,41	10,26	10,25	10,13	10,57	12,83
3313	10,22	10,53	10,43	10,24	10,15	10,12	10,55	12,74
3314	10,19	10,53	10,41	10,23	10,26	10,13	10,56	12,86
3315	10,22	10,53	10,43	10,24	10,24	10,13	10,56	12,84
3316	10,21	10,54	10,45	10,22	10,15	10,12	10,55	12,86
3317	10,22	10,53	10,44	10,23	10,29	10,16	10,55	12,84
3318	10,22	10,53	10,43	10,23	10,24	10,12	10,56	12,83
3319	10,21	10,53	10,44	10,23	10,24	10,12	10,53	12,84
3320	10,22	10,53	10,44	10,23	10,24	10,12	10,53	12,83
3321	10,22	10,52	10,41	10,22	10,24	10,15	10,56	12,86
3322	10,22	10,53	10,41	10,13	10,25	10,13	10,56	12,84
3323	10,21	10,53	10,40	10,09	10,22	10,12	10,56	12,84
3324	10,23	10,56	10,43	10,12	10,25	10,13	10,56	12,81
3325	10,19	10,52	10,43	10,66	10,26	10,15	10,55	12,86
3326	10,19	10,53	10,43	11,42	10,24	10,15	10,55	12,84
3327	10,21	10,53	10,39	11,29	10,25	10,13	10,56	12,81
3328	10,21	10,54	10,44	11,28	10,28	10,16	10,53	12,79
3329	10,17	10,54	10,43	11,29	10,12	10,12	10,56	12,84
3330	10,21	10,54	10,41	11,28	10,12	10,15	10,56	12,83
3331	10,19	10,53	10,39	11,42	10,26	10,12	10,53	12,83
3332	10,21	10,54	10,40	11,28	10,25	10,13	10,56	12,86
3333	10,21	10,56	10,43	11,31	10,22	10,12	10,55	12,83
3334	10,22	10,56	10,43	11,29	10,24	10,13	10,52	12,84
3335	10,22	10,53	10,43	11,31	10,13	10,15	10,53	12,86
3336	10,21	10,56	10,41	11,29	10,16	10,12	10,52	12,86
3337	10,22	10,53	10,41	11,32	10,22	10,15	10,56	12,84
3338	10,21	10,53	10,41	11,29	10,24	10,13	10,55	12,83
3339	10,22	10,53	10,43	11,29	10,16	10,15	10,57	12,86
3340	10,22	10,54	10,41	11,31	10,12	10,11	10,52	12,86
3341	10,23	10,54	10,43	11,31	10,16	10,15	10,55	12,83
3342	10,22	10,46	10,44	11,29	10,15	10,15	10,56	12,84
3343	10,32	10,50	10,43	11,29	10,15	10,12	10,45	12,84
3344	10,19	10,53	10,43	11,29	10,13	10,16	10,57	12,83
3345	10,21	10,53	10,41	11,20	10,13	10,13	10,57	12,81
3346	10,22	10,57	10,44	11,18	10,11	10,16	10,55	12,84
3347	10,21	10,56	10,45	11,21	10,13	10,13	10,55	12,84
3348	10,21	10,52	10,41	11,20	10,15	10,11	10,55	12,83
3349	10,22	10,52	10,43	11,21	10,12	10,16	10,57	12,86
3350	10,19	10,52	10,45	11,18	10,28	10,12	10,53	12,84
3351	10,21	10,53	10,43	11,20	10,15	10,13	10,57	12,84
3352	10,21	10,56	10,43	11,20	10,12	10,11	10,56	12,86
3353	10,21	10,53	10,43	11,18	10,28	10,12	10,55	12,86
3354	10,22	10,56	10,45	11,21	10,28	10,13	10,57	12,86
3355	10,21	10,57	10,43	11,16	10,22	10,15	10,53	12,83
3356	10,23	10,54	10,44	11,16	10,26	10,15	10,57	12,81
3357	10,21	10,56	10,44	11,18	10,15	10,16	10,56	12,88
3358	10,23	10,54	10,41	11,18	10,28	10,12	10,56	12,83
3359	10,21	10,56	10,43	11,09	10,25	10,16	10,56	12,83
3360	10,19	10,54	10,44	11,06	10,25	10,15	10,56	12,86
3361	10,22	10,56	10,44	11,06	10,26	10,13	10,52	12,86
3362	10,19	10,54	10,44	11,20	10,24	10,13	10,44	12,83
3363	10,21	10,53	10,44	11,18	10,25	10,13	10,44	12,84
3364	10,21	10,54	10,44	11,21	10,25	10,12	10,46	12,86
3365	10,22	10,56	10,44	11,21	10,22	10,13	10,45	12,83
3366	10,24	10,53	10,43	11,20	10,25	10,15	10,45	12,86
3367	10,21	10,56	10,41	11,18	10,25	10,13	10,45	12,84
3368	10,22	10,56	10,40	11,20	10,35	10,13	10,45	12,83
3369	10,19	10,54	10,41	11,20	10,34	10,13	10,44	12,71
3370	10,22	10,54	10,45	11,18	10,43	10,15	10,44	12,73
3371	10,21	10,53	10,43	11,21	10,35	10,11	10,42	12,73
3372	10,11	10,54	10,44	11,07	10,35	10,11	10,44	12,73
3373	10,11	10,65	10,43	11,09	10,34	10,13	10,42	12,70
3374	10,13	10,52	10,43	11,09	10,46	10,13	10,46	12,73
3375	10,13	10,53	10,43	11,05	10,35	10,15	10,46	12,71
3376	10,19	10,65	10,43	11,13	10,35	10,13	10,46	12,73
3377	10,21	10,54	10,43	11,06	10,38	10,13	10,45	12,73
3378	10,21	10,53	10,43	11,17	10,34	10,13	10,42	12,74
3379	10,19	10,53	10,39	11,17	10,34	10,12	10,41	12,70
3380	10,22	10,56	10,43	11,20	10,35	10,11	10,45	12,73
3381	10,19	10,54	10,40	11,09	10,44	10,12	10,46	12,70
3382	10,21	10,52	10,41	11,05	10,46	10,12	10,46	12,71
3383	10,19	10,53	10,44	11,09	10,47	10,13	10,46	12,71
3384	10,21	10,50	10,54	11,11	10,34	10,10	10,42	12,70
3385	10,22	10,53	10,53	11,09	10,35	10,13	10,45	12,84
3386	10,22	10,54	10,53	11,06	10,35	10,16	10,45	12,74
3387	10,18	10,53	10,43	11,06	10,37	10,12	10,44	12,73
3388	10,22	10,53	10,41	11,09	10,33	10,12	10,41	12,70
3389	10,10	10,56	10,53	11,09	10,34	10,13	10,44	12,71
3390	10,11	10,53	10,54	11,09	10,33	10,13	10,34	12,76
3391	10,11	10,53	10,40	11,06	10,34	10,12	10,46	12,70
3392	10,19	10,65	10,56	11,06	10,24	10,16	10,34	12,71
3393	10,18	10,65	10,43	11,07	10,25	10,13	10,37	12,83
3394	10,22	10,53	10,43	11,09	10,25	10,16	10,33	12,74
3395	10,22	10,52	10,53	11,20	10,24	10,15	10,34	12,84
3396	10,21	10,54	10,52	11,11	10,24	10,12	10,44	12,71
3397	10,22	10,54	10,53	11,21	10,25	10,13	10,36	12,71
3398	10,13	10,54	10,43	11,09	10,25	10,13	10,37	12,74
3399	10,12	10,54	10,44	11,07	10,24	10,15	10,45	12,73
3400	10,14	10,67	10,44	11,06	10,28	10,16	10,46	12,71
3401	10,21	10,54	10,43	11,09	10,26	10,16	10,48	12,71
3402	10,22	10,54	10,44	11,17	10,25	10,13	10,42	12,71
3403	10,21	10,54	10,43	11,17	10,25	10,13	10,45	12,71
3404	10,22	10,56	10,44	11,17	10,24	10,15	10,42	12,70
3405	10,21	10,54	10,41	11,17	10,24	10,13	10,46	12,71
3406	10,21	10,54	10,44	11,18	10,21	10,15	10,30	12,70
3407	10,21	10,54	10,43	11,09	10,26	10,15	10,44	12,71
3408	10,11	10,64	10,43	11,09	10,25	10,23	10,44	12,73
3409	10,11	10,53	10,43	11,10	10,25	10,13	10,46	12,70
3410	10,10	10,54	10,41	11,09	10,26	10,23	10,42	12,74
3411	10,13	10,54	10,44	11,06	10,25	10,23	10,48	12,73
3412	10,19	10,53	10,44	11,06	10,24	10,25	10,45	12,73
3413	10,19	10,54	10,43	11,06	10,15	10,21	10,33	12,71
3414	10,22	10,54	10,43	11,09	10,16	10,25	10,34	12,74
3415	10,19	10,56	10,41	11,18	10,11	10,25	10,34	12,73
3416	10,19	10,53	10,44	11,20	10,24	10,23	10,33	12,73
3417	10,21	10,56	10,44	11,20	10,24	10,25	10,36	12,71
3418	10,21	10,53	10,43	11,11	10,25	10,24	10,36	12,71
3419	10,22	10,53	10,43	11,18	10,22	10,23	10,31	12,71
3420	10,10	10,64	10,41	11,07	10,13	10,24	10,30	12,70
3421	10,21	10,66	10,43	11,09	10,15	10,24	10,36	12,71
3422	10,22	10,61	10,40	11,07	10,13	10,24	10,33	12,73
3423	10,11	10,56	10,44	11,09	10,13	10,23	10,33	12,70
3424	10,11	10,54	10,43	11,06	10,24	10,25	10,34	12,71
3425	10,17	10,54	10,43	11,06	10,25	10,24	10,44	12,73
3426	10,21	10,56	10,43	11,17	10,35	10,23	10,42	12,68
3427	10,21	10,54	10,41	11,18	10,37	10,24	10,34	12,70
3428	10,21	10,53	10,44	11,31	10,35	10,24	10,37	12,71
3429	10,19	10,54	10,44	11,31	10,25	10,23	10,33	12,70
3430	10,19	10,54	10,41	11,32	10,34	10,24	10,36	12,71
3431	10,21	10,56	10,43	11,29	10,25	10,24	10,34	12,73
3432	10,21	10,54	10,43	11,18	10,26	10,24	10,45	12,73
3433	10,19	10,56	10,41	11,20	10,16	10,23	10,34	12,70
3434	10,18	10,54	10,44	11,17	10,16	10,23	10,34	12,71
3435	10,22	10,56	10,41	11,18	10,18	10,25	10,30	12,73
3436	10,22	10,56	10,43	11,20	10,17	10,23	10,33	12,73
3437	10,21	10,53	10,43	11,17	10,15	10,13	10,34	12,70
3438	10,23	10,50	10,43	11,18	10,15	10,15	10,34	12,73
3439	10,21	10,56	10,43	11,20	10,25	10,13	10,34	12,68
3440	10,21	10,52	10,41	11,21	10,25	10,13	10,33	12,71
3441	10,22	10,56	10,45	11,20	10,24	10,15	10,37	12,74
3442	10,21	10,53	10,44	11,20	10,26	10,12	10,33	12,70
3443	10,23	10,54	10,43	11,20	10,25	10,12	10,34	12,68
3444	10,22	10,57	10,43	11,20	10,21	10,15	10,34	12,73
3445	10,21	10,53	10,45	11,28	10,25	10,13	10,33	12,70
3446	10,22	10,57	10,43	11,18	10,35	10,15	10,33	12,71
3447	10,19	10,56	10,43	11,20	10,25	10,12	10,31	12,73
3448	10,23	10,56	10,43	11,20	10,37	10,13	10,34	12,70
3449	10,23	10,53	10,40	11,23	10,26	10,13	10,34	12,71
3450	10,22	10,52	10,43	11,20	10,24	10,12	10,34	12,70
3451	10,21	10,53	10,44	11,20	10,25	10,12	10,46	12,74
3452	10,22	10,56	10,43	11,17	10,29	10,13	10,44	12,71
3453	10,21	10,54	10,44	11,18	10,28	10,15	10,45	12,71
3454	10,22	10,54	10,43	11,20	10,29	10,15	10,45	12,71
3455	10,22	10,53	10,44	11,21	10,15	10,13	10,46	12,70
3456	10,21	10,54	10,44	11,17	10,15	10,15	10,44	12,73
3457	10,24	10,53	10,43	11,32	10,25	10,21	10,45	12,71
3458	10,19	10,56	10,44	11,31	10,29	10,27	10,45	12,84
3459	10,21	10,54	10,43	11,28	10,25	10,23	10,46	12,74
3460	10,21	10,54	10,43	11,20	10,16	10,13	10,42	12,84
3461	10,22	10,54	10,40	11,31	10,16	10,13	10,45	12,84
3462	10,23	10,54	10,44	11,27	10,13	10,12	10,44	12,86
3463	10,21	10,53	10,44	11,29	10,09	10,13	10,44	12,83
3464	10,11	10,52	10,44	11,29	10,16	10,13	10,44	12,79
3465	10,21	10,56	10,43	11,31	10,15	10,13	10,45	12,83
3466	10,22	10,53	10,43	11,29	10,16	10,12	10,46	12,84
3467	10,12	10,53	10,44	11,28	10,15	10,12	10,46	12,84
3468	10,11	10,54	10,43	11,31	10,15	10,13	10,45	12,84
3469	10,21	10,54	10,45	11,29	10,16	10,15	10,44	12,88
3470	10,21	10,52	10,44	11,31	10,16	10,15	10,44	12,86
3471	10,21	10,56	10,44	11,31	10,16	10,17	10,44	12,83
3472	10,12	10,53	10,41	11,20	10,17	10,15	10,44	12,84
3473	10,13	10,53	10,41	11,21	10,15	10,13	10,46	12,88
3474	10,12	10,53	10,44	11,17	10,04	10,13	10,45	12,83
3475	10,12	10,56	10,43	11,16	10,02	10,13	10,44	12,83
3476	10,14	10,56	10,43	11,18	10,06	10,15	10,45	12,83
3477	10,21	10,52	10,43	11,29	10,06	10,15	10,44	12,84
3478	10,22	10,54	10,43	11,31	10,16	10,11	10,42	12,83
3479	10,19	10,54	10,44	11,32	10,17	10,15	10,45	12,84
3480	10,19	10,53	10,33	11,39	10,04	10,15	10,44	12,84
3481	10,19	10,45	10,33	11,29	10,06	10,13	10,44	12,86
3482	10,21	10,54	10,32	11,31	10,04	10,15	10,44	12,86
3483	10,21	10,44	10,31	11,31	10,04	10,15	10,44	12,81
3484	10,11	10,57	10,32	11,32	10,04	10,13	10,46	12,86
3485	10,12	10,45	10,32	11,31	10,15	10,13	10,46	12,84
3486	10,12	10,53	10,36	11,17	10,15	10,13	10,46	12,84
3487	10,11	10,56	10,32	11,09	10,16	10,15	10,44	12,83
3488	10,10	10,56	10,33	11,09	10,15	10,15	10,42	12,88
3489	10,12	10,56	10,32	11,07	10,15	10,13	10,31	12,86
3490	10,22	10,54	10,35	11,10	10,15	10,15	10,33	12,71
3491	10,23	10,57	10,33	11,10	10,16	10,16	10,44	12,86
3492	10,22	10,54	10,32	11,20	10,12	10,12	10,45	12,86
3493	10,22	10,56	10,32	11,21	10,15	10,16	10,33	12,86
3494	10,21	10,56	10,31	11,18	10,16	10,15	10,45	12,84
3495	10,22	10,57	10,33	11,17	10,15	10,12	10,44	12,86
3496	10,24	10,44	10,35	11,20	10,15	10,13	10,33	12,84
3497	10,19	10,46	10,35	11,18	10,15	10,13	10,45	12,84
3498	10,21	10,46	10,44	11,20	10,15	10,13	10,45	12,84
3499	10,22	10,57	10,31	11,20	10,16	10,13	10,46	12,73
3500	10,19	10,53	10,33	11,20	10,11	10,15	10,45	12,84
3501	10,21	10,54	10,32	11,18	10,17	10,13	10,46	12,83
3502	10,22	10,44	10,33	11,23	10,15	10,16	10,48	12,86
3503	10,21	10,41	10,29	11,20	10,22	10,12	10,45	12,86
3504	10,22	10,44	10,33	11,17	10,22	10,10	10,42	12,84
3505	10,22	10,45	10,33	11,29	10,26	10,13	10,49	12,89
3506	10,18	10,44	10,32	11,28	10,25	10,12	10,44	12,84
3507	10,21	10,44	10,31	11,31	10,16	10,13	10,45	12,83
3508	10,19	10,46	10,33	11,31	10,16	10,13	10,45	12,86
3509	10,19	10,42	10,44	11,20	10,13	10,12	10,44	12,83
3510	10,21	10,53	10,46	11,18	10,16	10,15	10,45	12,84
3511	10,22	10,42	10,43	11,17	10,25	10,12	10,46	12,84
3512	10,19	10,42	10,32	11,21	10,28	10,13	10,46	12,88
3513	10,23	10,45	10,44	11,31	10,28	10,16	10,46	12,84
3514	10,22	10,42	10,41	11,29	10,28	10,13	10,45	12,86
3515	10,23	10,57	10,44	11,28	10,24	10,15	10,45	12,81
3516	10,22	10,54	10,33	11,32	10,18	10,15	10,45	12,84
3517	10,19	10,53	10,44	11,31	10,16	10,15	10,44	12,88
3518	10,21	10,57	10,41	11,28	10,13	10,13	10,42	12,86
3519	10,21	10,58	10,44	11,28	10,24	10,13	10,44	12,84
3520	10,21	10,54	10,44	11,28	10,26	10,15	10,45	12,84
3521	10,22	10,56	10,45	11,32	10,25	10,13	10,44	12,83
3522	10,21	10,53	10,43	11,29	10,16	10,13	10,44	12,84
3523	10,23	10,54	10,43	11,28	10,15	10,13	10,44	12,86
3524	10,23	10,57	10,41	11,31	10,16	10,15	10,44	12,73
3525	10,22	10,53	10,40	11,29	10,16	10,13	10,48	12,71
3526	10,22	10,57	10,44	11,28	10,16	10,15	10,46	12,71
3527	10,19	10,54	10,43	11,29	10,15	10,12	10,45	12,71
3528	10,21	10,56	10,41	11,28	10,15	10,13	10,46	12,71
3529	10,22	10,53	10,43	11,32	10,12	10,15	10,44	12,70
3530	10,23	10,56	10,44	11,20	10,13	10,13	10,30	12,68
3531	10,11	10,56	10,43	11,20	10,13	10,12	10,33	12,73
3532	10,24	10,54	10,44	11,17	10,17	10,15	10,34	12,70
3533	10,24	10,53	10,45	11,20	10,15	10,03	10,34	12,71
3534	10,21	10,54	10,44	11,20	10,13	10,12	10,34	12,74
3535	10,21	10,45	10,41	11,18	10,25	10,11	10,36	12,73
3536	10,21	10,45	10,44	11,18	10,16	10,13	10,33	12,71
3537	10,22	10,45	10,40	11,18	10,17	10,15	10,34	12,71
3538	10,21	10,45	10,43	11,18	10,16	10,13	10,33	12,74
3539	10,21	10,46	10,43	11,18	10,13	10,16	10,44	12,73
3540	10,21	10,44	10,40	11,20	10,15	10,12	10,33	12,73
3541	10,12	10,45	10,43	11,18	10,16	10,13	10,31	12,73
3542	10,22	10,44	10,44	11,18	10,26	10,15	10,34	12,71
3543	10,11	10,44	10,43	11,18	10,25	10,15	10,33	12,73
3544	10,21	10,44	10,43	11,09	10,26	10,12	10,45	12,91
3545	10,13	10,44	10,43	11,20	10,25	10,15	10,45	12,86
3546	10,21	10,44	10,40	11,07	10,24	10,13	10,42	12,70
3547	10,19	10,54	10,43	11,07	10,24	10,13	10,46	12,73
3548	10,12	10,53	10,43	11,05	10,28	10,15	10,45	12,86
3549	10,19	10,54	10,43	11,06	10,25	10,15	10,44	12,73
3550	10,19	10,54	10,43	11,09	10,25	10,13	10,45	12,73
3551	10,10	10,54	10,43	11,06	10,25	10,13	10,42	12,86
3552	10,19	10,53	10,44	11,07	10,26	10,16	10,44	12,86
3553	10,21	10,53	10,43	11,09	10,25	10,15	10,45	12,88
3554	10,19	10,52	10,43	11,10	10,24	10,16	10,44	12,86
3555	10,12	10,54	10,43	11,07	10,15	10,13	10,44	12,88
3556	10,21	10,57	10,31	11,09	10,13	10,13	10,45	12,86
3557	10,22	10,52	10,32	11,09	10,15	10,12	10,44	12,84
3558	10,19	10,54	10,32	11,13	10,25	10,15	10,45	12,86
3559	10,22	10,53	10,32	11,06	10,22	10,12	10,45	12,83
3560	10,23	10,53	10,33	11,07	10,25	10,13	10,45	12,81
3561	10,19	10,54	10,33	11,07	10,26	10,13	10,45	12,81
3562	10,23	10,54	10,33	11,16	10,25	10,11	10,45	12,84
3563	10,11	10,50	10,32	11,18	10,25	10,12	10,41	12,81
3564	10,11	10,54	10,29	11,07	10,26	10,11	10,45	12,84
3565	10,10	10,54	10,33	11,07	10,15	10,16	10,45	12,83
3566	10,10	10,53	10,32	11,07	10,17	10,15	10,46	12,83
3567	10,13	10,44	10,32	11,09	10,15	10,24	10,44	12,84
3568	10,21	10,53	10,33	11,10	10,15	10,23	10,42	12,86
3569	10,12	10,54	10,32	11,09	10,13	10,13	10,45	12,84
3570	10,12	10,53	10,32	11,06	10,12	10,10	10,44	12,84
3571	10,11	10,54	10,32	11,09	10,15	10,11	10,42	12,81
3572	10,11	10,42	10,31	11,10	10,16	10,12	10,45	12,84
3573	10,11	10,52	10,32	11,06	10,16	10,15	10,44	12,84
3574	10,12	10,54	10,31	11,06	10,15	10,13	10,45	12,86
3575	10,01	10,56	10,31	10,98	10,24	10,13	10,42	12,84
3576	10,01	10,52	10,41	10,98	10,24	10,13	10,44	12,83
3577	10,04	10,56	10,43	11,09	10,25	10,11	10,44	12,83
3578	10,11	10,45	10,43	10,99	10,24	10,16	10,46	12,84
3579	10,08	10,53	10,43	11,06	10,25	10,12	10,44	12,84
3580	10,11	10,54	10,45	11,07	10,15	10,24	10,44	12,79
3581	10,11	10,54	10,40	11,05	10,17	10,15	10,45	12,83
3582	10,11	10,53	10,41	11,09	10,17	10,10	10,44	12,84
3583	10,10	10,53	10,43	11,10	10,26	10,13	10,44	12,83
3584	10,11	10,41	10,43	11,06	10,25	10,12	10,46	12,81
3585	10,12	10,41	10,44	11,09	10,25	10,12	10,48	12,86
3586	10,08	10,42	10,44	11,09	10,25	10,15	10,44	12,84
3587	10,08	10,44	10,43	11,06	10,15	10,13	10,44	12,86
3588	10,12	10,42	10,40	11,10	10,15	10,12	10,42	12,86
3589	10,12	10,44	10,41	11,03	10,16	10,15	10,45	12,84
3590	10,11	10,53	10,40	11,07	10,15	10,11	10,45	12,81
3591	10,12	10,44	10,43	11,09	10,13	10,13	10,45	12,84
3592	10,02	10,53	10,44	11,07	10,16	10,13	10,45	12,84
3593	10,01	10,53	10,43	11,09	10,15	10,15	10,44	12,86
3594	10,10	10,57	10,43	11,09	10,12	10,13	10,46	12,81
3595	10,01	10,56	10,45	11,09	10,15	10,13	10,44	12,88
3596	10,01	10,53	10,41	11,06	10,16	10,15	10,45	12,86
3597	10,01	10,57	10,44	11,09	10,16	10,13	10,45	12,81
3598	10,00	10,54	10,41	11,09	10,13	10,15	10,46	12,84
3599	10,11	10,56	10,43	11,09	10,15	10,13	10,46	12,81
3600	10,01	10,56	10,41	11,06	10,13	10,16	10,45	12,88
3601	10,02	10,42	10,43	11,07	10,28	10,15	10,44	12,71
3602	10,01	10,54	10,43	11,09	10,25	10,16	10,45	12,86
3603	10,05	10,53	10,43	11,07	10,28	10,17	10,45	12,84
3604	10,00	10,53	10,44	11,09	10,25	10,15	10,45	12,83
3605	10,04	10,54	10,43	11,07	10,28	10,15	10,44	12,79
3606	10,02	10,53	10,43	11,07	10,35	10,15	10,45	12,83
3607	10,11	10,53	10,56	11,09	10,35	10,13	10,45	12,84
3608	10,11	10,54	10,54	11,09	10,35	10,13	10,45	12,84
3609	10,11	10,53	10,53	11,09	10,37	10,13	10,45	12,71
3610	10,02	10,54	10,52	10,98	10,37	10,12	10,42	12,83
3611	10,02	10,54	10,50	10,98	10,35	10,13	10,42	12,70
3612	10,01	10,53	10,56	11,00	10,24	10,12	10,45	12,71
3613	10,02	10,54	10,52	10,99	10,25	10,15	10,45	12,81
3614	10,11	10,53	10,53	11,07	10,35	10,11	10,45	12,73
3615	10,11	10,56	10,53	11,09	10,25	10,15	10,46	12,83
3616	10,10	10,56	10,52	11,09	10,35	10,16	10,46	12,70
3617	10,11	10,56	10,52	11,06	10,35	10,15	10,48	12,71
3618	10,11	10,54	10,52	11,09	10,47	10,16	10,44	12,74
3619	10,01	10,57	10,52	10,95	10,34	10,16	10,41	12,74
3620	10,01	10,52	10,53	10,95	10,35	10,15	10,46	12,71
3621	10,01	10,53	10,53	10,96	10,35	10,13	10,34	12,74
3622	10,01	10,65	10,54	10,95	10,35	10,16	10,46	12,81
3623	10,01	10,64	10,54	10,99	10,34	10,15	10,33	12,86
3624	10,14	10,66	10,53	10,99	10,35	10,11	10,38	12,84
3625	10,11	10,64	10,52	11,06	10,33	10,13	10,36	12,83
3626	10,10	10,66	10,53	11,07	10,43	10,13	10,45	12,83
3627	10,11	10,64	10,50	11,09	10,44	10,16	10,36	12,79
3628	10,08	10,66	10,53	11,06	10,46	10,13	10,36	12,86
3629	10,11	10,66	10,53	11,06	10,44	10,13	10,34	12,81
3630	10,11	10,64	10,52	11,06	10,34	10,12	10,44	12,86
3631	10,11	10,54	10,50	10,96	10,34	10,12	10,33	12,71
3632	10,12	10,56	10,52	11,07	10,34	10,16	10,44	12,71
3633	10,12	10,42	10,53	11,07	10,46	10,13	10,46	12,71
3634	10,11	10,50	10,52	11,07	10,43	10,13	10,46	12,71
3635	10,11	10,52	10,53	11,06	10,43	10,10	10,44	12,73
3636	10,11	10,53	10,50	11,07	10,46	10,13	10,44	12,70
3637	10,11	10,53	10,53	11,09	10,44	10,11	10,45	12,68
3638	10,13	10,54	10,53	11,10	10,47	10,15	10,44	12,71
3639	10,10	10,57	10,52	11,09	10,35	10,13	10,44	12,84
3640	10,04	10,54	10,53	11,06	10,34	10,13	10,44	12,83
3641	10,11	10,53	10,52	11,09	10,38	10,15	10,45	12,83
3642	10,01	10,56	10,52	11,09	10,38	10,13	10,46	12,86
3643	10,12	10,54	10,54	11,09	10,38	10,13	10,46	12,84
3644	10,02	10,56	10,53	11,07	10,25	10,13	10,46	12,84
3645	10,01	10,66	10,56	11,06	10,22	10,16	10,46	12,88
3646	10,11	10,54	10,52	11,10	10,25	10,15	10,42	12,84
3647	10,12	10,54	10,53	11,09	10,25	10,13	10,45	12,84
3648	10,11	10,53	10,62	11,09	10,26	10,13	10,44	12,84
3649	10,02	10,56	10,52	11,09	10,25	10,13	10,44	12,84
3650	10,02	10,56	10,53	11,10	10,26	10,16	10,44	12,83
3651	10,12	10,54	10,62	11,09	10,22	10,25	10,44	12,83
3652	10,04	10,54	10,54	11,07	10,24	10,16	10,44	12,68
3653	10,10	10,53	10,63	11,09	10,24	10,23	10,42	12,76
3654	10,12	10,54	10,54	11,07	10,25	10,12	10,45	12,76
3655	10,10	10,54	10,54	11,18	10,25	10,13	10,44	12,73
3656	10,12	10,57	10,53	11,20	10,25	10,16	10,48	12,73
3657	10,12	10,57	10,52	11,20	10,24	10,15	10,45	12,73
3658	10,12	10,54	10,54	11,18	10,26	10,15	10,46	12,71
3659	10,10	10,54	10,53	11,20	10,25	10,11	10,44	12,73
3660	10,11	10,57	10,56	11,20	10,24	10,15	10,46	12,71
3661	10,11	10,42	10,54	11,20	10,24	10,15	10,44	12,71
3662	10,11	10,54	10,53	11,10	10,26	10,13	10,44	12,71
3663	10,11	10,53	10,56	11,09	10,25	10,13	10,44	12,71
3664	10,11	10,52	10,52	11,09	10,24	10,13	10,44	12,73
3665	10,11	10,53	10,52	11,07	10,28	10,13	10,44	12,71
3666	10,11	10,54	10,50	11,09	10,24	10,13	10,45	12,71
3667	10,11	10,53	10,53	11,10	10,24	10,15	10,45	12,74
3668	10,12	10,52	10,50	11,09	10,25	10,25	10,44	12,71
3669	10,11	10,41	10,50	11,07	10,22	10,21	10,41	12,70
3670	10,10	10,54	10,53	11,07	10,24	10,27	10,42	12,71
3671	10,10	10,56	10,54	11,09	10,25	10,13	10,44	12,71
3672	10,11	10,53	10,52	11,05	10,22	10,12	10,44	12,70
3673	10,10	10,56	10,52	11,09	10,25	10,13	10,45	12,71
3674	10,11	10,53	10,53	11,06	10,22	10,13	10,46	12,71
3675	10,11	10,44	10,53	11,09	10,24	10,16	10,44	12,71
3676	10,12	10,44	10,54	11,09	10,22	10,13	10,46	12,73
3677	10,12	10,44	10,53	11,06	10,26	10,12	10,45	12,71
3678	10,11	10,44	10,54	11,10	10,22	10,15	10,45	12,70
3679	10,12	10,44	10,56	11,09	10,34	10,15	10,45	12,73
3680	10,12	10,42	10,53	11,09	10,35	10,12	10,34	12,68
3681	10,12	10,42	10,53	11,09	10,33	10,15	10,46	12,71
3682	10,12	10,40	10,41	11,06	10,34	10,12	10,48	12,71
3683	10,13	10,45	10,43	11,11	10,22	10,13	10,45	12,73
3684	10,11	10,44	10,44	11,09	10,25	10,48	10,45	12,73
3685	10,11	10,42	10,44	11,07	10,34	10,46	10,44	12,71
3686	10,12	10,42	10,41	11,07	10,37	10,46	10,42	12,71
3687	10,10	10,56	10,44	11,10	10,33	10,44	10,88	12,71
3688	10,10	10,53	10,43	11,09	10,35	10,45	10,78	12,73
3689	10,12	10,56	10,43	11,07	10,35	10,48	10,74	12,71
3690	10,10	10,54	10,44	11,06	10,28	10,45	10,89	12,73
3691	10,11	10,44	10,43	11,07	10,24	10,44	10,75	12,73
3692	10,12	10,56	10,45	11,07	10,24	10,44	10,77	12,71
3693	10,11	10,56	10,43	11,09	10,25	10,46	10,77	12,71
3694	10,10	10,53	10,44	11,07	10,25	10,45	10,78	12,73
3695	10,14	10,42	10,44	11,09	10,25	10,46	10,78	12,70
3696	10,11	10,46	10,43	11,06	10,25	10,42	10,78	12,74
3697	10,11	10,45	10,41	10,99	10,13	10,45	10,77	12,74
3698	10,05	10,45	10,43	10,98	10,17	10,45	10,77	12,83
3699	10,01	10,44	10,43	10,98	10,15	10,36	10,77	12,73
3700	10,02	10,44	10,43	10,95	10,17	10,44	10,88	12,74
3701	10,02	10,45	10,43	10,99	10,17	10,45	10,85	12,73
3702	10,12	10,45	10,43	11,06	10,28	10,46	10,89	12,73
3703	10,10	10,45	10,41	11,09	10,24	10,44	10,88	12,73
3704	10,13	10,42	10,43	11,09	10,24	10,48	10,86	12,71
3705	10,10	10,45	10,44	11,09	10,25	10,45	10,85	12,71
3706	10,10	10,44	10,44	11,09	10,26	10,45	10,86	12,71
3707	10,11	10,45	10,41	11,09	10,38	10,45	10,88	12,74
3708	10,13	10,44	10,45	11,09	10,25	10,46	10,88	12,71
3709	10,12	10,73	10,41	11,09	10,24	10,44	10,89	12,73
3710	10,10	10,74	10,44	10,98	10,25	10,45	10,85	12,71
3711	10,11	10,77	10,43	10,99	10,24	10,36	10,90	12,73
3712	10,10	10,74	10,44	10,99	10,25	10,33	10,85	12,71
3713	10,12	10,75	10,43	10,96	10,26	10,36	10,86	12,73
3714	-0,02	0,20	0,24	-0,11	10,26	10,34	10,86	12,71
3715	-0,02	0,20	0,26	-0,12	10,24	10,36	10,88	12,73
3716	-0,03	0,23	0,26	-0,12	10,25	10,34	10,86	12,73
3717	-0,04	0,23	0,26	-0,11	10,25	10,33	10,77	12,73
3718	-0,03	0,19	0,26	-0,12	-0,07	0,12	-0,08	0,01
3719	-0,04	0,21	0,24	-0,12	-0,11	0,14	-0,08	0,01
3720	-0,05	0,21	0,26	-0,11	-0,08	0,10	-0,09	0,01
3721	-0,02	0,23	0,26	-0,11	0,02	0,10	-0,08	-0,02
3722	-0,04	0,21	0,26	-0,09	-0,09	0,15	-0,07	0,01
3723	-0,01	0,23	0,26	-0,12	-0,11	0,10	-0,09	-0,02
3724	-0,03	0,27	0,26	-0,12	-0,09	0,12	-0,08	0,01
3725	-0,01	0,23	0,24	-0,15	-0,12	0,12	-0,12	-0,04
3726	-0,02	0,21	0,28	-0,09	-0,07	0,11	-0,08	0,03
3727	-0,02	0,21	0,26	-0,12	-0,09	0,10	-0,07	-0,02
3728	-0,03	0,21	0,24	-0,13	-0,06	0,11	-0,09	-0,01
3729	-0,02	0,19	0,28	-0,12	-0,08	0,11	-0,08	-0,02
3730	-0,04	0,19	0,27	-0,13	-0,09	0,12	-0,07	0,01
3731	-0,02	0,21	0,24	-0,13	-0,07	0,10	-0,08	-0,01
3732	-0,04	0,21	0,24	-0,13	-0,07	0,11	-0,09	-0,01
3733	-0,04	0,20	0,24	-0,11	-0,11	0,12	-0,08	0,03
3734	-0,03	0,20	0,26	-0,13	-0,09	0,11	-0,08	-0,01
3735	-0,03	0,21	0,23	-0,09	-0,09	0,11	-0,08	-0,01
3736	-0,03	0,13	0,24	-0,12	-0,09	0,11	-0,09	-0,01
3737	-0,04	0,20	0,27	-0,12	-0,09	0,11	-0,05	-0,02
3738	-0,03	0,13	0,27	-0,12	-0,09	0,11	-0,08	0,01
3739	-0,02	0,13	0,27	-0,12	-0,07	0,10	-0,11	-0,01
3740	-0,04	0,20	0,26	-0,13	-0,08	0,11	-0,09	0,01
3741	-0,04	0,20	0,28	-0,15	-0,09	0,12	-0,09	-0,01
3742	-0,03	0,21	0,26	-0,13	-0,11	0,22	-0,07	-0,02
3743	-0,02	0,21	0,27	-0,12	-0,09	0,22	-0,11	-0,01
3744	-0,04	0,19	0,26	-0,09	-0,09	0,23	-0,08	-0,01
3745	-0,04	0,20	0,26	-0,09	-0,07	0,23	-0,09	0,03
3746	-0,03	0,21	0,26	-0,11	-0,09	0,23	-0,09	0,01
3747	-0,01	0,21	0,26	-0,09	-0,09	0,22	-0,09	-0,02
3748	-0,04	0,21	0,26	-0,11	-0,13	0,23	-0,12	-0,02
3749	-0,04	0,23	0,27	-0,11	-0,15	0,23	-0,09	0,01	#* KCl30 
3750	-0,04	0,21	0,26	-0,20	-0,15	0,20	-0,08	-0,01
3751	-0,03	0,21	0,27	-0,17	-0,09	0,24	-0,08	-0,01
3752	-0,03	0,20	0,23	-0,20	-0,11	0,20	-0,11	-0,01
3753	-0,03	0,21	0,26	-0,19	-0,09	0,24	-0,07	0,03
3754	-0,02	0,24	0,24	-0,22	-0,09	0,11	-0,07	-0,01
3755	-0,03	0,21	0,27	-0,12	-0,09	0,10	-0,08	0,01
3756	-0,02	0,21	0,28	-0,09	-0,07	0,12	-0,08	0,01
3757	-0,02	0,20	0,26	-0,12	-0,09	0,12	-0,11	-0,02
3758	-0,03	0,23	0,27	-0,19	-0,12	0,11	-0,08	-0,01
3759	-0,02	0,19	0,26	-0,20	-0,09	0,08	-0,08	-0,01
3760	-0,02	0,21	0,23	-0,16	-0,07	0,10	-0,08	0,01
3761	0,01	0,23	0,26	-0,19	-0,12	0,11	-0,08	-0,02
3762	-0,03	0,20	0,28	-0,17	-0,13	0,12	-0,09	0,01
3763	-0,03	0,23	0,27	-0,31	-0,13	0,12	-0,07	0,01
3764	-0,04	0,23	0,27	-0,29	-0,17	0,23	-0,07	-0,01
3765	0,01	0,23	0,27	-0,16	-0,15	0,22	-0,09	-0,01
3766	-0,02	0,24	0,27	-0,17	-0,13	0,24	-0,04	0,03
3767	-0,02	0,19	0,26	-0,20	-0,13	0,24	-0,08	0,01
3768	-0,02	0,24	0,28	-0,19	-0,15	0,11	-0,09	-0,01
3769	-0,02	0,23	0,26	-0,11	-0,15	0,11	-0,09	0,01
3770	-0,01	0,21	0,26	-0,08	-0,16	0,11	-0,09	0,01
3771	-0,03	0,23	0,27	-0,11	-0,15	0,10	-0,08	-0,02
3772	-0,03	0,21	0,24	-0,11	-0,09	0,12	-0,07	-0,02
3773	-0,02	0,21	0,24	-0,11	-0,08	0,12	-0,05	-0,01
3774	-0,03	0,20	0,27	-0,12	-0,08	0,10	-0,09	-0,01
3775	-0,02	0,20	0,28	-0,12	-0,08	0,08	-0,08	-0,02
3776	-0,03	0,23	0,26	-0,09	-0,09	0,11	-0,04	0,01
3777	-0,03	0,21	0,26	-0,12	-0,06	0,12	-0,11	-0,02
3778	-0,04	0,21	0,26	-0,11	0,01	0,11	-0,09	-0,04
3779	-0,01	0,21	0,26	-0,09	0,01	0,10	-0,07	0,01
3780	-0,03	0,21	0,22	-0,13	-0,08	0,08	-0,08	0,11
3781	-0,03	0,24	0,27	-0,13	-0,09	0,22	-0,09	1,02
3782	-0,03	0,20	0,24	-0,11	-0,11	0,23	-0,09	1,90
3783	-0,04	0,21	0,26	-0,12	-0,09	0,20	-0,09	1,92
3784	-0,03	0,21	0,24	-0,17	-0,09	0,23	-0,09	1,51
3785	-0,02	0,21	0,26	-0,20	-0,08	0,20	-0,08	1,28
3786	-0,03	0,23	0,26	-0,19	-0,08	0,23	-0,08	1,04
3787	-0,05	0,21	0,24	-0,17	-0,07	0,20	-0,09	0,89
3788	-0,01	0,20	0,26	-0,19	-0,07	0,20	-0,08	0,79
3789	-0,02	0,21	0,26	-0,17	-0,09	0,31	-0,08	0,63
3790	-0,02	0,21	0,27	-0,17	-0,08	0,32	-0,08	0,50
3791	-0,03	0,21	0,28	-0,19	-0,11	0,33	-0,09	0,37
3792	-0,02	0,21	0,24	-0,19	-0,09	0,32	-0,09	0,38
3793	-0,04	0,21	0,26	-0,17	-0,08	0,31	-0,09	0,37
3794	-0,01	0,24	0,26	-0,19	-0,08	0,43	-0,09	0,40
3795	-0,01	0,21	0,26	-0,09	-0,08	0,44	-0,09	0,24
3796	-0,03	0,23	0,36	-0,19	-0,08	0,53	-0,09	0,24
3797	-0,01	0,24	0,26	-0,20	-0,07	0,75	-0,05	0,25
3798	-0,05	0,21	0,24	-0,22	-0,09	0,83	-0,08	0,24
3799	-0,04	0,21	0,27	-0,17	-0,08	0,84	0,04	0,12
3800	-0,04	0,24	0,26	-0,17	-0,09	0,83	0,00	0,11
3801	-0,05	0,24	0,26	-0,12	-0,09	0,73	0,02	0,14
3802	-0,02	0,20	0,24	-0,12	-0,07	0,73	0,02	0,11
3803	-0,02	0,20	0,26	-0,13	-0,15	0,84	0,02	0,12
3804	-0,03	0,33	0,28	-0,12	-0,16	1,03	0,11	0,12
3805	-0,03	0,32	0,27	-0,17	-0,16	1,12	0,15	0,11
3806	-0,02	0,42	0,26	-0,22	-0,07	1,13	0,24	0,09
3807	-0,01	0,45	0,24	-0,09	-0,11	1,22	0,24	0,27
3808	-0,04	0,42	0,26	-0,20	-0,06	1,25	0,35	0,25
3809	-0,04	0,38	0,26	-0,13	-0,07	1,22	0,35	0,11
3810	-0,02	0,41	0,24	-0,11	-0,09	1,34	0,35	0,25
3811	-0,03	0,41	0,26	-0,13	-0,11	1,37	0,22	0,25
3812	-0,03	0,42	0,29	-0,16	-0,11	1,35	0,24	0,24
3813	-0,02	0,41	0,27	-0,12	-0,08	1,46	0,28	0,34
3814	-0,02	0,44	0,28	-0,13	-0,15	1,43	0,24	0,38
3815	-0,01	0,31	0,37	-0,12	-0,15	1,46	0,25	0,50
3816	-0,03	0,41	0,36	-0,13	-0,16	1,54	0,35	0,50
3817	0,15	0,42	0,33	-0,16	-0,16	1,52	0,55	0,65
3818	0,84	0,42	0,37	-0,12	-0,15	1,54	0,78	0,63
3819	1,31	0,53	0,36	-0,13	-0,15	1,64	1,09	0,76
3820	1,49	0,82	0,33	-0,13	-0,16	1,63	1,09	0,74
3821	1,32	1,48	0,37	-0,12	-0,16	1,64	0,98	0,76
3822	1,03	1,89	0,36	-0,11	-0,15	1,67	0,87	0,99
3823	0,82	1,94	0,36	-0,11	-0,16	1,64	0,78	2,06
3824	0,62	1,89	0,33	-0,12	-0,15	1,67	0,76	2,83
3825	0,54	1,53	0,36	-0,15	-0,15	1,66	0,66	2,92
3826	0,54	1,36	0,39	-0,12	-0,15	1,66	0,80	2,44
3827	0,46	1,11	0,35	-0,12	-0,17	1,64	0,87	2,05
3828	0,34	1,03	0,46	-0,13	-0,15	1,68	0,87	1,83
3829	0,34	0,95	0,48	0,02	-0,16	1,66	1,00	1,65
3830	0,66	1,06	0,46	-0,01	-0,09	1,76	0,98	1,65
3831	1,31	1,25	0,46	-0,01	-0,08	1,77	1,10	1,52
3832	1,60	1,91	0,49	-0,01	-0,09	1,77	1,21	1,52
3833	1,59	2,28	0,45	-0,02	0,03	1,79	1,18	1,70
3834	1,37	2,30	0,45	-0,01	0,12	1,76	1,11	1,78
3835	1,21	2,07	0,46	-0,01	0,15	1,75	1,21	2,16
3836	1,02	1,97	0,44	-0,13	0,11	1,76	1,55	2,68
3837	0,91	1,87	0,46	-0,12	0,01	1,77	1,94	2,94
3838	1,32	1,85	0,55	-0,15	-0,00	1,73	2,27	2,68
3839	1,68	1,76	0,55	0,02	0,02	1,76	2,17	2,58
3840	1,86	1,68	0,59	-0,01	0,03	1,86	1,94	2,70
3841	1,70	1,68	0,54	-0,04	0,01	1,84	1,80	3,20
3842	1,49	1,54	0,57	-0,01	0,05	1,85	1,85	3,46
3843	1,40	1,56	0,55	-0,02	0,11	1,86	1,94	3,33
3844	1,49	1,66	0,54	0,01	0,21	1,86	1,96	3,09
3845	1,81	1,76	0,57	-0,02	0,23	1,86	2,05	3,17
3846	1,96	2,08	0,55	-0,04	0,31	1,96	2,05	3,43
3847	1,77	2,40	0,70	0,09	0,43	1,86	2,05	3,45
3848	1,68	2,49	0,54	0,09	0,81	1,96	2,05	3,33
3849	1,60	2,39	0,63	0,09	1,04	1,94	2,07	3,33
3850	1,69	2,16	0,68	0,21	1,17	1,96	2,06	3,74
3851	1,88	2,10	0,67	0,20	1,08	1,96	2,06	3,82
3852	1,99	2,10	0,67	0,21	0,92	1,97	2,07	3,71
3853	1,88	2,48	0,68	0,20	0,95	1,97	2,17	3,59
3854	1,69	2,81	0,66	0,21	1,04	2,00	2,16	3,71
3855	1,60	2,94	0,68	0,20	1,12	1,96	2,27	3,80
3856	1,79	2,81	0,68	0,20	1,22	1,98	2,38	3,80
3857	2,07	2,59	0,68	0,19	1,27	1,96	2,39	3,84
3858	2,19	2,52	0,67	0,20	1,32	1,96	2,50	3,97
3859	1,99	2,72	0,79	0,34	1,35	2,06	2,48	4,06
3860	1,90	2,91	0,76	0,31	1,35	2,05	2,57	4,10
3861	1,88	3,03	0,79	0,43	1,34	2,06	2,61	4,08
3862	2,08	3,02	0,75	0,43	1,34	2,06	2,69	4,10
3863	2,27	2,93	0,84	0,41	1,32	2,06	2,69	4,06
3864	2,16	2,90	0,87	0,42	1,23	2,07	2,69	4,10
3865	1,97	2,99	0,88	0,41	1,23	2,09	2,69	4,21
3866	1,90	3,02	0,87	0,41	1,23	2,06	2,79	4,16
3867	1,97	3,11	0,87	0,55	1,13	2,07	2,69	4,23
3868	2,16	3,11	0,88	0,55	1,12	2,06	2,69	4,31
3869	2,25	3,10	0,85	0,60	1,12	2,06	2,68	4,21
3870	2,07	3,14	0,89	0,66	1,12	2,05	2,68	4,34
3871	1,97	3,11	1,00	0,63	1,14	2,06	2,70	4,31
3872	1,86	3,11	0,97	0,63	1,23	2,05	2,68	4,33
3873	2,09	3,13	0,98	0,64	1,34	2,09	2,79	4,33
3874	2,25	3,10	0,97	0,66	1,44	2,15	2,79	4,33
3875	2,37	3,22	0,97	0,61	1,43	2,15	2,76	4,34
3876	2,27	3,22	0,94	0,64	1,31	2,15	2,92	4,52
3877	2,08	3,23	0,96	0,71	1,44	2,17	2,88	4,44
3878	1,97	3,23	0,97	0,75	1,54	2,17	2,90	4,46
3879	2,19	3,22	1,06	0,86	1,63	2,15	2,91	4,44
3880	2,46	3,31	1,06	0,86	1,54	2,15	3,02	4,62
3881	2,46	3,30	0,98	0,85	1,56	2,19	2,92	4,59
3882	2,26	3,45	1,10	0,86	1,56	2,15	3,02	4,57
3883	2,07	3,44	1,07	0,85	1,62	2,17	2,98	4,59	#* P1 
3884	1,98	3,43	1,07	0,85	1,65	2,15	2,99	4,59
3885	2,07	3,53	1,07	0,97	1,65	2,17	2,99	4,60
3886	2,74	3,74	1,37	1,72	1,63	2,18	3,03	4,72
3887	2,46	3,65	1,28	1,29	1,96	2,27	3,24	4,99
3888	2,27	3,43	1,18	0,86	1,84	2,49	3,24	5,68
3889	1,99	3,45	1,09	0,85	1,53	2,28	2,99	4,98
3890	1,80	3,35	1,18	0,95	1,40	2,28	2,90	4,83
3891	1,72	3,22	1,18	1,04	1,36	2,26	2,92	4,86
3892	1,52	3,22	1,27	1,29	1,43	2,30	2,80	4,86
3893	1,49	3,23	1,30	1,25	1,54	2,27	2,79	4,72
3894	1,52	3,32	1,18	1,25	1,53	2,39	2,79	4,85
3895	1,42	3,20	1,06	1,28	1,52	2,36	2,79	4,83
3896	1,41	3,20	0,98	1,20	1,45	2,27	2,81	4,99
3897	1,41	3,15	0,94	1,04	1,45	2,26	2,77	4,94
3898	1,01	2,98	0,97	0,93	1,44	2,26	2,72	4,96
3899	1,14	3,01	0,97	0,96	1,45	2,24	2,69	4,99
3900	1,41	3,09	1,07	0,84	1,43	2,26	2,57	4,88
3901	1,69	2,60	1,06	0,86	1,43	2,27	2,70	4,83
3902	1,80	2,72	1,07	0,86	1,43	2,23	2,79	4,88
3903	1,79	2,72	0,75	0,85	1,53	2,27	2,80	4,96
3904	1,70	2,60	0,78	-0,15	1,54	2,15	2,77	4,96
3905	1,59	2,52	0,79	0,09	1,56	2,15	2,80	4,85
3906	1,58	2,49	0,78	0,32	1,56	2,17	2,79	4,83
3907	1,49	2,30	0,66	0,53	1,01	2,24	2,79	4,72
3908	1,40	2,16	0,66	0,64	1,03	1,94	2,91	4,57
3909	1,21	2,16	0,66	0,63	1,04	1,67	2,91	4,70
3910	1,14	2,10	0,67	0,50	1,05	1,77	2,90	4,73
3911	1,05	1,98	0,66	0,42	0,94	1,88	2,05	4,70
3912	0,92	1,90	0,66	0,32	0,81	1,86	2,16	3,92
3913	0,84	1,76	0,67	0,31	0,69	1,72	2,16	3,71
3914	0,73	1,57	0,57	0,20	0,63	1,77	2,07	3,76
3915	0,74	1,45	0,57	0,20	0,65	1,76	1,96	3,67
3916	0,65	1,48	0,58	0,20	0,60	1,75	1,83	3,63
3917	1,13	1,66	0,88	0,95	0,52	1,63	1,70	3,48
3918	0,66	1,57	0,68	0,32	0,40	1,64	1,73	3,45
3919	0,54	1,47	0,68	0,21	0,42	1,55	1,62	3,58
3920	0,47	1,45	0,68	0,01	0,54	1,54	1,84	3,98
3921	0,47	1,35	0,57	0,01	0,65	1,56	2,03	4,10
3922	0,45	1,36	0,57	-0,11	0,42	1,56	1,51	4,20
3923	0,35	1,25	0,54	-0,12	0,24	1,55	1,28	3,23
3924	0,08	1,27	0,59	-0,09	0,10	1,34	1,10	2,78
3925	0,08	1,14	0,45	-0,09	0,12	1,25	0,89	2,57
3926	0,06	0,74	0,49	-0,13	0,02	1,16	0,89	2,34
3927	0,18	0,83	0,48	-0,13	0,02	1,14	0,77	2,14
3928	0,18	0,86	0,24	-0,15	0,05	1,12	0,66	2,03
3929	0,18	0,95	0,37	-0,52	0,02	1,04	0,66	1,93
3930	0,30	0,94	0,45	-0,85	-0,09	1,05	0,57	1,93
3931	0,25	1,02	0,46	-0,87	-0,11	0,90	0,55	1,77
3932	0,27	1,03	0,46	-0,76	-0,25	0,94	0,55	1,77
3933	0,37	1,02	0,46	-0,64	-0,26	0,92	0,65	1,82
3934	0,35	1,04	0,58	-0,64	-0,26	0,53	0,55	1,67
3935	0,37	1,07	0,57	-0,62	-0,26	0,54	-0,07	1,67
3936	0,36	1,06	0,67	-0,64	-0,26	0,62	0,02	1,64
3937	0,36	1,06	0,76	-0,66	-0,25	0,63	0,02	1,28
3938	0,36	1,03	0,75	-0,52	-0,26	0,63	0,11	0,73
3939	0,37	1,03	0,78	-0,53	-0,26	0,71	0,22	0,79
3940	0,35	1,03	0,79	-0,41	-0,26	0,73	0,14	0,92
3941	0,37	1,07	0,88	-0,41	-0,25	0,83	0,14	1,05
3942	0,36	1,03	0,88	-0,31	-0,16	0,84	0,11	1,04
3943	0,37	1,15	0,87	-0,33	-0,13	0,95	0,15	1,05
3944	0,36	1,12	0,98	-0,22	-0,09	0,94	0,24	1,04
3945	0,45	1,12	0,97	-0,17	-0,09	0,84	0,36	1,00
3946	0,46	1,15	0,98	-0,22	0,01	0,80	0,36	1,15
3947	0,47	1,16	0,97	-0,13	0,02	0,83	0,33	1,13
3948	0,43	1,14	0,96	-0,16	-0,03	0,82	0,46	1,25
3949	0,47	1,15	1,00	-0,12	0,02	0,83	0,46	1,28
3950	0,45	1,14	1,06	-0,15	-0,00	0,86	0,47	1,31
3951	0,47	1,16	1,07	-0,12	0,02	0,83	0,46	1,25
3952	0,45	1,12	1,07	-0,13	0,03	0,86	0,46	1,31
3953	0,45	1,14	1,09	-0,13	-0,02	0,82	0,57	1,30
3954	0,46	1,14	1,09	-0,13	0,02	0,94	0,57	1,25
3955	0,47	1,18	1,09	-0,13	0,01	0,83	0,55	1,30
3956	0,43	1,14	1,09	-0,11	0,02	0,82	0,55	1,25
3957	0,35	1,14	1,10	-0,13	0,02	0,94	0,57	1,28
3958	0,36	1,11	1,07	-0,13	0,03	0,95	0,58	1,28
3959	0,36	1,16	1,06	-0,11	0,03	0,94	0,54	1,28
3960	0,36	1,14	1,07	-0,12	0,02	0,96	0,55	1,13
3961	0,38	1,15	1,05	-0,11	0,03	0,95	0,59	1,13
3962	0,32	1,18	1,05	-0,11	0,02	0,94	0,54	1,15
3963	0,35	1,25	1,07	-0,12	0,03	0,91	0,57	1,13
3964	0,38	1,16	1,07	-0,13	-0,00	0,94	0,54	1,13
3965	0,36	1,15	1,06	-0,09	0,02	0,96	0,55	1,15
3966	0,35	1,15	0,98	-0,13	0,01	0,94	0,58	1,15
3967	0,36	1,14	0,96	-0,13	0,02	0,95	0,57	1,02
3968	0,38	1,15	0,98	-0,13	0,03	0,96	0,54	0,99
3969	0,26	1,16	0,97	-0,09	0,14	0,97	0,58	1,00
3970	0,27	1,14	0,98	-0,12	0,10	0,95	0,55	1,04
3971	0,29	1,15	0,89	-0,11	-0,00	0,96	0,54	0,95
3972	0,25	1,14	0,88	-0,11	0,12	0,87	0,58	1,04
3973	0,29	1,15	0,87	-0,15	0,12	0,83	0,55	1,02
3974	0,26	1,15	0,88	-0,15	0,01	0,82	0,55	0,87
3975	0,16	1,11	0,88	-0,13	-0,00	0,82	0,54	0,89
3976	0,18	1,16	0,88	-0,13	0,03	0,82	0,54	0,86
3977	0,18	1,04	0,88	-0,12	0,01	0,83	0,55	0,91
3978	0,18	1,07	0,85	-0,12	0,01	0,84	0,54	0,87
3979	0,18	1,04	0,85	-0,13	0,02	0,73	0,55	0,87
3980	0,15	1,03	0,81	-0,13	0,01	0,73	0,55	0,89
3981	0,08	1,04	0,76	-0,19	0,02	0,73	0,44	0,78
3982	0,08	0,94	0,75	-0,17	0,01	0,73	0,46	0,76
3983	0,08	0,94	0,67	-0,20	0,01	0,73	0,43	0,76
3984	0,08	0,93	0,66	-0,22	0,03	0,71	0,46	0,79
3985	0,07	0,93	0,55	-0,31	0,01	0,71	0,44	0,74
3986	0,09	0,81	0,57	-0,31	-0,00	0,73	0,46	0,65
3987	0,09	0,83	0,54	-0,29	0,03	0,74	0,43	0,61
3988	0,09	0,82	0,46	-0,33	0,01	0,74	0,35	0,63
3989	0,06	0,83	0,45	-0,40	-0,08	0,70	0,33	0,61
3990	0,08	0,85	0,44	-0,40	-0,08	0,74	0,37	0,63
3991	-0,03	0,73	0,35	-0,42	-0,08	0,62	0,33	0,53
3992	-0,03	0,71	0,36	-0,53	-0,11	0,62	0,35	0,48
3993	-0,03	0,73	0,35	-0,52	-0,09	0,61	0,35	0,47
3994	-0,04	0,73	0,37	-0,52	-0,11	0,62	0,32	0,40
3995	-0,02	0,73	0,39	-0,63	-0,08	0,62	0,22	0,38
3996	-0,01	0,73	0,27	-0,64	-0,08	0,63	0,24	0,37
3997	-0,03	0,71	0,26	-0,64	-0,11	0,63	0,24	0,37
3998	-0,02	0,62	0,24	-0,64	-0,11	0,52	0,21	0,25
3999	-0,01	0,65	0,27	-0,64	-0,08	0,52	0,24	0,24
4000	-0,03	0,60	0,24	-0,66	-0,21	0,52	0,22	0,24
4001	-0,01	0,61	0,24	-0,62	-0,16	0,53	0,25	0,24
4002	-0,02	0,61	0,24	-0,66	-0,15	0,50	0,24	0,24
4003	-0,01	0,64	0,27	-0,62	-0,17	0,50	0,20	0,21
4004	-0,01	0,62	0,26	-0,73	-0,17	0,53	0,24	0,12
4005	-0,02	0,61	0,27	-0,74	-0,16	0,54	0,24	0,12
4006	-0,04	0,53	0,20	-0,76	-0,16	0,52	0,21	0,12
4007	-0,03	0,52	0,16	-0,88	-0,17	0,52	0,13	0,09
4008	-0,09	0,52	0,20	-0,85	-0,24	0,52	0,13	0,11
4009	-0,07	0,42	0,19	-0,87	-0,24	0,41	0,14	0,12
4010	-0,09	0,42	0,19	-0,85	-0,26	0,43	0,11	-0,02
4011	-0,09	0,41	0,12	-0,87	-0,28	0,41	0,03	-0,01
4012	-0,10	0,41	0,09	-0,96	-0,28	0,41	0,02	-0,02
4013	-0,08	0,41	0,10	-0,96	-0,26	0,43	0,02	-0,02
4014	-0,09	0,44	0,10	-0,99	-0,26	0,43	0,04	-0,02
4015	-0,09	0,41	0,10	-1,07	-0,26	0,43	0,02	-0,01
4016	-0,08	0,41	0,07	-1,07	-0,28	0,31	0,02	-0,04
4017	-0,07	0,41	0,09	-1,09	-0,24	0,32	0,03	-0,02
4018	-0,15	0,42	0,01	-1,17	-0,26	0,31	0,02	-0,01
4019	-0,16	0,33	-0,03	-1,23	-0,26	0,31	0,03	-0,01
4020	-0,18	0,33	-0,02	-1,20	-0,25	0,31	0,00	0,01
4021	-0,19	0,31	-0,08	-1,16	-0,24	0,33	0,03	-0,01
4022	-0,18	0,31	-0,12	-1,20	-0,25	0,31	-0,08	-0,01
4023	-0,18	0,32	-0,10	-1,18	-0,25	0,29	-0,09	-0,14
4024	-0,19	0,31	-0,11	-1,16	-0,24	0,22	-0,05	-0,10
4025	-0,19	0,19	-0,11	-1,17	-0,22	0,33	-0,09	-0,06
4026	-0,20	0,31	-0,08	-1,17	-0,26	0,22	-0,11	-0,10
4027	-0,16	0,20	-0,20	-1,03	-0,22	0,22	-0,05	-0,09
4028	-0,16	0,23	-0,23	-1,07	-0,22	0,22	-0,08	-0,10
4029	-0,18	0,20	-0,20	-1,18	-0,25	0,22	-0,07	-0,09
4030	-0,20	0,21	-0,21	-1,18	-0,25	0,20	-0,08	-0,10
4031	-0,21	0,19	-0,19	-1,20	-0,28	0,20	-0,07	-0,09
4032	-0,18	0,21	-0,21	-1,17	-0,25	0,20	-0,08	-0,09
4033	-0,19	0,20	-0,24	-1,20	-0,25	0,20	-0,05	-0,20
4034	-0,18	0,23	-0,23	-1,30	-0,25	0,22	-0,08	-0,23
4035	-0,19	0,20	-0,21	-1,30	-0,37	0,19	-0,08	-0,27
4036	-0,16	0,25	-0,30	-1,27	-0,35	0,22	-0,07	-0,23
4037	-0,19	0,21	-0,33	-1,31	-0,37	0,08	-0,09	-0,25
4038	-0,20	0,20	-0,30	-1,42	-0,35	0,10	-0,08	-0,20
4039	-0,27	0,23	-0,32	-1,38	-0,37	0,11	-0,16	-0,23
4040	-0,31	0,21	-0,42	-1,42	-0,38	0,11	-0,17	-0,25
4041	-0,26	0,19	-0,42	-1,39	-0,37	0,11	-0,12	-0,36
4042	-0,19	0,15	-0,42	-1,38	-0,34	0,11	-0,17	-0,35
4043	-0,19	0,13	-0,43	-1,52	-0,34	0,11	-0,15	-0,35
4044	-0,27	0,21	-0,41	-1,38	-0,38	0,10	-0,17	-0,36
4045	-0,26	0,12	-0,42	-1,52	-0,35	0,11	-0,15	-0,36
4046	-0,20	0,12	-0,45	-1,52	-0,38	0,10	-0,16	-0,36
4047	-0,27	0,13	-0,43	-1,52	-0,38	0,11	-0,15	-0,40
4048	-0,27	0,15	-0,43	-1,52	-0,35	0,11	-0,16	-0,36
4049	-0,27	0,13	-0,45	-1,50	-0,39	0,10	-0,19	-0,35
4050	-0,24	0,15	-0,42	-1,50	-0,37	0,11	-0,16	-0,38
4051	-0,29	0,03	-0,45	-1,49	-0,35	0,10	-0,15	-0,35
4052	-0,30	0,04	-0,42	-1,54	-0,39	0,10	-0,17	-0,36
4053	-0,29	0,06	-0,41	-1,52	-0,38	0,11	-0,15	-0,38
4054	-0,26	0,03	-0,40	-1,52	-0,47	0,10	-0,15	-0,35
4055	-0,26	0,04	-0,53	-1,38	-0,48	0,10	-0,15	-0,36
4056	-0,29	0,02	-0,51	-1,41	-0,44	0,10	-0,15	-0,36
4057	-0,27	0,06	-0,51	-1,50	-0,47	0,12	-0,16	-0,35
4058	-0,26	0,02	-0,42	-1,52	-0,46	0,11	-0,17	-0,36
4059	-0,26	0,03	-0,42	-1,50	-0,47	0,11	-0,15	-0,36
4060	-0,29	0,04	-0,53	-1,53	-0,57	0,11	-0,16	-0,35
4061	-0,26	0,04	-0,40	-1,50	-0,57	0,11	-0,16	-0,32
4062	-0,27	0,06	-0,43	-1,39	-0,56	0,03	-0,16	-0,35
4063	-0,27	0,03	-0,40	-1,41	-0,56	0,08	-0,27	-0,35
4064	-0,27	0,03	-0,42	-1,41	-0,46	0,05	-0,16	-0,48
4065	-0,26	0,03	-0,43	-1,41	-0,46	0,02	-0,17	-0,38
4066	-0,26	0,03	-0,42	-1,49	-0,43	0,05	-0,15	-0,36
4067	-0,27	0,06	-0,41	-1,52	-0,42	0,06	-0,17	-0,35
4068	-0,26	0,03	-0,42	-1,53	-0,46	0,05	-0,15	-0,49
4069	-0,29	0,06	-0,43	-1,52	-0,46	0,05	-0,16	-0,48
4070	-0,26	0,03	-0,42	-1,42	-0,44	0,05	-0,28	-0,49
4071	-0,29	0,03	-0,42	-1,39	-0,46	0,06	-0,27	-0,46
4072	-0,26	0,04	-0,41	-1,42	-0,46	0,05	-0,31	-0,48
4073	-0,26	0,03	-0,42	-1,39	-0,47	0,06	-0,27	-0,49
4074	-0,26	0,04	-0,42	-1,39	-0,37	0,05	-0,26	-0,48
4075	-0,29	-0,05	-0,42	-1,42	-0,34	0,05	-0,28	-0,46
4076	-0,31	-0,06	-0,43	-1,39	-0,35	0,03	-0,26	-0,51
4077	-0,29	-0,08	-0,45	-1,39	-0,26	0,03	-0,24	-0,46
4078	-0,27	-0,06	-0,42	-1,39	-0,37	0,02	-0,28	-0,46
4079	-0,26	-0,06	-0,42	-1,42	-0,35	0,08	-0,27	-0,49
4080	-0,30	-0,08	-0,41	-1,39	-0,35	0,05	-0,28	-0,46
4081	-0,29	-0,04	-0,43	-1,42	-0,35	0,05	-0,27	-0,48
4082	-0,29	-0,08	-0,41	-1,41	-0,34	0,05	-0,26	-0,48
4083	-0,29	-0,05	-0,40	-1,41	-0,46	0,03	-0,23	-0,49
4084	-0,25	-0,06	-0,41	-1,52	-0,46	0,05	-0,24	-0,46
4085	-0,27	-0,06	-0,41	-1,52	-0,46	0,03	-0,27	-0,46
4086	-0,27	-0,06	-0,43	-1,38	-0,47	0,03	-0,27	-0,48
4087	-0,30	-0,16	-0,42	-1,39	-0,38	-0,07	-0,26	-0,48
4088	-0,30	-0,18	-0,42	-1,39	-0,46	-0,05	-0,24	-0,46
4089	-0,26	-0,18	-0,43	-1,39	-0,37	0,05	-0,27	-0,48
4090	-0,18	-0,17	-0,41	-1,30	-0,47	0,05	-0,23	-0,51
4091	-0,20	-0,14	-0,41	-1,41	-0,46	-0,05	-0,23	-0,46
4092	-0,18	-0,14	-0,41	-1,28	-0,35	-0,07	-0,28	-0,48
4093	-0,27	-0,18	-0,41	-1,41	-0,34	-0,03	-0,27	-0,59
4094	-0,18	-0,16	-0,40	-1,41	-0,37	-0,06	-0,37	-0,49
4095	-0,27	-0,18	-0,40	-1,49	-0,46	-0,07	-0,24	-0,48
4096	-0,26	-0,18	-0,42	-1,53	-0,44	-0,07	-0,26	-0,51
4097	-0,26	-0,16	-0,41	-1,50	-0,44	-0,05	-0,38	-0,51
4098	-0,29	-0,18	-0,41	-1,52	-0,34	-0,07	-0,35	-0,48
4099	-0,27	-0,17	-0,40	-1,52	-0,44	-0,07	-0,37	-0,48
4100	-0,29	-0,17	-0,41	-1,50	-0,46	-0,06	-0,35	-0,48
4101	-0,26	-0,17	-0,42	-1,52	-0,46	-0,06	-0,37	-0,49
4102	-0,26	-0,16	-0,41	-1,41	-0,46	-0,06	-0,37	-0,49
4103	-0,25	-0,14	-0,43	-1,41	-0,46	-0,09	-0,39	-0,48
4104	-0,29	-0,17	-0,43	-1,49	-0,46	-0,06	-0,38	-0,49	#* KCl60 
4105	-0,27	-0,17	-0,45	-1,42	-0,44	-0,07	-0,37	-0,48
4106	-0,26	-0,17	-0,41	-1,39	-0,35	-0,09	-0,34	-0,48
4107	-0,26	-0,18	-0,41	-1,49	-0,35	-0,06	-0,37	-0,51
4108	-0,29	-0,16	-0,41	-1,52	-0,37	-0,06	-0,38	-0,49
4109	-0,27	-0,18	-0,43	-1,38	-0,34	-0,07	-0,37	-0,46
4110	-0,27	-0,17	-0,42	-1,52	-0,34	-0,06	-0,37	-0,48
4111	-0,26	-0,17	-0,41	-1,39	-0,38	-0,02	-0,37	-0,48
4112	-0,25	-0,18	-0,38	-1,52	-0,25	-0,06	-0,37	-0,49
4113	-0,27	-0,17	-0,41	-1,53	-0,37	-0,05	-0,38	-0,49
4114	-0,29	-0,14	-0,43	-1,50	-0,35	-0,06	-0,37	-0,49
4115	-0,27	0,31	-0,40	-1,49	-0,34	-0,06	-0,35	-0,49
4116	-0,16	1,33	-0,42	-1,52	-0,34	-0,07	-0,37	-0,48
4117	-0,19	1,97	-0,43	-1,49	-0,37	-0,06	-0,35	-0,48
4118	-0,18	2,18	-0,42	-1,52	-0,34	-0,05	-0,37	-0,48
4119	-0,16	1,97	-0,30	-1,50	-0,44	-0,05	-0,35	-0,46
4120	-0,18	1,56	-0,32	-1,63	-0,48	-0,05	-0,35	-0,49
4121	-0,20	1,25	-0,32	-1,53	-0,46	-0,05	-0,35	-0,46
4122	-0,19	0,94	-0,30	-1,52	-0,33	-0,06	-0,34	-0,49
4123	-0,18	0,73	-0,33	-1,39	-0,37	-0,03	-0,37	-0,49
4124	-0,19	0,53	-0,33	-1,41	-0,26	-0,06	-0,38	-0,48
4125	-0,16	0,42	-0,32	-1,41	-0,25	-0,06	-0,38	-0,48
4126	-0,15	0,31	-0,32	-1,41	-0,25	-0,06	-0,38	-0,48
4127	-0,19	0,24	-0,32	-1,42	-0,35	-0,06	-0,38	-0,48
4128	-0,16	0,21	-0,30	-1,41	-0,25	0,06	-0,37	-0,48
4129	-0,27	0,20	-0,30	-1,41	-0,26	0,12	-0,37	-0,46
4130	-0,26	0,23	-0,33	-1,42	-0,25	0,23	-0,38	-0,53
4131	-0,16	0,20	-0,32	-1,28	-0,25	0,11	-0,34	-0,49
4132	-0,18	0,23	-0,20	-1,31	-0,24	0,12	-0,37	-0,49
4133	-0,18	0,21	-0,20	-1,28	-0,24	0,11	-0,35	-0,46
4134	-0,18	0,23	-0,20	-1,30	-0,26	0,12	-0,35	-0,46
4135	-0,21	0,19	-0,23	-1,28	-0,25	0,12	-0,37	-0,49
4136	-0,20	0,20	-0,20	-1,28	-0,35	0,11	-0,37	-0,48
4137	-0,20	0,21	-0,21	-1,30	-0,35	0,33	-0,35	-0,45
4138	-0,16	0,13	-0,20	-1,28	-0,37	0,74	-0,37	-0,46
4139	-0,19	0,13	-0,11	-1,28	-0,25	1,13	-0,35	-0,43
4140	-0,18	0,23	-0,12	-1,31	-0,25	1,33	-0,34	-0,48
4141	-0,19	0,16	-0,02	-1,28	-0,35	1,34	-0,37	-0,48
4142	-0,19	0,12	0,09	-1,30	-0,37	1,43	-0,38	-0,45
4143	-0,18	0,16	0,24	-1,31	-0,25	1,55	-0,38	-0,35
4144	-0,18	0,20	0,26	-1,30	-0,25	1,66	-0,35	-0,33
4145	-0,19	0,31	0,46	-1,20	-0,35	1,89	-0,37	-0,33
4146	-0,09	0,42	0,48	-1,28	-0,37	1,98	-0,37	-0,09
4147	-0,09	0,94	0,66	-1,20	-0,35	2,06	-0,37	0,48
4148	-0,03	1,74	0,87	-1,20	-0,37	2,06	-0,35	1,92
4149	0,38	2,39	1,09	-1,07	-0,35	2,15	-0,22	2,84
4150	1,04	2,69	1,30	-1,06	-0,25	2,17	-0,26	2,55
4151	1,59	2,70	1,27	-1,10	-0,26	2,15	-0,16	2,01
4152	1,60	2,68	1,37	-1,09	-0,17	2,24	-0,11	1,52
4153	1,21	2,90	1,35	-1,09	-0,16	2,27	0,33	1,41
4154	0,92	3,03	1,48	-0,95	-0,09	2,27	0,98	1,95
4155	0,64	3,20	1,58	-0,98	-0,08	2,28	1,29	2,68
4156	0,37	3,35	1,58	-0,85	0,03	2,28	1,33	3,33
4157	0,29	3,43	1,70	-0,85	0,19	2,28	1,20	3,35
4158	0,16	3,55	1,71	-0,84	0,43	2,36	1,10	3,30
4159	0,14	3,53	1,79	-0,76	0,52	2,37	1,07	3,56
4160	0,08	3,55	1,78	-0,63	0,63	2,35	1,50	4,06
4161	0,09	3,53	1,78	-0,63	0,73	2,36	2,06	4,34
4162	0,18	3,55	1,79	-0,52	0,92	2,32	2,38	4,46
4163	0,06	3,53	1,89	-0,52	1,03	2,36	2,48	4,46
4164	0,08	3,51	1,88	-0,66	1,21	2,36	2,46	4,55
4165	0,16	3,55	1,87	-0,64	1,32	2,36	2,48	4,72
4166	0,15	3,64	1,98	-0,63	1,43	2,35	2,57	4,86
4167	0,16	3,74	1,98	-0,56	1,53	2,45	2,79	4,94
4168	0,85	3,85	1,98	-0,64	1,65	2,36	2,90	5,09
4169	1,53	3,96	1,98	-0,66	1,75	2,48	3,02	5,22
4170	1,97	4,05	2,11	-0,63	1,75	2,47	3,14	5,19
4171	1,88	4,14	2,10	-0,51	1,72	2,47	3,13	5,32
4172	1,59	4,18	2,10	-0,53	1,85	2,51	3,23	5,35
4173	1,30	4,26	2,10	-0,41	1,84	2,48	3,23	5,47
4174	1,21	4,26	2,21	-0,44	1,94	2,47	3,32	5,47
4175	1,62	4,36	2,21	-0,20	1,96	2,47	3,44	5,48
4176	2,08	4,34	2,18	-0,12	2,06	2,48	3,46	5,47
4177	2,16	4,35	2,21	0,10	2,07	2,57	3,55	5,58
4178	1,91	4,35	2,21	0,20	2,15	2,57	3,54	5,61
4179	1,77	4,34	2,18	0,41	2,15	2,56	3,57	5,63
4180	1,80	4,36	2,27	0,43	2,14	2,56	3,54	5,63
4181	1,99	4,35	2,31	0,43	2,14	2,56	3,55	5,63
4182	2,16	4,46	2,28	0,63	2,15	2,56	3,54	5,74
4183	2,14	4,47	2,28	0,97	2,24	2,56	3,55	5,73
4184	2,08	4,46	2,30	1,29	2,24	2,66	3,65	5,73
4185	1,98	4,47	2,30	1,38	2,46	2,68	3,64	5,73
4186	2,08	4,44	2,31	1,38	2,46	2,68	3,64	5,86
4187	2,36	4,43	2,32	1,40	2,50	2,68	3,77	5,89
4188	2,54	4,44	2,31	1,50	2,54	2,68	3,77	5,86
4189	2,48	4,46	2,27	1,60	2,54	2,66	3,72	5,86
4190	2,26	4,47	2,40	1,82	2,67	2,69	3,77	5,86
4191	2,26	4,46	2,37	2,03	2,65	2,65	3,71	5,87
4192	2,47	4,46	2,40	2,04	2,67	2,69	3,75	5,84
4193	2,76	4,46	2,39	2,18	2,65	2,72	3,76	5,99
4194	2,83	4,57	2,52	2,15	2,65	2,65	3,75	6,00
4195	2,82	4,57	2,50	2,26	2,64	2,77	3,76	5,99
4196	2,86	4,56	2,49	2,26	2,67	2,77	3,84	6,00
4197	2,74	4,56	2,49	2,25	2,67	2,75	3,87	5,99
4198	2,85	4,69	2,50	2,39	2,64	2,78	3,90	5,99
4199	2,82	4,64	2,49	2,36	2,68	2,77	3,87	6,12
4200	2,93	4,67	2,49	2,45	2,69	2,77	3,86	6,13
4201	2,96	4,69	2,52	2,50	2,64	2,78	3,88	6,10
4202	2,93	4,77	2,61	2,50	2,64	2,78	3,86	6,10
4203	2,92	4,79	2,62	2,58	2,67	2,78	3,84	6,17
4204	3,03	4,79	2,60	2,70	2,64	2,87	3,98	6,13
4205	3,02	4,79	2,61	2,79	2,74	2,91	3,97	6,12
4206	3,13	4,77	2,62	2,77	2,78	2,87	4,10	6,25
4207	3,13	4,79	2,58	2,92	2,76	2,87	4,08	6,26
4208	3,11	4,75	2,73	2,94	2,76	2,89	4,10	6,26
4209	3,13	4,79	2,70	2,92	2,74	2,87	4,09	6,25
4210	3,11	4,88	2,73	3,01	2,77	2,86	4,19	6,28
4211	3,13	4,89	2,73	3,01	2,76	2,86	4,19	6,41
4212	3,21	4,88	2,70	3,01	2,76	2,90	4,19	6,38
4213	3,22	4,90	2,71	3,10	2,76	3,00	4,20	6,36
4214	3,22	4,97	2,70	3,09	2,74	2,98	4,21	6,38
4215	3,22	4,97	2,73	3,12	2,77	2,99	4,17	6,36
4216	3,21	4,98	2,73	3,10	2,87	2,99	4,17	6,36
4217	3,21	4,98	2,73	3,15	2,86	2,98	4,19	6,38
4218	3,30	4,98	2,71	3,24	2,87	3,00	4,19	6,38
4219	3,32	5,00	2,80	3,24	2,86	2,99	4,19	6,52
4220	3,31	5,06	2,83	3,34	2,87	2,99	4,31	6,52
4221	3,32	5,05	2,80	3,33	2,87	2,96	4,31	6,56
4222	3,32	5,09	2,82	3,44	2,86	3,00	4,31	6,49
4223	3,31	5,09	2,84	3,45	2,88	3,00	4,31	6,51
4224	3,31	5,06	2,82	3,45	2,96	2,98	4,28	6,48
4225	3,30	5,10	2,82	3,45	2,98	3,07	4,29	6,62
4226	3,30	5,09	2,80	3,42	2,96	3,07	4,28	6,62
4227	3,32	5,09	2,82	3,42	3,07	3,09	4,29	6,65
4228	3,39	5,09	2,83	3,45	3,07	3,08	4,27	6,65
4229	3,32	5,05	2,79	3,44	3,07	3,09	4,29	6,64
4230	3,31	5,18	2,91	3,44	3,04	3,09	4,38	6,62
4231	3,39	5,15	2,91	3,46	3,05	3,09	4,38	6,65
4232	3,39	5,17	2,90	3,55	3,05	3,06	4,40	6,62
4233	3,42	5,19	2,90	3,55	3,08	3,11	4,39	6,62
4234	3,39	5,14	2,91	3,67	3,08	3,09	4,38	6,78
4235	3,49	5,15	2,90	3,66	3,05	3,16	4,40	6,77
4236	3,53	5,19	2,92	3,66	3,07	3,19	4,38	6,78
4237	3,50	5,18	2,92	3,67	3,05	3,21	4,42	6,75
4238	3,50	5,15	2,92	3,74	3,05	3,17	4,38	6,75
4239	3,48	5,18	2,90	3,75	3,08	3,19	4,49	6,75
4240	3,50	5,27	2,91	3,78	3,05	3,21	4,51	6,74
4241	3,59	5,26	2,90	3,77	3,08	3,20	4,49	6,88
4242	3,59	5,27	3,00	3,89	3,08	3,19	4,50	6,93
4243	3,59	5,27	3,03	3,77	3,16	3,20	4,53	6,91
4244	3,60	5,30	3,01	3,85	3,04	3,16	4,49	6,88
4245	3,59	5,26	3,04	3,84	3,16	3,19	4,50	6,87
4246	3,61	5,26	3,00	3,87	3,17	3,20	4,51	6,88
4247	3,59	5,29	3,04	3,96	3,17	3,20	4,49	6,91
4248	3,60	5,38	3,01	3,96	3,16	3,30	4,51	7,03
4249	3,60	5,40	3,01	3,98	3,16	3,28	4,51	7,05
4250	3,59	5,27	3,01	3,99	3,17	3,29	4,60	7,01
4251	3,59	5,39	3,03	3,98	3,21	3,28	4,62	7,03
4252	3,69	5,38	3,01	3,98	3,27	3,28	4,60	7,03
4253	3,71	5,38	3,01	3,98	3,26	3,30	4,61	6,98
4254	3,71	5,39	3,04	4,07	3,27	3,32	4,64	7,05
4255	3,69	5,38	3,03	4,11	3,28	3,32	4,61	7,05
4256	3,69	5,39	3,03	4,09	3,26	3,29	4,64	7,00
4257	3,70	5,38	2,99	4,05	3,36	3,28	4,60	7,01
4258	3,69	5,39	3,10	4,10	3,25	3,29	4,69	7,14	#* P2 
4259	3,81	5,38	3,12	4,20	3,28	3,26	4,73	7,11
4260	3,76	5,48	3,12	4,20	3,28	3,30	4,73	7,16
4261	4,25	5,71	3,34	4,83	3,26	3,40	4,72	7,13
4262	3,78	5,72	3,32	4,74	3,25	3,43	4,82	7,29
4263	3,80	5,59	3,22	4,32	3,48	3,51	5,13	7,81
4264	3,70	5,62	3,03	4,09	3,27	3,71	4,83	7,40
4265	3,61	5,60	3,01	3,98	3,18	3,49	4,62	7,27
4266	3,60	5,54	3,01	4,00	3,07	3,51	4,62	7,27
4267	3,63	5,50	3,01	4,09	2,98	3,51	4,49	7,29
4268	3,41	5,50	3,01	4,09	2,95	3,50	4,50	7,26
4269	3,13	5,51	2,91	4,10	2,94	3,41	4,49	7,29
4270	3,22	4,56	2,91	4,13	3,05	3,50	4,58	7,14
4271	3,24	4,76	2,28	4,10	3,07	3,50	4,51	7,00
4272	3,10	4,77	2,49	3,99	3,07	3,49	4,47	7,01
4273	3,02	4,77	2,62	3,42	3,17	3,41	4,50	7,18
4274	3,03	4,67	2,63	3,10	3,18	3,41	4,51	7,03
4275	2,83	4,57	2,61	3,22	2,98	3,38	4,42	7,01
4276	2,77	4,50	2,50	3,37	2,59	3,50	4,40	7,16
4277	2,65	4,35	2,50	3,23	2,76	3,20	4,51	7,18
4278	2,46	4,13	2,40	3,26	2,74	2,90	4,29	7,16
4279	2,36	3,84	2,43	3,15	2,67	2,87	4,38	7,16
4280	2,18	3,63	2,40	2,92	2,56	2,98	3,88	7,29
4281	1,99	3,44	2,31	2,81	2,46	2,98	3,86	6,38
4282	1,88	3,24	2,19	2,59	2,46	2,99	3,88	6,13
4283	1,80	3,11	1,98	2,36	2,25	3,02	3,77	6,30
4284	1,79	2,99	1,91	2,07	2,05	2,87	3,66	6,15
4285	1,70	2,93	1,79	1,82	1,94	2,78	3,64	6,00
4286	1,58	2,80	1,79	1,61	1,83	2,68	3,65	6,00
4287	1,60	2,81	1,71	1,47	1,65	2,68	3,53	6,23
4288	1,98	3,03	1,87	1,91	1,54	2,58	3,32	6,15
4289	1,60	2,98	1,79	1,36	1,35	2,37	3,12	5,84
4290	1,48	3,01	1,57	1,04	1,21	2,14	2,88	5,61
4291	1,51	3,02	1,59	0,97	1,34	2,06	2,88	5,61
4292	1,41	2,90	1,49	0,85	1,35	2,06	2,58	5,61
4293	1,30	2,90	1,36	0,72	1,14	2,05	2,25	5,35
4294	1,32	2,90	1,37	0,71	1,03	2,06	2,03	4,21
4295	1,01	2,78	1,39	0,72	1,04	1,94	1,94	3,84
4296	1,04	2,77	1,37	0,72	0,91	1,75	1,83	3,54
4297	1,04	2,30	1,37	0,72	0,81	1,75	1,73	3,46
4298	1,13	2,37	1,35	0,74	0,83	1,63	1,62	3,33
4299	1,10	2,51	1,19	0,75	0,69	1,64	1,59	3,20
4300	1,10	2,61	1,20	0,43	0,64	1,56	1,50	3,22
4301	1,14	2,60	1,27	0,09	0,63	1,45	1,51	3,02
4302	1,13	2,62	1,40	0,31	0,61	1,46	1,39	3,07
4303	1,13	2,60	1,41	0,31	0,23	1,46	1,39	2,96
4304	1,14	2,62	1,28	0,30	0,21	1,35	1,31	2,94
4305	1,13	2,61	1,39	0,30	0,34	1,05	1,31	2,78
4306	1,13	2,51	1,40	0,30	0,33	1,16	1,18	2,81
4307	1,12	2,60	1,40	0,31	0,32	1,14	0,78	2,65
4308	1,15	2,51	1,40	0,32	0,34	1,14	0,77	2,31
4309	1,15	2,49	1,37	0,31	0,33	1,28	0,88	1,93
4310	1,15	2,49	1,50	0,45	0,41	1,24	0,95	1,92
4311	1,14	2,51	1,49	0,42	0,45	1,26	1,00	2,05
4312	1,12	2,51	1,49	0,43	0,45	1,34	1,10	2,06
4313	1,04	2,51	1,48	0,32	0,51	1,34	0,98	2,13
4314	1,42	2,69	1,59	0,74	0,63	1,45	1,09	2,18
4315	1,10	2,82	1,61	0,85	0,63	1,47	0,99	2,29
4316	1,12	2,72	1,48	0,74	0,65	1,46	0,96	2,27
4317	1,02	2,60	1,50	0,63	0,82	1,34	1,29	2,44
4318	1,01	2,49	1,36	0,63	0,92	1,34	1,51	2,65
4319	1,03	2,47	1,36	0,39	0,92	1,34	1,29	3,04
4320	0,96	2,40	1,39	0,43	0,72	1,46	1,20	2,45
4321	0,84	2,41	1,27	0,42	0,74	1,34	1,07	2,31
4322	0,65	2,37	1,28	0,32	0,64	1,03	1,07	2,19
4323	0,54	2,27	1,28	0,31	0,63	0,94	1,11	2,19
4324	0,55	1,97	1,30	0,30	0,60	0,94	0,99	2,21
4325	0,63	1,85	1,31	0,34	0,52	0,95	0,98	2,06
4326	0,74	1,95	0,85	0,34	0,52	0,82	1,00	2,03
4327	0,65	1,98	1,09	0,19	0,49	0,84	0,91	2,00
4328	0,64	1,98	1,18	-0,12	0,42	0,84	0,87	2,05
4329	0,63	2,08	1,17	-0,41	0,43	0,83	0,87	2,06
4330	0,64	2,06	1,27	-0,31	0,40	0,82	0,89	1,90
4331	0,64	2,06	1,19	-0,22	0,21	0,82	0,87	1,88
4332	0,65	2,07	1,17	-0,12	0,12	0,84	0,87	1,92
4333	0,71	2,07	1,18	-0,13	0,12	0,41	0,87	1,78
4334	0,64	1,98	1,28	-0,12	0,12	0,41	0,89	1,93
4335	0,64	1,98	1,28	-0,13	0,12	0,41	0,32	1,77
4336	0,64	1,98	1,27	-0,12	0,11	0,44	0,35	1,56
4337	0,64	1,98	1,27	-0,12	0,11	0,54	0,33	1,00
4338	0,85	1,95	1,30	-0,12	0,11	0,53	0,33	0,89
4339	0,76	1,97	1,28	-0,11	0,21	0,62	0,46	1,00
4340	0,66	1,97	1,31	-0,13	0,43	0,63	0,57	1,12
4341	0,63	1,97	1,28	-0,12	0,43	0,63	0,68	1,30
4342	0,55	1,85	1,30	-0,12	0,55	0,62	0,58	1,38
4343	0,46	1,86	1,30	-0,13	0,52	0,62	0,66	1,52
4344	0,47	1,98	1,27	-0,13	0,54	0,61	0,68	1,51
4345	0,16	1,87	1,31	-0,11	0,42	0,70	0,66	1,51
4346	0,26	1,87	1,30	-0,12	0,40	0,62	0,68	1,38
4347	0,36	1,85	1,27	-0,15	0,40	0,63	0,68	1,43
4348	0,57	1,87	1,30	-0,12	0,42	0,63	0,65	1,41
4349	0,66	1,86	1,31	-0,11	0,43	0,67	0,78	1,31
4350	0,82	1,77	1,27	-0,11	0,42	0,65	0,66	1,28
4351	0,82	1,77	1,27	-0,13	0,43	0,63	0,66	1,41
4352	0,82	1,79	1,26	-0,12	0,51	0,71	0,66	1,38
4353	0,84	1,74	1,28	-0,12	0,49	0,62	0,77	1,39
4354	0,75	1,76	1,30	-0,15	0,41	0,74	0,65	1,38
4355	0,75	1,77	1,28	-0,13	0,42	0,74	0,66	1,38
4356	0,65	1,77	1,30	-0,20	0,51	0,73	0,68	1,36
4357	0,66	1,74	1,28	-0,19	0,51	0,74	0,65	1,39
4358	0,65	1,78	1,32	-0,20	0,54	0,74	0,68	1,41
4359	0,65	1,76	1,19	-0,19	0,52	0,73	0,68	1,38
4360	0,65	1,69	1,20	-0,20	0,52	0,75	0,66	1,30
4361	0,65	1,69	1,18	-0,19	0,52	0,63	0,66	1,25
4362	0,54	1,68	1,17	-0,30	0,51	0,61	0,70	1,41
4363	0,55	1,68	1,07	-0,31	0,52	0,73	0,63	1,39
4364	0,43	1,66	1,09	-0,42	0,52	0,71	0,78	1,39
4365	0,45	1,65	1,06	-0,42	0,52	0,74	0,77	1,38
4366	0,46	1,56	1,10	-0,44	0,50	0,63	0,73	1,28
4367	0,46	1,57	1,09	-0,42	0,41	0,62	0,74	1,36
4368	0,46	1,57	1,01	-0,52	0,45	0,63	0,77	1,26
4369	0,47	1,56	0,97	-0,52	0,40	0,62	0,68	1,26
4370	0,45	1,57	0,98	-0,55	0,42	0,63	0,66	1,26
4371	0,47	1,57	0,98	-0,53	0,42	0,63	0,66	1,28
4372	0,36	1,56	0,98	-0,63	0,42	0,63	0,66	1,26
4373	0,37	1,56	0,98	-0,64	0,43	0,63	0,66	1,26
4374	0,35	1,56	0,87	-0,66	0,31	0,65	0,66	1,15
4375	0,35	1,44	0,89	-0,63	0,29	0,63	0,66	1,13
4376	0,35	1,57	0,88	-0,62	0,32	0,62	0,66	1,13
4377	0,36	1,56	0,87	-0,67	0,32	0,63	0,66	1,13
4378	0,34	1,45	0,88	-0,66	0,33	0,63	0,65	1,13
4379	0,36	1,45	0,88	-0,66	0,21	0,63	0,68	1,13
4380	0,36	1,45	0,76	-0,76	0,23	0,54	0,57	0,99
4381	0,36	1,47	0,80	-0,76	0,23	0,65	0,68	1,02
4382	0,35	1,44	0,78	-0,76	0,21	0,62	0,66	1,00
4383	0,36	1,45	0,67	-0,73	0,19	0,52	0,57	0,84
4384	0,26	1,45	0,67	-0,85	0,21	0,53	0,57	0,89
4385	0,27	1,35	0,67	-0,82	0,14	0,53	0,55	0,87
4386	0,26	1,37	0,65	-0,87	0,11	0,50	0,57	0,89
4387	0,30	1,33	0,67	-0,87	0,10	0,54	0,57	0,94
4388	0,26	1,33	0,70	-0,84	0,19	0,43	0,57	0,91
4389	0,27	1,37	0,66	-0,96	0,19	0,44	0,57	0,71
4390	0,26	1,35	0,55	-0,95	0,24	0,40	0,54	0,74
4391	0,29	1,36	0,59	-0,96	0,11	0,43	0,46	0,76
4392	0,25	1,25	0,57	-0,96	0,12	0,43	0,46	0,78
4393	0,27	1,27	0,46	-0,95	0,11	0,43	0,46	0,66
4394	0,26	1,25	0,46	-1,05	0,02	0,43	0,41	0,63
4395	0,27	1,27	0,48	-1,06	0,02	0,32	0,46	0,66
4396	0,26	1,24	0,45	-1,07	-0,09	0,32	0,33	0,65
4397	0,27	1,15	0,40	-1,06	-0,07	0,35	0,32	0,48
4398	0,29	1,14	0,39	-1,17	-0,09	0,33	0,32	0,48
4399	0,15	1,12	0,35	-1,20	-0,08	0,32	0,32	0,53
4400	0,14	1,14	0,39	-1,23	-0,09	0,32	0,32	0,48
4401	0,19	1,14	0,26	-1,27	-0,08	0,32	0,35	0,50
4402	0,19	1,07	0,28	-1,28	-0,08	0,31	0,32	0,40
4403	0,15	1,04	0,24	-1,31	-0,09	0,33	0,22	0,35
4404	0,18	1,04	0,29	-1,30	-0,08	0,22	0,22	0,40
4405	0,15	1,03	0,24	-1,42	-0,08	0,23	0,25	0,38
4406	0,16	1,03	0,27	-1,52	-0,20	0,23	0,26	0,37
4407	0,18	1,02	0,26	-1,52	-0,08	0,23	0,15	0,24
4408	0,07	1,04	0,26	-1,61	-0,11	0,20	0,10	0,25
4409	0,16	1,03	0,28	-1,52	-0,11	0,23	0,13	0,24
4410	0,15	0,96	0,27	-1,50	-0,15	0,22	0,11	0,24
4411	0,19	0,95	0,28	-1,52	-0,15	0,10	0,13	0,12
4412	0,18	0,94	0,28	-1,52	-0,15	0,11	0,11	0,14
4413	0,19	0,94	0,27	-1,50	-0,18	0,12	0,10	0,14
4414	0,16	0,82	0,26	-1,64	-0,20	0,11	0,10	0,12
4415	0,06	0,83	0,27	-1,53	-0,17	0,11	0,14	0,09
4416	0,04	0,85	0,19	-1,63	-0,28	0,11	0,02	0,14
4417	0,06	0,83	0,20	-1,63	-0,25	0,12	0,03	-0,01
4418	0,09	0,85	0,19	-1,61	-0,29	0,11	0,02	-0,02
4419	0,07	0,82	0,18	-1,63	-0,26	0,14	0,02	-0,04
4420	0,07	0,83	0,19	-1,63	-0,25	0,10	0,00	-0,02
4421	0,06	0,74	0,18	-1,65	-0,20	0,11	0,02	-0,01
4422	-0,01	0,73	0,09	-1,63	-0,16	0,12	0,00	-0,06
4423	-0,04	0,74	0,10	-1,60	-0,16	0,11	0,00	-0,02
4424	-0,04	0,74	0,11	-1,63	-0,08	0,12	0,02	0,01
4425	-0,03	0,73	0,10	-1,72	-0,16	0,11	0,03	-0,02
4426	-0,02	0,71	-0,03	-1,74	-0,17	0,11	0,02	0,01
4427	-0,02	0,77	-0,01	-1,75	-0,15	0,11	0,00	-0,01
4428	-0,01	0,73	0,01	-1,74	-0,15	0,11	0,02	0,04
4429	-0,01	0,62	-0,02	-1,74	-0,15	0,10	-0,09	-0,01
4430	-0,03	0,65	-0,02	-1,72	-0,25	0,11	-0,09	-0,02
4431	-0,01	0,62	-0,01	-1,85	-0,26	0,11	-0,11	0,01
4432	-0,01	0,62	-0,02	-1,83	-0,25	0,11	-0,07	-0,02
4433	-0,02	0,64	-0,11	-1,85	-0,26	0,11	-0,07	0,01
4434	-0,01	0,62	-0,11	-1,85	-0,35	0,12	-0,09	-0,01
4435	-0,03	0,62	-0,01	-1,86	-0,37	0,11	-0,08	-0,04
4436	0,02	0,65	-0,11	-1,83	-0,34	0,03	-0,09	-0,04
4437	-0,01	0,50	-0,11	-1,86	-0,37	0,05	-0,09	-0,02
4438	-0,03	0,52	-0,11	-1,85	-0,38	0,14	-0,08	0,01
4439	-0,02	0,49	-0,11	-1,88	-0,35	0,05	-0,09	-0,01
4440	-0,04	0,52	-0,08	-1,86	-0,37	0,03	-0,09	-0,10
4441	-0,01	0,53	-0,10	-1,85	-0,35	0,03	-0,08	-0,09
4442	-0,08	0,53	-0,11	-1,86	-0,34	0,02	-0,09	-0,09
4443	-0,01	0,52	-0,08	-1,86	-0,44	0,03	-0,08	-0,12
4444	-0,01	0,52	-0,12	-1,97	-0,46	0,05	-0,08	-0,10
4445	-0,07	0,53	-0,20	-1,96	-0,46	0,05	-0,08	-0,12
4446	-0,09	0,52	-0,10	-2,06	-0,47	0,05	-0,08	-0,10
4447	-0,09	0,54	-0,20	-1,95	-0,46	0,05	-0,08	-0,07
4448	-0,09	0,50	-0,23	-2,06	-0,48	0,06	-0,07	-0,09
4449	-0,03	0,52	-0,11	-1,95	-0,46	0,05	-0,08	-0,12
4450	-0,03	0,44	-0,11	-1,86	-0,46	0,05	-0,09	-0,10
4451	-0,04	0,41	-0,12	-1,83	-0,44	0,08	-0,07	-0,09
4452	-0,02	0,42	-0,11	-1,85	-0,46	0,07	-0,09	-0,07
4453	-0,03	0,41	-0,10	-1,92	-0,44	0,05	-0,09	-0,10
4454	-0,01	0,45	-0,10	-1,82	-0,44	0,06	-0,07	-0,22
4455	-0,12	0,42	-0,10	-1,97	-0,44	0,06	-0,09	-0,09
4456	-0,09	0,41	-0,11	-1,85	-0,48	0,05	-0,07	-0,22
4457	-0,10	0,41	-0,21	-1,95	-0,47	0,05	-0,08	-0,23
4458	-0,05	0,42	-0,11	-1,96	-0,46	-0,05	-0,16	-0,23
4459	-0,08	0,45	-0,10	-1,95	-0,43	-0,05	-0,15	-0,22
4460	-0,05	0,42	-0,08	-1,85	-0,47	0,06	-0,16	-0,22
4461	-0,08	0,50	-0,08	-1,86	-0,46	-0,01	-0,12	-0,20
4462	-0,08	0,52	-0,11	-1,83	-0,48	-0,03	-0,13	-0,22
4463	-0,08	0,54	-0,10	-1,83	-0,46	-0,03	-0,13	-0,22
4464	-0,08	0,50	-0,11	-1,81	-0,47	-0,06	-0,15	-0,19
4465	-0,09	0,53	-0,11	-1,83	-0,47	-0,06	-0,16	-0,23
4466	-0,10	0,53	-0,12	-1,86	-0,43	-0,06	-0,17	-0,23
4467	-0,19	0,52	-0,08	-1,85	-0,46	-0,06	-0,16	-0,19
4468	-0,07	0,53	-0,10	-1,88	-0,46	-0,07	-0,17	-0,40
4469	-0,21	0,52	-0,12	-1,85	-0,56	-0,06	-0,16	-0,38
4470	-0,19	0,42	-0,12	-1,85	-0,55	-0,06	-0,15	-0,35
4471	-0,19	0,38	-0,11	-1,85	-0,56	-0,05	-0,15	-0,36
4472	-0,20	0,41	-0,10	-1,83	-0,56	-0,05	-0,15	-0,35
4473	-0,19	0,41	-0,08	-1,85	-0,44	-0,06	-0,16	-0,33
4474	-0,19	0,44	-0,10	-1,75	-0,47	-0,06	-0,15	-0,35
4475	-0,21	0,41	-0,11	-1,71	-0,46	-0,07	-0,16	-0,35
4476	-0,19	0,41	-0,11	-1,72	-0,44	-0,07	-0,26	-0,33
4477	-0,19	0,41	-0,08	-1,71	-0,46	-0,06	-0,19	-0,32
4478	-0,18	0,41	-0,11	-1,74	-0,46	-0,06	-0,26	-0,33
4479	-0,18	0,42	-0,12	-1,72	-0,46	-0,05	-0,28	-0,36
4480	-0,18	0,33	-0,11	-1,75	-0,46	-0,05	-0,27	-0,30
4481	-0,18	0,41	-0,12	-1,74	-0,46	-0,07	-0,27	-0,36
4482	-0,18	0,41	-0,10	-1,77	-0,46	-0,07	-0,24	-0,38
4483	-0,09	0,31	-0,12	-1,72	-0,47	-0,06	-0,27	-0,36
4484	-0,09	0,31	-0,11	-1,75	-0,58	-0,09	-0,27	-0,35
4485	-0,10	0,32	-0,12	-1,63	-0,56	-0,06	-0,28	-0,40
4486	-0,08	0,29	-0,11	-1,65	-0,57	-0,06	-0,26	-0,35
4487	-0,09	0,29	-0,14	-1,63	-0,60	-0,05	-0,27	-0,35
4488	-0,08	0,32	-0,12	-1,61	-0,57	-0,05	-0,28	-0,33
4489	-0,10	0,32	-0,12	-1,61	-0,53	-0,03	-0,24	-0,33
4490	-0,09	0,31	-0,10	-1,60	-0,55	-0,06	-0,27	-0,35
4491	-0,08	0,33	-0,12	-1,63	-0,58	-0,07	-0,26	-0,35
4492	-0,18	0,31	-0,11	-1,60	-0,55	-0,07	-0,26	-0,38
4493	-0,08	0,31	-0,10	-1,60	-0,66	-0,07	-0,26	-0,35
4494	-0,07	0,32	-0,10	-1,61	-0,64	-0,05	-0,24	-0,36
4495	-0,20	0,31	-0,11	-1,63	-0,58	-0,06	-0,24	-0,36
4496	-0,18	0,31	-0,11	-1,63	-0,67	-0,06	-0,28	-0,35
4497	-0,07	0,32	-0,11	-1,60	-0,66	-0,06	-0,26	-0,33
4498	-0,09	0,33	-0,11	-1,65	-0,56	-0,06	-0,24	-0,35
4499	-0,08	0,31	-0,12	-1,60	-0,55	-0,05	-0,28	-0,35
4500	-0,08	0,31	-0,12	-1,63	-0,56	-0,07	-0,26	-0,35
4501	-0,18	0,29	-0,10	-1,61	-0,60	-0,05	-0,27	-0,36
4502	-0,07	0,32	-0,10	-1,64	-0,55	-0,03	-0,26	-0,35
4503	-0,08	0,32	-0,12	-1,63	-0,56	-0,07	-0,24	-0,38
4504	-0,10	0,33	-0,08	-1,61	-0,56	-0,09	-0,27	-0,35
4505	-0,16	0,32	-0,10	-1,63	-0,53	-0,07	-0,26	-0,35
4506	-0,10	0,32	-0,01	-1,63	-0,65	-0,05	-0,24	-0,23
4507	-0,18	0,32	-0,01	-1,61	-0,56	-0,06	-0,26	-0,35
4508	-0,16	0,32	0,01	-1,63	-0,53	-0,06	-0,27	-0,36
4509	-0,16	0,29	-0,11	-1,64	-0,55	-0,07	-0,27	-0,35
4510	-0,08	0,33	-0,01	-1,64	-0,56	-0,06	-0,24	-0,38
4511	-0,18	0,31	-0,02	-1,60	-0,55	-0,05	-0,27	-0,36
4512	-0,08	0,32	-0,03	-1,63	-0,58	-0,05	-0,30	-0,36
4513	-0,18	0,32	0,01	-1,63	-0,56	-0,05	-0,27	-0,38
4514	-0,18	0,29	-0,02	-1,60	-0,53	-0,05	-0,26	-0,35
4515	-0,19	0,33	-0,01	-1,63	-0,55	-0,05	-0,26	-0,35
4516	-0,10	0,33	-0,02	-1,59	-0,56	-0,02	-0,26	-0,38
4517	-0,08	0,32	-0,02	-1,63	-0,57	-0,07	-0,27	-0,38
4518	-0,07	0,32	-0,03	-1,61	-0,60	-0,09	-0,26	-0,38
4519	-0,08	0,32	-0,01	-1,61	-0,57	-0,09	-0,23	-0,35
4520	-0,18	0,31	-0,01	-1,60	-0,56	-0,05	-0,24	-0,36
4521	-0,09	0,29	-0,02	-1,61	-0,57	-0,07	-0,27	-0,38
4522	-0,09	0,33	0,01	-1,61	-0,64	-0,09	-0,26	-0,35
4523	-0,20	0,21	-0,01	-1,65	-0,66	-0,07	-0,26	-0,35
4524	-0,09	0,32	-0,01	-1,63	-0,66	-0,10	-0,28	-0,35
4525	-0,19	0,31	0,01	-1,72	-0,69	-0,05	-0,30	-0,35
4526	-0,19	0,28	-0,02	-1,72	-0,67	-0,07	-0,27	-0,35
4527	-0,18	0,31	-0,01	-1,75	-0,65	-0,06	-0,27	-0,33
4528	-0,16	0,32	-0,01	-1,75	-0,67	-0,10	-0,27	-0,38
4529	-0,08	0,31	-0,01	-1,61	-0,66	-0,06	-0,26	-0,35
4530	-0,10	0,29	-0,02	-1,64	-0,66	-0,05	-0,27	-0,36
4531	-0,08	0,31	-0,02	-1,64	-0,67	-0,09	-0,28	-0,40
4532	-0,08	0,31	0,01	-1,63	-0,67	-0,06	-0,26	-0,35
4533	-0,10	0,29	0,01	-1,59	-0,66	-0,07	-0,27	-0,35
4534	-0,09	0,31	-0,03	-1,65	-0,69	-0,07	-0,28	-0,36
4535	-0,09	0,23	0,02	-1,65	-0,58	-0,06	-0,26	-0,36
4536	-0,10	0,19	-0,02	-1,61	-0,56	-0,06	-0,27	-0,35
4537	-0,10	0,21	-0,03	-1,52	-0,67	-0,07	-0,28	-0,20
4538	-0,09	0,23	-0,01	-1,49	-0,57	-0,06	-0,26	-0,25
4539	-0,08	0,21	-0,01	-1,53	-0,65	-0,06	-0,26	-0,22
4540	-0,08	0,19	0,01	-1,53	-0,66	-0,06	-0,26	-0,22
4541	-0,08	0,21	-0,01	-1,41	-0,66	-0,05	-0,28	-0,23
4542	-0,09	0,23	-0,02	-1,41	-0,69	-0,06	-0,26	-0,22
4543	-0,07	0,20	0,01	-1,41	-0,66	-0,05	-0,26	-0,23
4544	-0,08	0,21	-0,03	-1,50	-0,67	-0,03	-0,27	-0,20
4545	-0,09	0,21	0,01	-1,52	-0,66	-0,06	-0,26	-0,22
4546	-0,08	0,25	-0,11	-1,52	-0,69	-0,05	-0,26	-0,33
4547	-0,07	0,21	0,02	-1,50	-0,66	-0,03	-0,27	-0,35
4548	-0,09	0,23	-0,11	-1,52	-0,69	-0,07	-0,27	-0,25
4549	-0,09	0,23	-0,11	-1,50	-0,64	-0,07	-0,28	-0,35
4550	-0,08	0,21	-0,02	-1,50	-0,66	-0,02	-0,27	-0,35
4551	-0,09	0,20	-0,03	-1,49	-0,66	-0,05	-0,26	-0,35
4552	-0,08	0,21	-0,02	-1,52	-0,67	-0,07	-0,26	-0,23
4553	-0,05	0,21	-0,02	-1,53	-0,66	-0,06	-0,27	-0,20
4554	-0,10	0,21	-0,01	-1,52	-0,64	-0,05	-0,26	-0,22
4555	-0,08	0,21	-0,01	-1,49	-0,66	-0,06	-0,24	-0,23
4556	-0,10	0,21	-0,01	-1,52	-0,67	-0,06	-0,26	-0,35
4557	-0,10	0,20	-0,01	-1,50	-0,66	-0,06	-0,24	-0,35
4558	-0,10	0,21	-0,03	-1,50	-0,67	-0,07	-0,26	-0,35
4559	-0,12	0,24	-0,01	-1,52	-0,66	-0,07	-0,28	-0,35
4560	-0,08	0,20	-0,01	-1,50	-0,66	-0,06	-0,24	-0,36
4561	-0,08	0,21	-0,02	-1,53	-0,67	-0,03	-0,28	-0,35
4562	-0,09	0,20	-0,01	-1,53	-0,67	-0,09	-0,28	-0,33
4563	-0,08	0,21	0,01	-1,41	-0,65	-0,05	-0,28	-0,22
4564	-0,08	0,25	-0,01	-1,41	-0,66	-0,07	-0,24	-0,27
4565	-0,12	0,21	-0,01	-1,42	-0,65	-0,05	-0,26	-0,23
4566	-0,08	0,21	-0,02	-1,39	-0,67	-0,03	-0,28	-0,19
4567	-0,08	0,23	-0,01	-1,43	-0,66	-0,09	-0,26	-0,25
4568	-0,08	0,23	-0,01	-1,36	-0,65	-0,07	-0,26	-0,22
4569	-0,04	0,23	0,01	-1,36	-0,66	-0,07	-0,27	-0,23
4570	-0,09	0,23	-0,02	-1,39	-0,66	-0,15	-0,24	-0,17
4571	-0,10	0,20	-0,02	-1,30	-0,66	-0,06	-0,24	-0,22
4572	-0,09	0,21	0,01	-1,28	-0,65	-0,05	-0,23	-0,20
4573	-0,10	0,23	-0,01	-1,20	-0,66	-0,07	-0,28	-0,22
4574	-0,09	0,23	0,01	-1,20	-0,67	-0,05	-0,28	-0,22
4575	-0,08	0,21	-0,02	-1,18	-0,66	-0,06	-0,24	-0,23
4576	-0,09	0,21	-0,11	-1,17	-0,69	-0,05	-0,27	-0,19
4577	-0,07	0,21	-0,10	-1,18	-0,67	-0,09	-0,30	-0,22
4578	-0,08	0,19	-0,11	-1,20	-0,66	-0,06	-0,26	-0,22
4579	-0,08	0,20	-0,01	-1,20	-0,64	-0,06	-0,26	-0,22
4580	-0,08	0,21	-0,02	-1,18	-0,65	-0,07	-0,27	-0,22
4581	-0,08	0,21	-0,01	-1,17	-0,70	-0,06	-0,26	-0,22
4582	-0,10	0,21	-0,03	-1,17	-0,65	-0,05	-0,27	-0,22
4583	-0,08	0,21	-0,11	-1,18	-0,65	-0,09	-0,28	-0,20
4584	-0,04	0,21	-0,11	-1,16	-0,66	-0,07	-0,30	-0,19
4585	-0,10	0,20	-0,10	-1,20	-0,64	-0,16	-0,24	-0,22
4586	-0,09	0,21	-0,11	-1,18	-0,66	-0,03	-0,28	-0,27
4587	-0,08	0,20	-0,01	-1,07	-0,58	-0,07	-0,23	-0,19	#* Phe0,01 
4588	-0,08	0,21	-0,01	-1,07	-0,55	-0,06	-0,16	-0,19
4589	-0,08	0,21	0,01	-1,06	-0,58	-0,09	-0,30	-0,22
4590	-0,05	0,19	0,01	-1,07	-0,65	-0,07	-0,26	-0,22
4591	-0,10	0,16	-0,02	-1,10	-0,69	-0,06	-0,28	-0,22
4592	-0,13	0,20	-0,03	-1,09	-0,66	-0,07	-0,30	-0,25
4593	-0,08	0,20	-0,03	-1,09	-0,55	-0,06	-0,27	-0,25
4594	-0,08	0,21	-0,02	-1,07	-0,69	-0,09	-0,19	-0,22
4595	-0,08	0,23	-0,02	-1,07	-0,56	-0,07	-0,26	-0,23
4596	-0,03	0,21	-0,01	-1,07	-0,67	-0,06	-0,13	-0,23
4597	-0,08	0,21	-0,02	-1,07	-0,56	-0,10	-0,26	-0,20
4598	-0,08	0,21	-0,10	-1,06	-0,57	-0,06	-0,26	-0,20
4599	-0,08	0,21	-0,11	-1,09	-0,55	-0,07	-0,26	-0,25
4600	-0,08	0,23	-0,12	-1,10	-0,57	-0,07	-0,26	-0,22
4601	-0,01	0,21	-0,11	-1,05	-0,56	-0,07	-0,27	-0,25
4602	-0,04	0,21	-0,10	-1,07	-0,56	-0,07	-0,15	-0,20
4603	-0,03	0,20	-0,12	-1,06	-0,58	-0,06	-0,27	-0,23
4604	-0,09	0,29	-0,12	-0,96	-0,46	-0,06	-0,15	-0,22
4605	-0,08	0,73	-0,12	-1,06	-0,46	-0,06	-0,26	-0,20
4606	-0,03	1,35	-0,12	-0,96	-0,46	-0,07	-0,15	-0,20
4607	0,65	1,98	-0,01	-0,98	-0,38	-0,06	-0,26	-0,23
4608	1,60	2,28	-0,02	-0,85	-0,46	-0,06	-0,26	-0,23
4609	2,07	2,18	0,11	-0,71	-0,46	-0,06	-0,27	-0,22
4610	2,09	2,20	0,09	-0,55	-0,37	0,02	-0,28	-0,23
4611	1,97	2,08	0,20	-0,17	-0,46	0,03	-0,26	-0,22
4612	1,88	2,07	0,27	-0,11	-0,37	0,11	-0,15	-0,25
4613	1,80	1,94	0,27	-0,13	-0,38	0,14	0,22	-0,23
4614	1,80	1,98	0,28	-0,13	-0,37	0,11	1,00	-0,22
4615	1,80	1,97	0,26	-0,01	-0,35	0,10	1,59	-0,22
4616	1,79	1,95	0,26	0,09	-0,38	0,11	1,85	-0,14
4617	1,79	1,95	0,28	0,09	-0,26	0,12	1,95	-0,12
4618	1,80	1,98	0,23	0,09	-0,15	0,10	1,95	-0,12
4619	1,91	1,98	0,19	0,13	-0,12	0,10	2,03	-0,10
4620	1,88	1,94	0,16	0,09	0,02	0,05	1,96	-0,07	#* Phe0,03 
4621	2,09	2,10	0,23	-0,02	0,19	0,06	1,96	-0,09
4622	1,97	2,08	0,20	0,02	0,31	0,03	1,84	-0,09
4623	1,99	2,10	0,10	0,01	0,40	0,05	1,70	-0,10
4624	1,99	2,10	0,10	-0,11	0,55	0,07	1,62	-0,10
4625	2,08	2,08	0,11	-0,12	0,52	0,05	1,51	-0,09
4626	2,19	2,08	0,11	-0,09	0,52	0,05	1,37	-0,01
4627	2,08	2,07	0,09	-0,12	0,50	0,05	1,26	-0,01
4628	2,16	2,08	0,10	-0,13	0,51	0,05	1,18	0,01
4629	2,20	2,10	0,01	-0,09	0,43	0,06	1,07	-0,01
4630	2,33	2,08	-0,01	-0,20	0,42	0,03	0,99	-0,01
4631	2,47	2,10	-0,01	-0,17	0,43	0,05	0,87	-0,01
4632	2,38	2,10	-0,02	-0,30	0,31	0,05	0,76	-0,01
4633	2,37	2,11	-0,01	-0,30	0,33	0,05	0,68	0,03
4634	2,55	2,19	-0,02	-0,42	0,20	0,02	0,55	-0,04
4635	3,02	2,18	-0,01	-0,42	0,21	0,02	0,44	-0,01
4636	3,03	2,39	-0,01	-0,51	0,20	0,05	0,36	-0,04
4637	3,03	2,61	0,02	-0,49	0,12	0,05	0,33	-0,02
4638	2,92	2,69	-0,03	-0,52	0,10	0,05	0,25	-0,01
4639	3,31	2,91	-0,02	-0,63	0,01	0,03	0,22	-0,02
4640	3,22	3,03	-0,01	-0,64	-0,09	0,06	0,11	-0,01
4641	3,31	3,34	0,01	-0,64	-0,08	0,03	0,11	-0,02
4642	3,31	3,53	-0,03	-0,55	-0,08	0,10	0,04	0,01
4643	3,49	3,64	0,10	-0,52	-0,09	0,20	0,00	-0,01
4644	3,50	3,55	0,09	-0,30	-0,12	0,52	0,02	-0,02
4645	3,41	3,65	0,20	-0,13	-0,09	0,63	-0,01	-0,02
4646	3,58	3,49	0,26	-0,12	-0,08	0,71	0,02	-0,01
4647	3,50	3,52	0,37	-0,04	-0,17	0,73	0,03	0,01
4648	3,59	3,56	0,57	0,21	-0,17	0,62	-0,09	-0,01
4649	3,52	3,53	0,67	0,30	-0,11	0,63	0,03	0,27
4650	3,61	3,55	0,68	0,31	-0,12	0,53	0,14	0,40
4651	3,50	3,53	0,79	0,32	-0,12	0,43	0,30	0,63
4652	3,49	3,55	0,79	0,30	-0,07	0,43	0,66	0,78
4653	3,50	3,55	0,80	0,34	-0,11	0,32	0,87	0,78
4654	3,59	3,55	0,79	0,21	-0,11	0,32	1,07	0,87
4655	3,49	3,52	0,79	0,17	-0,07	0,29	1,18	0,99
4656	3,50	3,52	0,80	0,20	-0,12	0,24	1,18	1,26
4657	3,52	3,52	0,66	0,21	-0,08	0,22	1,09	1,52
4658	3,67	3,53	0,68	0,23	-0,09	0,23	1,07	1,65
4659	3,61	3,53	0,70	0,21	-0,11	0,20	0,89	1,78
4660	3,70	3,56	0,61	0,10	-0,09	0,10	0,87	1,80
4661	3,61	3,52	0,59	0,01	-0,08	0,10	0,76	1,78
4662	3,71	3,63	0,57	0,03	0,02	0,11	0,77	1,75
4663	3,52	3,53	0,57	-0,01	0,10	0,12	0,66	1,77	#* Phe0,1 
4664	3,52	3,65	0,48	-0,01	0,11	0,12	0,66	1,67
4665	3,39	3,55	0,48	0,01	0,21	0,10	0,55	1,64
4666	3,69	3,52	0,48	-0,01	0,21	0,12	0,57	1,64
4667	3,78	3,55	0,39	0,02	0,21	0,11	0,43	1,64
4668	3,69	3,55	0,36	-0,11	0,12	0,08	0,44	1,65
4669	3,63	3,55	0,27	-0,12	0,11	0,12	0,33	1,51
4670	3,59	3,42	0,27	-0,11	0,10	0,12	0,33	1,56
4671	3,87	3,42	0,27	-0,13	0,10	0,11	0,32	1,54
4672	3,67	3,43	0,28	-0,15	0,10	0,15	0,35	1,56
4673	3,69	3,52	0,26	-0,19	0,10	0,11	0,33	1,54
4674	3,52	3,42	0,27	-0,19	0,12	0,10	0,35	1,39
4675	3,61	3,42	0,27	-0,17	0,11	0,12	0,46	1,41
4676	3,48	3,43	0,18	-0,19	0,10	0,10	0,46	1,39
4677	3,52	3,42	0,19	-0,29	0,01	0,11	0,44	1,39
4678	3,52	3,44	0,22	-0,31	0,02	0,14	0,46	1,28
4679	3,41	3,32	0,19	-0,29	0,11	0,10	0,43	1,26
4680	3,42	3,32	0,19	-0,30	0,01	0,12	0,44	1,26
4681	3,32	3,34	0,23	-0,29	-0,00	0,12	0,46	1,26
4682	3,61	3,44	0,22	-0,38	0,01	0,10	0,36	1,25
4683	3,60	3,76	0,26	-0,42	0,02	0,11	0,33	1,30
4684	3,59	3,93	0,28	-0,40	0,01	0,11	0,35	1,18
4685	3,61	4,25	0,46	-0,38	0,01	0,11	0,32	1,10
4686	3,49	4,36	0,55	-0,31	0,12	0,11	0,35	1,10
4687	3,71	4,57	0,66	-0,31	0,32	0,12	0,25	1,12
4688	3,61	4,56	0,78	-0,17	0,54	0,08	0,25	1,02
4689	3,87	4,68	0,78	-0,11	0,63	0,14	0,35	1,04
4690	3,87	4,68	0,79	-0,11	0,61	0,12	0,33	1,02
4691	3,98	4,77	0,79	-0,01	0,52	0,22	0,37	1,02
4692	3,99	4,69	0,78	0,02	0,54	0,24	0,44	1,02
4693	4,16	4,86	0,78	0,01	0,52	0,29	0,43	1,04
4694	4,17	4,80	0,68	-0,01	0,42	0,45	0,77	1,00	#* Phe0,3 
4695	4,06	4,97	0,67	0,10	0,42	0,43	1,63	1,00
4696	4,26	4,86	0,68	0,10	0,43	0,43	1,92	1,15
4697	4,26	5,11	0,68	0,13	0,54	0,44	2,58	1,28
4698	4,26	4,98	0,58	0,21	0,51	0,41	2,58	1,52
4699	4,15	5,10	0,58	0,20	0,54	0,53	2,48	1,75
4700	4,45	5,01	0,59	0,20	0,55	0,54	2,47	2,16
4701	4,36	5,19	0,45	0,07	0,51	0,53	2,32	2,40
4702	4,36	5,10	0,46	0,09	0,52	0,53	2,35	2,57
4703	4,27	5,42	0,49	0,24	0,52	0,54	2,27	2,83
4704	4,53	5,30	0,46	0,13	0,54	0,54	2,18	2,83
4705	4,37	5,30	0,45	0,10	0,51	0,52	2,17	2,91
4706	4,48	5,40	0,40	0,12	0,64	0,57	2,03	2,94
4707	4,27	5,40	0,36	0,10	0,63	0,50	2,05	2,91
4708	4,56	5,42	0,39	0,01	0,64	0,53	1,95	2,92
4709	4,55	5,39	0,39	-0,01	1,16	0,53	1,85	2,86
4710	4,61	5,72	0,39	-0,01	1,71	0,52	1,85	2,83
4711	4,66	5,62	0,36	0,01	1,65	0,53	1,83	2,83
4712	4,75	5,73	0,37	0,02	1,34	0,54	1,73	2,84
4713	4,75	5,64	0,36	-0,01	1,22	0,53	1,72	2,84
4714	4,73	5,80	0,45	-0,04	1,14	0,65	1,62	2,66
4715	4,83	5,91	0,59	0,02	1,85	0,94	1,62	2,83
4716	4,72	5,94	0,67	-0,02	1,94	1,05	1,50	2,68
4717	4,83	6,04	0,79	0,10	1,78	1,04	1,51	2,68
4718	4,73	5,92	0,78	0,06	1,54	1,04	1,51	2,71
4719	4,94	6,02	0,87	0,19	1,43	1,04	1,72	2,58
4720	4,84	6,02	0,88	0,42	1,44	0,96	1,84	2,68
4721	4,93	6,14	0,89	0,64	1,22	0,95	2,39	2,57
4722	4,93	6,02	0,88	0,64	1,21	0,94	2,79	2,68
4723	5,03	6,02	0,87	0,63	1,25	0,96	2,80	3,59
4724	5,01	6,13	0,88	0,63	1,25	0,83	2,81	3,95
4725	4,91	6,23	0,88	0,55	1,21	0,83	2,90	4,34
4726	5,03	6,33	0,85	0,55	1,23	0,82	2,90	4,05	#* Phe1 
4727	4,93	6,25	0,88	0,66	1,22	0,83	3,01	5,09
4728	4,92	6,45	0,88	0,53	1,35	0,83	3,09	4,85
4729	5,01	6,35	0,89	0,55	1,36	0,86	3,13	5,24
4730	5,03	6,33	0,88	0,53	1,34	0,83	3,64	5,47
4731	5,03	6,42	0,88	0,53	1,32	0,84	3,54	5,35
4732	4,94	6,31	0,88	0,55	1,50	0,84	3,75	5,50
4733	5,10	6,45	0,88	0,41	1,54	0,83	3,65	5,09
4734	5,01	6,33	0,87	0,42	1,44	0,84	3,54	5,89
4735	5,00	6,63	0,88	0,41	1,43	0,83	3,64	5,63
4736	5,10	6,52	0,88	0,31	1,34	0,86	4,10	6,02
4737	5,10	6,52	0,88	0,32	1,25	0,84	3,87	5,87
4738	5,12	6,43	0,88	0,45	1,34	0,82	4,19	5,61
4739	5,04	6,34	0,78	0,45	1,23	0,86	3,84	5,87
4740	5,22	6,42	0,79	0,41	1,23	0,82	3,73	5,87
4741	5,12	6,43	0,76	0,43	1,22	0,94	3,54	6,38
4742	5,03	6,75	0,78	0,43	1,14	0,94	3,53	6,15
4743	5,11	6,62	0,76	0,30	1,23	0,94	3,32	6,64
4744	5,12	6,76	0,75	0,30	2,03	0,94	3,23	6,28
4745	5,10	6,64	0,76	0,43	2,33	0,92	3,23	6,39
4746	5,00	6,67	0,75	0,43	2,14	0,95	3,23	6,36
4747	5,21	6,64	0,78	0,43	1,93	0,94	3,32	6,54
4748	5,10	6,63	0,76	0,43	1,71	0,94	3,43	6,78
4749	5,22	6,81	0,76	0,43	1,65	0,94	3,97	6,64
4750	5,32	6,74	0,79	0,43	1,53	1,04	3,84	7,14
4751	5,39	6,79	0,76	0,42	1,43	1,01	4,49	6,77
4752	5,32	6,66	0,79	0,41	1,41	1,04	4,19	7,03
4753	5,21	6,72	0,76	0,53	1,45	1,14	4,60	7,16
4754	5,40	6,60	0,78	0,52	1,43	1,01	4,50	7,14
4755	5,22	6,63	0,78	0,53	1,31	1,43	4,71	7,53
4756	5,22	6,64	0,85	0,41	1,32	1,64	4,60	7,27
4757	5,23	6,64	1,00	0,42	1,35	1,45	4,47	7,57
4758	5,42	6,75	0,97	0,41	1,41	1,46	4,50	7,65
4759	5,33	6,83	1,10	0,42	1,44	1,35	4,46	7,53
4760	5,25	7,03	1,61	0,42	1,45	1,37	4,62	7,94	#* Phe3 
4761	5,34	6,93	1,59	0,55	2,15	1,76	4,61	7,79
4762	5,32	7,13	1,37	0,53	2,54	1,63	4,71	7,94
4763	5,42	7,12	1,50	0,55	2,34	1,55	4,71	8,15
4764	5,21	7,12	1,37	0,55	2,24	1,54	4,72	7,94
4765	5,49	7,21	1,39	0,75	2,02	1,41	4,71	8,14
4766	5,40	7,13	1,39	0,66	2,32	1,84	4,58	8,25
4767	5,39	7,22	1,39	0,75	2,86	1,94	4,47	8,05
4768	5,48	7,30	1,27	0,72	2,67	1,76	4,49	8,38
4769	5,49	7,26	1,30	0,77	2,43	1,76	4,35	8,38
4770	5,49	7,32	1,30	0,85	2,24	1,64	4,42	8,27
4771	5,42	7,20	1,28	1,86	2,11	1,76	4,36	8,53
4772	5,59	7,21	1,27	1,83	2,23	1,64	4,38	8,38
4773	5,50	7,34	1,28	1,51	2,15	1,68	4,56	8,40
4774	5,39	7,21	1,28	1,39	2,25	2,05	4,42	8,64
4775	5,58	7,42	1,28	1,32	2,87	1,93	5,05	8,54
4776	5,51	7,33	1,27	1,17	2,76	1,85	4,94	8,62
4777	5,51	7,33	1,28	1,31	2,55	1,88	5,13	8,79
4778	5,38	7,43	1,31	1,15	2,34	1,76	4,91	8,49
4779	5,61	7,33	1,31	1,31	2,18	1,75	4,91	8,75
4780	5,50	7,34	1,32	1,31	2,15	1,79	4,73	8,79
4781	5,39	7,34	1,30	1,20	2,05	2,19	4,61	8,64
4782	5,50	7,35	1,28	1,17	2,06	2,19	4,53	8,87
4783	5,50	7,43	1,39	1,14	1,92	2,17	4,61	8,64
4784	5,38	7,33	1,39	1,08	1,94	2,05	4,61	8,66
4785	5,31	7,55	1,39	1,18	2,05	1,96	4,60	8,90
4786	5,62	7,43	1,37	1,18	2,02	2,06	5,14	8,62
4787	5,49	7,41	1,36	1,20	1,90	1,97	4,91	9,02
4788	5,42	7,64	1,52	1,31	1,96	1,96	4,90	8,90
4789	5,40	7,53	1,49	1,26	1,92	1,96	4,82	8,92
4790	5,49	7,64	1,37	1,28	1,96	1,96	5,45	9,29
4791	5,40	7,54	1,40	1,28	2,02	2,35	5,14	9,03
4792	5,38	7,53	1,39	1,25	2,14	2,30	5,36	9,18
4793	5,50	7,74	1,39	1,18	2,05	2,27	5,05	9,42	#* PP 
4794	5,51	7,55	1,39	1,28	2,15	2,18	5,02	9,16
4795	5,53	7,64	1,37	1,26	2,15	2,07	4,91	9,29
4796	5,78	7,84	1,49	1,75	2,05	2,35	4,83	9,54
4797	5,61	7,86	1,58	1,51	2,23	2,57	5,04	9,67
4798	5,40	7,75	1,49	1,50	2,14	2,87	5,04	10,30
4799	5,21	7,64	1,40	1,40	1,93	2,57	4,91	9,65
4800	4,99	7,33	1,18	1,28	1,66	2,37	4,76	9,29
4801	4,84	7,25	1,07	1,21	1,53	2,28	4,61	9,00
4802	3,87	6,92	1,07	1,18	1,44	1,98	4,38	8,79
4803	3,98	6,64	1,07	1,20	1,44	1,88	4,19	8,40
4804	4,30	6,35	0,98	0,99	1,25	1,67	3,86	8,02
4805	4,47	5,39	0,85	0,86	1,04	1,46	3,66	7,79
4806	4,43	5,29	0,85	0,63	0,94	1,37	3,34	7,65
4807	4,47	5,31	0,46	0,52	0,73	1,26	3,12	7,71
4808	4,34	5,30	0,36	-0,62	0,61	1,13	2,92	7,55
4809	4,36	5,18	0,48	-0,30	0,64	1,05	2,69	7,53
4810	4,26	5,08	0,40	0,09	-0,09	1,04	2,48	7,42
4811	4,17	4,98	0,39	0,42	-0,09	0,94	2,38	7,27
4812	4,10	4,88	0,37	0,43	0,29	0,94	2,25	7,27
4813	3,97	4,80	0,48	0,41	0,71	0,22	2,16	7,14
4814	3,77	4,68	0,46	0,34	1,13	0,44	1,70	7,00
4815	3,59	4,56	0,49	0,37	1,44	0,73	1,40	7,06
4816	3,38	4,46	0,45	0,30	1,41	0,80	1,84	6,25
4817	3,20	4,44	0,48	0,31	1,32	0,95	2,14	5,99
4818	3,13	4,46	0,48	0,21	1,22	1,04	2,14	6,64
4819	3,03	4,48	0,45	0,21	1,22	1,14	2,27	6,88
4820	3,21	4,57	0,65	0,41	1,14	1,14	2,14	7,03
4821	3,03	4,44	0,76	0,74	1,01	1,16	2,06	7,05
4822	2,92	4,67	0,58	0,20	0,92	0,94	1,94	7,14
4823	2,82	4,55	0,55	-0,04	1,22	1,13	2,35	7,29
4824	2,86	4,47	0,58	0,02	0,91	1,37	2,17	7,52
4825	2,74	4,46	0,58	-0,05	0,72	1,13	2,06	6,78
4826	2,71	4,38	0,58	-0,12	0,71	1,14	1,95	6,38
4827	2,64	4,26	0,57	-0,12	0,60	1,07	1,85	5,99
4828	2,39	4,15	0,58	-0,09	0,52	0,95	1,72	5,63
4829	2,35	4,15	0,58	-0,12	0,50	0,83	1,69	5,37
4830	2,36	3,84	0,55	-0,11	0,52	0,84	1,59	4,96
4831	2,36	3,74	0,55	-0,13	0,50	0,74	1,51	4,73
4832	2,37	3,73	0,35	-0,13	0,43	0,73	1,53	4,47
4833	2,35	3,72	0,48	-0,15	0,42	0,71	1,51	4,31
4834	2,22	3,60	0,57	-0,76	0,41	0,73	1,51	4,21
4835	2,26	3,63	0,54	-0,63	0,31	0,73	1,48	4,08
4836	2,36	3,64	0,68	-0,63	0,01	0,62	1,39	3,92
4837	2,36	3,64	0,66	-0,52	0,02	0,62	1,40	3,93
4838	2,35	3,74	0,66	-0,56	-0,00	0,22	1,29	3,84
4839	2,37	3,77	0,76	-0,53	0,01	0,10	1,29	3,82
4840	2,36	3,82	0,66	-0,42	0,01	0,23	0,77	3,72
4841	2,35	3,85	0,78	-0,30	-0,00	0,19	0,77	3,43
4842	2,36	3,85	0,78	-0,33	0,01	0,20	0,87	2,79
4843	2,36	3,86	0,87	-0,27	-0,00	0,11	0,89	3,19
4844	2,37	3,96	0,88	-0,17	0,10	0,22	0,84	4,06
4845	2,37	3,93	0,87	-0,19	0,18	0,40	0,96	4,44
4846	2,37	3,96	0,88	-0,19	0,24	0,45	0,98	4,57
4847	2,35	4,02	0,87	-0,15	0,29	0,41	0,98	4,59
4848	2,35	4,05	0,98	-0,12	0,38	0,41	1,07	4,47
4849	2,37	4,03	0,98	-0,13	0,42	0,41	1,05	4,47
4850	2,38	4,15	0,98	-0,11	0,54	0,43	1,07	4,47
4851	2,49	4,15	0,98	-0,13	0,50	0,52	1,10	4,44
4852	2,46	4,15	0,98	-0,11	0,63	0,43	1,20	4,49
4853	2,86	4,46	1,27	0,53	0,71	0,41	1,29	4,46
4854	2,46	4,46	1,19	0,42	0,85	0,63	1,39	4,70
4855	2,36	4,36	0,98	0,09	0,76	0,94	1,31	5,14
4856	2,25	4,26	0,85	0,10	0,72	0,75	1,31	4,44
4857	2,26	4,15	0,87	-0,01	0,63	0,61	1,26	4,46
4858	2,18	4,03	0,88	-0,15	0,60	0,63	1,20	4,34
4859	1,79	4,14	0,87	-0,13	0,50	0,62	1,20	4,18
4860	1,88	4,14	0,76	-0,12	0,54	0,63	1,21	4,21
4861	1,87	3,34	0,76	-0,12	0,41	0,62	1,20	4,05
4862	1,97	3,64	0,79	-0,13	0,31	0,62	1,10	4,06
4863	1,98	3,64	0,55	-0,13	0,31	0,62	1,07	3,98
4864	2,07	3,63	0,65	-0,12	0,32	0,61	1,18	3,95
4865	2,08	3,63	0,68	-0,49	0,31	0,62	1,20	3,82
4866	2,08	3,63	0,68	-0,85	0,21	0,66	1,21	3,87
4867	1,98	3,64	0,57	-0,87	-0,09	0,63	1,20	3,69
4868	1,99	3,65	0,61	-0,76	-0,08	0,53	1,18	3,56
4869	1,97	3,64	0,57	-0,76	-0,08	0,22	1,07	3,54
4870	1,99	3,56	0,54	-0,64	0,03	0,10	1,09	3,45
4871	2,00	3,56	0,67	-0,63	0,01	0,11	0,47	3,30
4872	1,98	3,51	0,67	-0,64	0,11	0,10	0,77	3,30
4873	1,98	3,52	0,65	-0,41	0,12	0,08	1,18	2,68
4874	2,00	3,53	0,66	-0,41	0,10	0,23	1,53	2,44
4875	1,97	3,55	0,65	-0,42	0,14	0,23	1,73	2,44
4876	1,98	3,43	0,65	-0,45	0,20	0,31	1,83	2,52
4877	1,96	3,44	0,65	-0,44	0,21	0,31	1,74	2,70
4878	1,96	3,43	0,66	-0,44	0,32	0,31	1,70	2,68
4879	1,98	3,42	0,67	-0,42	0,32	0,32	1,63	2,66
4880	1,87	3,43	0,67	-0,40	0,31	0,22	1,62	2,71
4881	1,87	3,44	0,66	-0,42	0,42	0,23	1,53	2,65
4882	1,91	3,43	0,70	-0,40	0,42	0,31	1,54	2,81
4883	2,26	3,32	0,66	-0,44	0,40	0,32	1,39	2,71
4884	1,88	3,63	0,68	-0,52	0,42	0,20	1,44	2,66
4885	1,90	3,42	0,68	-0,44	0,42	0,20	1,53	2,66
4886	1,77	3,45	0,68	-0,42	0,54	0,23	1,81	3,07
4887	1,81	3,23	0,67	-0,49	0,43	0,31	1,40	3,32
4888	1,70	3,13	0,79	-0,52	0,40	0,28	1,29	3,56
4889	1,20	3,02	0,76	-0,51	0,43	0,33	1,20	2,92
4890	1,31	3,13	0,78	-0,52	0,41	0,32	1,09	2,79
4891	1,70	3,13	0,76	-0,52	0,63	0,32	1,09	2,68
4892	1,98	2,70	0,67	-0,53	0,63	0,32	0,98	2,68
4893	2,05	2,70	0,67	-0,49	0,65	0,32	0,98	2,57
4894	2,15	2,70	0,67	-0,55	0,61	0,44	0,99	2,55
4895	2,19	2,72	0,66	-0,53	0,63	0,43	0,44	2,53
4896	2,16	2,70	0,66	-0,55	0,59	0,32	0,55	2,29
4897	2,10	2,70	0,67	-0,55	0,60	0,44	0,57	1,54
4898	2,08	2,70	0,67	-0,53	0,61	0,43	0,57	1,52
4899	1,97	2,69	0,67	-0,64	0,61	0,43	0,66	1,77
4900	1,98	2,70	0,66	-0,63	0,61	0,43	0,66	1,92
4901	1,88	2,70	0,63	-0,66	0,72	0,45	0,69	1,92
4902	1,87	2,69	0,68	-0,62	0,72	0,43	0,66	1,93
4903	1,77	2,61	0,57	-0,60	0,71	0,44	0,66	2,03
4904	1,79	2,61	0,55	-0,63	0,72	0,43	0,68	2,05
4905	1,79	2,60	0,55	-0,76	0,69	0,40	0,77	2,06
4906	1,76	2,62	0,55	-0,63	0,73	0,43	0,76	2,06
4907	1,71	2,57	0,58	-0,63	0,61	0,44	0,78	2,05
4908	1,71	2,48	0,57	-0,64	0,63	0,43	0,78	2,00
4909	1,69	2,49	0,55	-0,64	0,63	0,43	0,76	2,03
4910	1,68	2,48	0,55	-0,62	0,61	0,39	0,76	1,87
4911	1,68	2,51	0,55	-0,76	0,61	0,41	0,77	2,06
4912	1,66	2,49	0,46	-0,77	0,64	0,44	0,87	2,05
4913	1,59	2,49	0,46	-0,74	0,60	0,44	0,78	2,06
4914	1,58	2,49	0,45	-0,74	0,63	0,40	0,77	1,87
4915	1,58	2,51	0,48	-0,87	0,63	0,46	0,89	2,03
4916	1,47	2,48	0,45	-0,87	0,61	0,41	0,87	2,05
4917	1,48	2,51	0,37	-0,98	0,59	0,41	0,87	2,08
4918	1,49	2,51	0,36	-0,96	0,60	0,31	0,87	2,03
4919	1,48	2,48	0,35	-0,96	0,61	0,31	0,98	2,06
4920	1,52	2,51	0,37	-0,96	0,61	0,32	0,98	1,88
4921	1,52	2,51	0,36	-0,99	0,51	0,32	0,98	2,05
4922	1,51	2,49	0,35	-0,95	0,61	0,31	0,96	1,93
4923	1,52	2,37	0,36	-0,95	0,59	0,31	0,96	1,90
4924	1,48	2,40	0,36	-1,07	0,50	0,32	0,99	1,92
4925	1,51	2,39	0,35	-1,06	0,51	0,28	0,98	1,90
4926	1,53	2,37	0,26	-1,23	0,51	0,31	0,96	1,88
4927	1,49	2,37	0,26	-1,20	0,50	0,35	1,09	1,87
4928	1,49	2,40	0,24	-1,17	0,50	0,20	1,09	1,92
4929	1,48	2,40	0,26	-1,17	0,43	0,22	1,10	1,78
4930	1,59	2,37	0,26	-1,28	0,40	0,22	1,07	1,77
4931	1,59	2,39	0,26	-1,28	0,40	0,20	1,09	1,78
4932	1,71	2,48	0,24	-1,16	0,42	0,22	1,07	1,75
4933	1,69	2,37	0,26	-1,20	0,41	0,20	1,10	1,77
4934	1,66	2,39	0,26	-1,31	0,40	0,20	0,95	1,62
4935	1,68	2,48	0,27	-1,30	0,40	0,18	0,98	1,65
4936	1,59	2,39	0,28	-1,30	0,32	0,25	0,98	1,67
4937	1,69	2,37	0,26	-1,31	0,32	0,23	0,95	1,48
4938	1,59	2,39	0,27	-1,39	0,29	0,10	0,96	1,54
4939	1,58	2,37	0,24	-1,41	0,32	0,12	0,96	1,52
4940	1,60	2,39	0,27	-1,39	0,33	0,11	0,96	1,52
4941	1,69	2,37	0,24	-1,31	0,20	0,14	0,96	1,49
4942	1,69	2,40	0,24	-1,42	0,21	0,11	0,99	1,51
4943	1,69	2,41	0,26	-1,30	0,21	0,08	0,98	1,52
4944	1,70	2,40	0,29	-1,42	0,20	0,14	0,95	1,38
4945	1,69	2,40	0,24	-1,41	0,21	0,12	0,96	1,38
4946	1,68	2,37	0,27	-1,41	0,21	0,10	0,96	1,39
4947	1,70	2,40	0,27	-1,36	0,21	0,10	1,00	1,26
4948	1,70	2,40	0,28	-1,39	0,19	0,11	0,95	1,25
4949	1,69	2,37	0,24	-1,50	0,21	0,11	0,98	1,28
4950	1,68	2,40	0,24	-1,50	0,19	0,12	1,00	1,25
4951	1,68	2,39	0,19	-1,53	0,20	0,11	0,99	1,26
4952	1,69	2,30	0,20	-1,52	0,21	0,14	0,96	1,17
4953	1,70	2,31	0,20	-1,61	0,21	0,08	0,98	1,13
4954	1,71	2,31	0,20	-1,63	0,11	0,11	1,00	1,17
4955	1,68	2,28	0,19	-1,61	0,12	0,11	0,96	0,99
4956	1,70	2,31	0,19	-1,63	0,10	0,15	0,98	1,00
4957	1,70	2,27	0,09	-1,60	0,12	0,12	1,02	1,02
4958	1,79	2,28	0,10	-1,63	0,01	0,10	0,96	1,02
4959	1,81	2,28	0,09	-1,63	-0,00	0,12	0,88	1,05
4960	1,79	2,30	0,09	-1,64	0,01	0,12	0,87	1,04
4961	1,70	2,28	0,09	-1,64	0,02	0,05	0,89	0,87
4962	1,79	2,31	0,09	-1,63	-0,00	0,05	0,87	0,89
4963	1,70	2,28	0,10	-1,61	0,01	0,06	0,89	0,89
4964	1,69	2,28	-0,03	-1,60	0,01	0,05	0,88	0,92
4965	1,70	2,27	0,10	-1,63	0,02	0,03	0,88	0,86
4966	1,68	2,30	-0,03	-1,63	-0,11	0,03	0,73	0,78
4967	1,69	2,30	0,01	-1,63	-0,09	0,05	0,76	0,74
4968	1,70	2,28	-0,03	-1,61	-0,08	0,03	0,76	0,74
4969	1,68	2,30	0,01	-1,57	-0,11	0,06	0,77	0,74
4970	1,68	2,30	-0,02	-1,63	-0,12	0,05	0,78	0,65
4971	1,69	2,32	0,01	-1,61	-0,08	0,06	0,69	0,63
4972	1,72	2,31	-0,01	-1,64	-0,09	0,05	0,65	0,63
4973	1,66	2,28	0,01	-1,60	-0,11	0,02	0,65	0,65
4974	1,69	2,28	-0,01	-1,63	-0,09	0,05	0,65	0,65
4975	1,70	2,31	0,01	-1,63	-0,09	0,05	0,57	0,63
4976	1,69	2,18	0,01	-1,61	-0,09	0,05	0,54	0,53
4977	1,69	2,18	-0,02	-1,63	-0,09	-0,06	0,55	0,50
4978	1,69	2,19	-0,03	-1,61	-0,07	-0,07	0,57	0,51
4979	1,70	2,18	-0,02	-1,63	-0,09	-0,06	0,55	0,53
4980	1,69	2,19	-0,01	-1,61	-0,08	-0,05	0,55	0,50
4981	1,69	2,18	-0,12	-1,63	-0,09	-0,06	0,57	0,50
4982	1,68	2,15	-0,08	-1,64	-0,08	-0,03	0,54	0,51
4983	1,70	2,20	-0,14	-1,74	-0,09	-0,06	0,55	0,38
4984	1,70	2,19	-0,10	-1,72	-0,08	-0,06	0,43	0,40
4985	1,60	2,14	-0,11	-1,74	-0,09	-0,07	0,57	0,40
4986	1,59	2,16	-0,12	-1,72	-0,09	-0,05	0,57	0,35
4987	1,59	2,18	-0,11	-1,75	-0,09	-0,06	0,44	0,38
4988	1,62	2,08	-0,14	-1,72	-0,11	-0,03	0,46	0,34
4989	1,60	2,08	-0,12	-1,72	-0,15	-0,07	0,46	0,37
4990	1,59	2,07	-0,14	-1,75	-0,15	-0,06	0,35	0,22
4991	1,59	2,07	-0,12	-1,72	-0,16	-0,05	0,32	0,25
4992	1,62	2,07	-0,11	-1,75	-0,17	-0,07	0,33	0,25
4993	1,58	2,07	-0,12	-1,63	-0,15	-0,06	0,32	0,25
4994	1,59	2,10	-0,10	-1,61	-0,15	-0,05	0,32	0,24
4995	1,59	2,07	-0,08	-1,61	-0,16	-0,07	0,32	0,27
4996	1,58	2,06	-0,12	-1,64	-0,17	-0,05	0,33	0,24
4997	1,49	1,98	-0,10	-1,60	-0,16	-0,06	0,32	0,25
4998	1,53	1,99	-0,11	-1,64	-0,15	-0,06	0,35	0,25
4999	1,51	1,97	-0,11	-1,63	-0,15	-0,06	0,22	0,24
5000	1,49	1,97	-0,10	-1,61	-0,16	-0,05	0,35	0,12
5001	1,53	1,99	-0,11	-1,61	-0,15	-0,06	0,35	0,24
5002	1,52	1,98	-0,10	-1,60	-0,16	-0,02	0,39	0,14
5003	1,49	1,98	-0,11	-1,61	-0,28	-0,06	0,24	0,12
5004	1,53	1,98	-0,10	-1,63	-0,25	-0,05	0,24	0,12
5005	1,51	1,98	-0,08	-1,60	-0,28	-0,03	0,24	0,12
5006	1,49	1,95	-0,10	-1,61	-0,25	-0,15	0,24	0,12
5007	1,49	1,86	-0,11	-1,54	-0,24	-0,06	0,24	0,12
5008	1,49	1,86	-0,08	-1,52	-0,25	-0,15	0,22	0,14
5009	1,49	1,87	-0,11	-1,50	-0,26	-0,07	0,24	0,12
5010	1,51	1,87	-0,08	-1,46	-0,26	-0,05	0,25	0,14
5011	1,42	1,87	-0,12	-1,52	-0,28	-0,15	0,24	0,09
5012	1,40	1,86	-0,12	-1,53	-0,28	-0,16	0,24	0,12
5013	1,41	1,77	-0,11	-1,50	-0,26	-0,15	0,24	0,16
5014	1,42	1,78	-0,12	-1,49	-0,25	-0,15	0,22	0,14
5015	1,41	1,77	-0,21	-1,52	-0,25	-0,14	0,13	0,16
5016	1,42	1,74	-0,16	-1,54	-0,26	-0,15	0,15	-0,02
5017	1,42	1,77	-0,19	-1,50	-0,35	-0,14	0,11	-0,04
5018	1,31	1,76	-0,21	-1,42	-0,37	-0,14	0,07	-0,01
5019	1,30	1,76	-0,23	-1,52	-0,25	-0,16	0,13	-0,01
5020	1,31	1,74	-0,23	-1,42	-0,25	-0,15	0,15	0,01
5021	1,31	1,68	-0,19	-1,42	-0,28	-0,16	0,11	-0,06
5022	1,32	1,66	-0,20	-1,39	-0,25	-0,16	0,13	-0,01
5023	1,33	1,64	-0,21	-1,42	-0,26	-0,16	0,13	0,01
5024	1,33	1,66	-0,23	-1,41	-0,26	-0,16	0,03	-0,04
5025	1,31	1,65	-0,23	-1,39	-0,29	-0,15	0,03	-0,02
5026	1,29	1,56	-0,20	-1,39	-0,24	-0,16	0,02	-0,02
5027	1,31	1,57	-0,20	-1,42	-0,17	-0,14	0,04	-0,02
5028	1,32	1,56	-0,19	-1,39	-0,17	-0,16	0,03	-0,01
5029	1,30	1,56	-0,23	-1,42	-0,17	-0,16	0,00	-0,01
5030	1,31	1,56	-0,24	-1,42	-0,18	-0,15	-0,01	-0,02
5031	1,32	1,53	-0,23	-1,39	-0,26	-0,16	0,02	-0,04
5032	1,29	1,56	-0,23	-1,39	-0,26	-0,15	-0,08	-0,02
5033	1,31	1,53	-0,21	-1,41	-0,26	-0,16	-0,12	-0,01
5034	1,30	1,54	-0,23	-1,27	-0,17	-0,16	-0,08	-0,01
5035	1,30	1,57	-0,23	-1,25	-0,15	-0,16	-0,09	0,01
5036	1,30	1,45	-0,21	-1,39	-0,15	-0,15	-0,08	-0,04
5037	1,32	1,57	-0,23	-1,28	-0,20	-0,15	-0,09	0,01
5038	1,32	1,45	-0,20	-1,30	-0,15	-0,15	-0,09	0,01
5039	1,33	1,44	-0,23	-1,31	-0,17	-0,19	-0,07	-0,04
5040	1,32	1,45	-0,19	-1,28	-0,16	-0,14	-0,09	-0,02
5041	1,31	1,47	-0,23	-1,31	-0,15	-0,16	-0,08	-0,02
5042	1,32	1,43	-0,11	-1,30	-0,15	-0,15	-0,08	-0,01
5043	1,31	1,48	-0,10	-1,30	-0,25	-0,16	-0,09	-0,01
5044	1,30	1,45	-0,12	-1,28	-0,28	-0,16	-0,08	0,01
5045	1,31	1,45	-0,11	-1,30	-0,24	-0,16	-0,08	0,01
5046	1,30	1,45	-0,12	-1,31	-0,26	-0,18	-0,11	-0,02
5047	1,30	1,48	-0,12	-1,30	-0,26	-0,16	-0,07	-0,01
5048	1,33	1,47	-0,12	-1,18	-0,25	-0,14	-0,09	0,01
5049	1,31	1,47	-0,11	-1,16	-0,28	-0,16	-0,09	-0,02
5050	1,30	1,37	-0,15	-1,20	-0,28	-0,18	-0,08	0,03
5051	1,31	1,45	-0,11	-1,17	-0,25	-0,16	-0,09	-0,02
5052	1,30	1,33	-0,14	-1,18	-0,25	-0,15	-0,08	-0,01
5053	1,29	1,35	-0,14	-1,18	-0,26	-0,16	-0,09	0,01
5054	1,24	1,37	-0,14	-1,17	-0,15	-0,15	-0,08	-0,01
5055	1,20	1,33	-0,11	-1,16	-0,24	-0,18	-0,05	-0,04
5056	1,21	1,37	-0,11	-1,18	-0,24	-0,16	-0,09	-0,02
5057	1,24	1,33	-0,08	-1,20	-0,13	-0,18	-0,08	-0,01
5058	1,23	1,35	-0,11	-1,30	-0,16	-0,15	-0,11	-0,04
5059	1,20	1,31	-0,12	-1,20	-0,16	-0,16	-0,09	-0,02
5060	1,23	1,36	-0,12	-1,18	-0,17	-0,06	-0,09	0,01
5061	1,33	1,35	-0,12	-1,07	-0,08	-0,06	-0,08	0,01
5062	1,23	1,35	-0,12	-1,07	-0,11	-0,06	-0,09	0,01
5063	1,20	1,33	-0,10	-1,10	-0,09	-0,03	-0,07	-0,01
5064	1,23	1,33	-0,10	-1,09	-0,08	-0,15	-0,07	-0,01
5065	1,21	1,23	-0,11	-1,07	-0,09	-0,14	-0,05	-0,01
5066	1,23	1,24	-0,12	-1,10	-0,07	-0,16	-0,11	-0,01
5067	1,24	1,21	-0,12	-1,07	-0,08	-0,15	-0,08	-0,02
5068	1,21	1,24	-0,14	-1,07	-0,07	-0,16	-0,08	0,04
5069	1,24	1,27	-0,12	-1,07	-0,09	-0,15	-0,13	-0,01
5070	1,21	1,25	-0,12	-1,06	-0,08	-0,16	-0,17	-0,01
5071	1,44	1,23	-0,10	-1,09	-0,08	-0,18	-0,07	-0,01
5072	1,20	1,47	-0,11	-1,09	-0,16	-0,16	-0,12	-0,01
5073	1,12	1,45	-0,12	-1,07	-0,15	-0,05	-0,08	-0,01
5074	1,04	1,32	-0,08	-1,07	-0,16	-0,18	-0,08	0,01
5075	0,92	1,36	-0,10	-1,05	-0,13	-0,18	-0,09	-0,01
5076	0,82	1,23	-0,10	-1,06	-0,15	-0,06	-0,09	-0,02
5077	0,75	0,95	-0,10	-1,05	-0,15	-0,06	-0,07	-0,01
5078	0,63	0,83	-0,10	-1,07	-0,15	-0,06	-0,09	0,01
5079	0,82	0,73	-0,14	-1,09	-0,16	-0,06	-0,11	-0,01
5080	0,64	0,83	-0,11	-1,06	-0,16	-0,07	-0,09	-0,02
5081	1,20	0,06	-0,10	-1,06	-0,09	-0,16	-0,07	-0,02
5082	1,60	0,41	-0,08	-1,07	-0,11	-0,07	-0,08	-0,02
5083	1,88	0,94	-0,10	-1,07	-0,08	-0,16	-0,08	-0,02
5084	1,99	1,04	-0,12	-1,09	-0,09	-0,06	-0,08	0,01
5085	1,98	1,24	-0,11	-1,06	-0,17	-0,05	-0,09	0,03
5086	1,90	1,37	-0,11	-0,98	-0,12	-0,10	-0,08	-0,02
5087	1,90	1,37	-0,11	-0,98	-0,16	-0,05	-0,09	0,03
5088	1,80	1,36	-0,10	-0,96	-0,15	-0,05	-0,07	0,01
5089	1,71	1,27	-0,03	-0,95	-0,17	-0,07	-0,09	-0,01
5090	1,51	1,25	0,01	-0,95	-0,07	-0,09	-0,09	0,01
5091	1,31	1,14	-0,01	-0,96	-0,07	-0,06	-0,08	-0,01
5092	1,24	1,04	-0,01	-0,99	-0,11	-0,06	-0,09	0,01
5093	1,12	1,06	-0,02	-0,98	-0,09	-0,05	-0,09	0,01
5094	1,02	1,02	0,02	-0,95	-0,08	-0,05	-0,07	0,01
5095	0,90	0,96	-0,01	-0,96	-0,07	-0,06	-0,17	-0,01
5096	0,81	0,95	0,01	-0,88	-0,08	-0,07	-0,13	-0,01
5097	0,74	0,85	-0,02	-0,95	-0,07	-0,05	-0,15	-0,02
5098	0,74	0,82	-0,01	-0,95	-0,09	-0,05	-0,16	0,03
5099	0,63	0,86	-0,01	-0,96	-0,07	-0,06	-0,15	-0,01
5100	0,65	0,71	-0,01	-0,98	-0,09	-0,06	-0,15	0,01
5101	0,65	0,74	-0,01	-0,84	-0,09	-0,06	-0,07	-0,01
5102	0,64	0,75	0,10	-0,74	-0,07	-0,07	-0,16	0,01
5103	0,65	0,75	0,09	-0,73	-0,06	-0,03	-0,15	0,01
5104	0,65	0,73	0,09	-0,74	-0,08	-0,06	-0,16	-0,02
5105	0,64	0,71	0,06	-0,77	-0,15	-0,06	-0,16	-0,01
5106	0,64	0,81	0,10	-0,76	-0,16	-0,07	-0,16	0,03
5107	0,65	0,83	0,11	-0,76	-0,16	-0,07	-0,17	0,03
5108	0,66	0,83	0,07	-0,76	-0,15	-0,07	-0,11	-0,02
5109	0,64	0,94	0,10	-0,76	-0,16	-0,03	-0,11	-0,02
5110	0,75	0,95	0,09	-0,74	-0,13	-0,07	-0,05	-0,02
5111	0,65	0,96	0,10	-0,71	-0,25	-0,06	-0,15	-0,04
5112	0,65	0,93	0,10	-0,63	-0,25	-0,07	-0,15	-0,04
5113	0,65	1,03	0,09	-0,63	-0,26	-0,06	-0,15	-0,04
5114	0,65	1,04	0,10	-0,64	-0,28	-0,05	-0,08	0,03
5115	0,65	1,07	0,09	-0,64	-0,25	-0,05	-0,15	-0,04
5116	0,74	1,14	0,11	-0,63	-0,26	-0,05	-0,09	-0,02
5117	0,65	1,14	0,06	-0,60	-0,25	-0,07	-0,13	-0,02
5118	0,66	1,15	0,07	-0,63	-0,25	-0,05	-0,15	-0,06
5119	0,60	1,12	0,09	-0,64	-0,28	-0,05	-0,17	0,01
5120	0,64	1,16	0,09	-0,64	-0,25	-0,06	-0,17	-0,02
5121	0,64	1,27	0,10	-0,73	-0,26	-0,07	-0,16	-0,01
5122	0,63	1,27	0,09	-0,76	-0,15	-0,05	-0,07	-0,02
5123	0,65	1,25	0,10	-0,73	-0,26	-0,07	-0,17	-0,01
5124	0,63	1,27	0,09	-0,71	-0,16	-0,05	-0,15	-0,04
5125	0,63	1,24	0,09	-0,74	-0,26	-0,06	-0,09	-0,01
5126	0,74	1,24	0,09	-0,63	-0,26	-0,07	-0,11	-0,02
5127	0,75	1,37	0,12	-0,64	-0,25	-0,06	-0,09	-0,02
5128	0,74	1,35	0,09	-0,52	-0,16	-0,09	-0,11	-0,01
5129	0,74	1,36	0,09	-0,52	-0,15	-0,03	-0,11	-0,01
5130	0,74	1,35	0,10	-0,55	-0,12	-0,06	-0,16	-0,01
5131	0,75	1,35	0,09	-0,52	-0,16	-0,07	-0,08	0,03
5132	0,77	1,35	0,09	-0,51	-0,15	-0,07	-0,13	-0,02
5133	0,75	1,37	0,09	-0,51	-0,15	-0,06	-0,13	-0,02
5134	0,75	1,45	0,09	-0,52	-0,17	0,05	-0,16	-0,01
5135	0,74	1,45	0,07	-0,52	-0,16	-0,05	-0,16	-0,01
5136	0,74	1,48	0,20	-0,63	-0,12	-0,10	-0,16	-0,02
5137	0,74	1,43	0,18	-0,64	-0,15	-0,07	-0,16	0,01
5138	0,74	1,44	0,19	-0,62	-0,17	-0,05	-0,13	-0,02
5139	0,75	1,45	0,19	-0,62	-0,16	0,06	-0,13	0,01
5140	0,73	1,44	0,23	-0,62	-0,16	-0,05	-0,15	-0,02
5141	0,73	1,47	0,22	-0,53	-0,28	-0,05	-0,17	-0,04
5142	0,75	1,43	0,19	-0,63	-0,26	-0,05	-0,15	-0,02
5143	0,64	1,44	0,19	-0,64	-0,24	-0,05	-0,17	-0,02
5144	0,74	1,48	0,20	-0,63	-0,24	-0,07	-0,17	0,01
5145	0,65	1,48	0,19	-0,52	-0,25	-0,05	-0,17	-0,01
5146	0,64	1,48	0,19	-0,64	-0,24	0,02	-0,16	0,01
5147	0,64	1,45	0,16	-0,66	-0,25	0,03	-0,15	0,01
5148	0,65	1,48	0,19	-0,51	-0,26	-0,06	-0,15	0,01
5149	0,63	1,35	0,19	-0,51	-0,26	-0,06	-0,19	0,01
5150	0,65	1,37	0,19	-0,52	-0,26	-0,07	-0,16	-0,06
5151	0,63	1,37	0,22	-0,53	-0,26	-0,06	-0,15	-0,02
5152	0,64	1,37	0,19	-0,53	-0,26	-0,06	-0,15	-0,01
5153	0,64	1,36	0,19	-0,51	-0,26	-0,06	-0,16	-0,02
5154	0,65	1,35	0,20	-0,52	-0,26	-0,07	-0,15	-0,01
5155	0,65	1,35	0,16	-0,52	-0,25	-0,06	-0,15	0,01
5156	0,62	1,36	0,19	-0,52	-0,28	0,05	-0,16	-0,04
5157	0,64	1,35	0,18	-0,53	-0,24	-0,06	-0,13	0,03
5158	0,65	1,36	0,19	-0,53	-0,21	-0,07	-0,15	0,01
5159	0,64	1,35	0,20	-0,52	-0,25	-0,05	-0,16	-0,01
5160	0,64	1,37	0,20	-0,53	-0,26	-0,06	-0,15	-0,02
5161	0,64	1,35	0,19	-0,53	-0,26	-0,06	-0,17	0,01
5162	0,63	1,36	0,18	-0,52	-0,26	-0,06	-0,17	-0,02
5163	0,65	1,39	0,20	-0,52	-0,25	-0,05	-0,15	-0,02
5164	0,65	1,36	0,19	-0,56	-0,28	-0,03	-0,17	-0,01
5165	0,64	1,35	0,18	-0,52	-0,25	-0,07	-0,16	-0,02
5166	0,65	1,35	0,18	-0,53	-0,24	-0,05	-0,15	-0,01
5167	0,54	1,35	0,20	-0,53	-0,25	-0,07	-0,16	-0,01
5168	0,54	1,36	0,18	-0,41	-0,25	-0,06	-0,17	0,01
5169	0,55	1,37	0,18	-0,51	-0,25	0,05	-0,17	0,01
5170	0,55	1,37	0,19	-0,49	-0,25	-0,05	-0,13	0,01
5171	0,54	1,24	0,22	-0,55	-0,16	-0,05	-0,17	-0,01
5172	0,54	1,27	0,22	-0,51	-0,16	-0,06	-0,17	-0,02
5173	0,57	1,27	0,23	-0,49	-0,15	-0,02	-0,12	-0,01
5174	0,55	1,24	0,19	-0,52	-0,16	-0,02	-0,13	-0,01
5175	0,57	1,27	0,20	-0,40	-0,15	-0,06	-0,19	-0,01
5176	0,55	1,24	0,22	-0,40	-0,15	-0,03	-0,15	0,01
5177	0,52	1,25	0,18	-0,52	-0,16	-0,03	-0,16	-0,06
5178	0,54	1,25	0,20	-0,40	-0,18	0,06	-0,24	0,01
5179	0,55	1,23	0,27	-0,40	-0,15	-0,05	-0,15	0,01
5180	0,54	1,15	0,19	-0,44	-0,16	0,03	-0,17	-0,01
5181	0,55	1,16	0,28	-0,29	-0,15	0,05	-0,15	-0,01
5182	0,53	1,14	0,18	-0,31	-0,15	0,06	-0,15	0,03
5183	0,54	1,15	0,26	-0,30	-0,15	0,07	-0,15	-0,02
5184	0,54	1,14	0,19	-0,31	-0,26	0,03	-0,13	-0,02
5185	0,93	1,16	0,24	-0,30	-0,26	0,05	-0,17	0,01
5186	0,54	1,33	0,26	-0,33	-0,24	0,06	-0,13	0,01
5187	0,37	1,25	0,22	-0,30	-0,25	0,03	-0,17	-0,04
5188	0,40	1,12	0,24	-0,33	-0,26	0,05	-0,13	0,01
5189	0,26	1,03	0,18	-0,29	-0,28	0,06	-0,16	-0,01
5190	0,16	0,94	0,20	-0,29	-0,16	0,07	-0,15	-0,01
5191	0,18	0,85	0,19	-0,31	-0,15	0,03	-0,17	-0,01
5192	-0,19	0,95	0,19	-0,30	-0,17	0,03	-0,15	-0,01
5193	-0,02	0,82	0,19	-0,29	-0,16	0,05	-0,15	0,01
5194	0,27	0,15	0,16	-0,42	-0,16	0,07	-0,15	-0,01
5195	0,63	0,20	0,19	-0,42	-0,26	0,05	-0,16	-0,01
5196	0,94	0,61	0,19	-0,42	-0,26	0,06	-0,19	-0,01
5197	1,12	0,94	0,19	-0,42	-0,26	0,05	-0,13	-0,01
5198	1,21	1,11	0,18	-0,41	-0,25	0,06	-0,15	-0,01
5199	1,21	1,35	0,22	-0,42	-0,24	0,05	-0,19	0,01
5200	1,09	1,36	0,09	-0,40	-0,25	0,05	-0,13	-0,01
5201	1,10	1,47	0,19	-0,41	-0,12	0,06	-0,13	-0,01
5202	1,03	1,35	0,20	-0,42	-0,15	0,05	-0,13	-0,04
5203	0,94	1,33	0,19	-0,42	-0,16	0,05	-0,16	0,01
5204	0,85	1,21	0,18	-0,53	-0,16	0,03	-0,13	-0,02
5205	0,74	1,24	0,20	-0,38	-0,15	0,03	-0,13	0,01
5206	0,52	1,14	0,19	-0,38	-0,15	0,03	-0,19	0,01
5207	0,55	1,15	0,19	-0,41	-0,15	0,05	-0,16	0,01
5208	0,45	1,03	0,19	-0,42	-0,16	0,05	-0,15	0,01
5209	0,36	1,04	0,18	-0,49	-0,17	0,05	-0,16	-0,04
5210	0,36	0,95	0,19	-0,40	-0,17	0,02	-0,16	-0,01
5211	0,26	0,85	0,18	-0,40	-0,24	0,05	-0,15	0,01
5212	0,25	0,82	0,20	-0,42	-0,26	0,05	-0,15	0,01
5213	0,18	0,74	0,19	-0,40	-0,15	0,03	-0,22	-0,02
5214	0,18	0,73	0,18	-0,44	-0,15	0,06	-0,15	0,03
5215	0,14	0,73	0,18	-0,40	-0,13	0,06	-0,15	-0,01
5216	0,27	0,74	0,19	-0,40	-0,16	0,03	-0,19	-0,02
5217	0,25	0,74	0,27	-0,41	-0,17	0,06	-0,16	-0,02
5218	0,25	0,71	0,27	-0,45	-0,08	0,06	-0,13	-0,02
5219	0,27	0,74	0,24	-0,44	-0,08	0,05	-0,15	-0,04
5220	0,27	0,73	0,28	-0,42	-0,12	0,05	-0,15	-0,01
5221	0,23	0,71	0,24	-0,41	-0,15	0,02	-0,17	-0,01
5222	0,24	0,73	0,26	-0,42	-0,15	0,02	-0,19	-0,02
5223	0,25	0,74	0,26	-0,41	-0,15	0,05	-0,30	-0,01
5224	0,16	0,74	0,23	-0,42	-0,20	0,03	-0,17	-0,06
5225	0,26	0,73	0,26	-0,44	-0,25	0,03	-0,15	-0,04
5226	0,25	0,82	0,28	-0,41	-0,26	0,06	-0,27	0,01
5227	0,25	0,71	0,26	-0,40	-0,25	0,05	-0,26	-0,04
5228	0,29	0,82	0,24	-0,42	-0,25	0,03	-0,27	-0,02
5229	0,27	0,83	0,27	-0,42	-0,26	0,06	-0,27	-0,01
5230	0,25	0,82	0,24	-0,41	-0,29	0,06	-0,26	-0,01
5231	0,26	0,85	0,26	-0,42	-0,28	0,07	-0,17	-0,04
5232	0,26	0,83	0,27	-0,45	-0,25	0,05	-0,17	-0,02
5233	0,25	0,82	0,24	-0,42	-0,16	-0,06	-0,17	-0,01
5234	0,27	0,85	0,24	-0,41	-0,16	-0,05	-0,19	0,01
5235	0,27	0,83	0,27	-0,42	-0,08	-0,06	-0,15	0,01
5236	0,26	0,83	0,24	-0,44	-0,11	-0,06	-0,15	-0,01
5237	0,27	0,82	0,27	-0,33	-0,11	0,05	-0,13	-0,01
5238	0,25	0,85	0,26	-0,29	-0,09	-0,06	-0,13	-0,01
5239	0,26	0,83	0,26	-0,42	-0,09	0,03	-0,17	-0,01
5240	0,25	0,85	0,26	-0,40	-0,07	0,02	-0,17	0,01
5241	0,29	0,83	0,27	-0,40	-0,07	0,06	-0,15	-0,01
5242	0,27	0,83	0,28	-0,37	-0,09	0,05	-0,16	0,01
5243	0,29	0,85	0,26	-0,41	-0,12	0,06	-0,27	-0,02
5244	0,29	0,83	0,22	-0,41	-0,15	0,05	-0,17	0,01
5245	0,25	0,85	0,27	-0,42	-0,17	0,05	-0,16	0,01
5246	0,25	0,83	0,26	-0,37	-0,16	0,05	-0,13	-0,01
5247	0,26	0,83	0,24	-0,41	-0,16	0,05	-0,15	0,01
5248	0,25	0,82	0,28	-0,42	-0,25	0,03	-0,13	-0,01
5249	0,26	0,85	0,24	-0,63	-0,26	0,07	-0,15	0,03
5250	0,25	0,83	0,26	-0,64	-0,17	0,05	-0,16	-0,01
5251	0,26	0,85	0,26	-0,64	-0,25	0,05	-0,15	-0,02
5252	0,25	0,86	0,28	-0,62	-0,24	-0,07	-0,13	0,01
5253	0,29	0,82	0,26	-0,52	-0,24	0,07	-0,16	0,01
5254	0,27	0,83	0,24	-0,51	-0,16	0,05	-0,16	0,01
5255	0,36	0,83	0,27	-0,52	-0,13	0,05	-0,17	0,01
5256	0,29	0,85	0,20	-0,53	-0,17	0,05	-0,15	-0,01
5257	0,36	0,83	0,19	-0,52	-0,09	0,07	-0,12	-0,04
5258	0,27	0,83	0,18	-0,55	-0,06	0,03	-0,16	-0,01
5259	0,26	0,85	0,19	-0,51	-0,09	0,05	-0,15	0,03
5260	0,27	0,86	0,19	-0,49	-0,08	0,07	-0,13	-0,01
5261	0,26	0,85	0,22	-0,52	-0,08	0,06	-0,15	0,01
5262	0,27	0,83	0,20	-0,52	-0,12	0,02	-0,17	-0,02
5263	0,27	0,86	0,20	-0,52	-0,09	0,07	-0,12	0,04
5264	0,26	0,83	0,18	-0,53	-0,08	0,05	-0,15	0,03
5265	0,26	0,83	0,19	-0,53	-0,09	-0,03	-0,16	-0,02
5266	0,26	0,83	0,20	-0,48	-0,11	0,05	-0,17	0,03
5267	0,25	0,74	0,18	-0,40	-0,16	0,06	-0,13	-0,01
5268	0,27	0,75	0,19	-0,53	-0,17	0,02	-0,15	-0,04
5269	0,25	0,83	0,19	-0,41	-0,16	0,06	-0,15	0,03
5270	0,26	0,83	0,19	-0,40	-0,17	0,05	-0,15	0,01
5271	0,27	0,85	0,16	-0,40	-0,16	0,06	-0,15	-0,04
5272	0,25	0,83	0,19	-0,42	-0,09	0,05	-0,15	-0,01
5273	0,26	0,83	0,19	-0,53	-0,09	0,02	-0,15	-0,01
5274	0,30	0,71	0,20	-0,38	-0,07	0,07	-0,15	-0,02
5275	0,16	0,73	0,22	-0,41	-0,09	0,06	-0,15	-0,01
5276	0,16	0,73	0,19	-0,53	-0,08	0,03	-0,15	0,12
5277	0,15	0,74	0,18	-0,41	-0,08	0,05	-0,13	-0,02
5278	0,15	0,73	0,18	-0,52	-0,09	0,05	-0,12	0,14
5279	0,18	0,74	0,20	-0,42	-0,11	0,05	-0,17	-0,01
5280	0,16	0,74	0,26	-0,44	-0,11	0,06	-0,16	0,14
5281	0,15	0,73	0,26	-0,40	-0,08	0,05	-0,15	0,09
5282	0,16	0,69	0,26	-0,40	-0,07	0,05	-0,15	0,16
5283	0,16	0,73	0,24	-0,41	-0,13	0,06	-0,15	-0,02
5284	0,15	0,71	0,26	-0,42	-0,11	0,02	-0,15	-0,04
5285	0,16	0,71	0,24	-0,52	-0,09	0,05	-0,13	-0,02
5286	0,19	0,75	0,18	-0,51	-0,09	0,05	-0,15	0,01
5287	0,15	0,71	0,18	-0,51	-0,17	0,05	-0,16	0,09
5288	0,16	0,71	0,27	-0,51	-0,16	0,03	-0,09	0,14
5289	0,18	0,75	0,26	-0,52	-0,15	0,05	-0,15	-0,01
5290	0,15	0,73	0,27	-0,52	-0,16	0,05	-0,16	-0,02
5291	0,15	0,71	0,29	-0,38	-0,18	0,03	-0,12	0,03
5292	0,16	0,73	0,27	-0,52	-0,16	0,05	-0,16	0,03
5293	0,14	0,73	0,24	-0,51	-0,18	0,03	-0,15	-0,04
5294	0,18	0,71	0,24	-0,41	-0,15	0,05	-0,15	-0,01
5295	0,19	0,71	0,26	-0,40	-0,15	0,05	-0,15	0,11
5296	0,15	0,62	0,26	-0,41	-0,15	0,05	-0,16	-0,02
5297	0,08	0,66	0,26	-0,53	-0,17	0,03	-0,17	-0,01
5298	0,07	0,64	0,27	-0,49	-0,15	0,05	-0,16	-0,01
5299	0,08	0,64	0,24	-0,52	-0,15	0,05	-0,16	-0,04
5300	0,08	0,62	0,24	-0,51	-0,15	0,06	-0,12	0,12
5301	0,07	0,62	0,28	-0,52	-0,24	0,05	-0,19	0,09
5302	0,13	0,62	0,28	-0,41	-0,24	0,05	-0,16	-0,02
5303	0,15	0,61	0,26	-0,41	-0,25	0,06	-0,15	0,11
5304	0,18	0,62	0,26	-0,31	-0,25	0,06	-0,17	0,11
5305	0,14	0,61	0,24	-0,41	-0,16	0,05	-0,16	0,12
5306	0,18	0,62	0,24	-0,40	-0,18	0,08	-0,15	0,11
5307	0,15	0,64	0,24	-0,41	-0,17	0,03	-0,15	0,17
5308	0,06	0,71	0,24	-0,31	-0,20	0,06	-0,15	0,14
5309	0,06	0,61	0,26	-0,41	-0,18	0,06	-0,17	0,09
5310	0,10	0,62	0,28	-0,42	-0,28	0,03	-0,15	0,14
5311	0,07	0,61	0,23	-0,44	-0,28	0,03	-0,15	0,11
5312	0,06	0,62	0,26	-0,41	-0,28	0,02	-0,16	0,14
5313	0,16	0,65	0,27	-0,42	-0,25	0,03	-0,15	0,11
5314	0,08	0,61	0,24	-0,44	-0,28	0,03	-0,15	0,01
5315	0,08	0,62	0,24	-0,45	-0,25	0,02	-0,12	0,09
5316	0,08	0,64	0,27	-0,42	-0,29	0,02	-0,13	-0,04
5317	0,07	0,60	0,28	-0,44	-0,25	0,05	-0,15	0,12
5318	0,08	0,64	0,26	-0,41	-0,35	0,05	-0,15	0,01
5319	0,08	0,52	0,27	-0,40	-0,35	0,03	-0,15	0,12
5320	0,08	0,52	0,28	-0,44	-0,24	0,03	-0,15	0,12
5321	0,07	0,52	0,24	-0,41	-0,35	0,05	-0,15	0,12
5322	0,09	0,54	0,26	-0,42	-0,26	0,03	-0,16	0,11
5323	0,06	0,64	0,24	-0,41	-0,28	0,05	-0,15	0,11
5324	0,04	0,53	0,26	-0,41	-0,28	0,03	-0,16	-0,02
5325	0,10	0,53	0,26	-0,42	-0,26	0,05	-0,15	-0,01
5326	0,09	0,54	0,24	-0,41	-0,25	0,02	-0,15	0,01
5327	0,15	0,74	0,27	-0,40	-0,12	0,08	-0,11	-0,01
5328	0,15	0,73	0,28	-0,40	-0,17	0,03	-0,16	-0,02
5329	0,08	0,66	0,27	-0,40	-0,26	0,02	-0,15	0,01
5330	-0,02	0,56	0,27	-0,38	-0,25	0,05	-0,15	0,01
5331	-0,03	0,42	0,26	-0,52	-0,25	0,02	-0,11	0,01
5332	-0,03	0,35	0,27	-0,52	-0,24	0,07	-0,12	0,01
5333	-0,65	0,32	0,27	-0,53	-0,16	0,05	-0,17	-0,01
5334	-0,29	0,32	0,26	-0,42	-0,22	0,05	-0,15	-0,02
5335	0,07	-0,52	0,28	-0,41	-0,29	0,05	-0,15	0,01
5336	0,66	-0,14	0,27	-0,44	-0,15	0,03	-0,24	-0,04
5337	1,02	-0,08	0,26	-0,42	-0,17	0,05	-0,28	-0,06
5338	1,27	0,04	0,28	-0,42	-0,28	0,05	-0,13	-0,02
5339	1,37	0,03	0,26	-0,42	-0,25	0,02	-0,15	-0,02
5340	1,31	0,21	0,27	-0,41	-0,25	0,05	-0,23	0,01
5341	1,21	0,24	0,28	-0,40	-0,24	0,05	-0,26	-0,01
5342	1,14	0,23	0,27	-0,41	-0,26	0,01	-0,13	-0,01
5343	1,03	0,20	0,28	-0,44	-0,25	0,05	-0,16	0,03
5344	0,93	0,16	0,28	-0,41	-0,26	0,05	-0,15	-0,02
5345	0,76	0,15	0,24	-0,38	-0,15	0,02	-0,15	-0,02
5346	0,51	0,23	0,28	-0,42	-0,09	0,05	-0,16	-0,01
5347	0,47	0,24	0,27	-0,42	-0,12	0,05	-0,15	-0,01
5348	0,35	0,19	0,26	-0,44	-0,07	0,03	-0,15	-0,01
5349	0,27	0,23	0,26	-0,42	-0,16	0,05	-0,13	0,01
5350	0,16	0,20	0,26	-0,40	-0,15	0,05	-0,17	-0,01
5351	0,16	0,23	0,23	-0,41	-0,17	0,05	-0,17	-0,01
5352	0,06	0,21	0,24	-0,31	-0,16	0,02	-0,26	-0,04
5353	0,07	0,23	0,28	-0,31	-0,16	0,05	-0,16	-0,02
5354	0,07	0,21	0,27	-0,30	-0,15	0,05	-0,26	0,01
5355	0,07	0,19	0,28	-0,31	-0,15	0,03	-0,26	-0,02
5356	0,07	0,21	0,27	-0,31	-0,25	0,05	-0,24	-0,04
5357	0,04	0,21	0,28	-0,31	-0,24	0,05	-0,24	-0,01
5358	0,06	0,17	0,27	-0,45	-0,25	0,08	-0,28	-0,02
5359	0,06	0,23	0,23	-0,42	-0,28	0,05	-0,26	0,01
5360	0,08	0,21	0,24	-0,42	-0,25	0,06	-0,24	-0,01
5361	0,07	0,31	0,26	-0,40	-0,28	0,06	-0,24	-0,01
5362	0,07	0,35	0,26	-0,42	-0,24	0,02	-0,26	0,01
5363	0,07	0,35	0,26	-0,42	-0,25	0,05	-0,24	-0,02
5364	0,08	0,35	0,27	-0,40	-0,25	0,02	-0,26	-0,01
5365	0,06	0,31	0,24	-0,52	-0,25	0,05	-0,27	0,01
5366	0,04	0,42	0,23	-0,53	-0,35	0,05	-0,27	-0,02
5367	0,08	0,41	0,29	-0,53	-0,25	0,05	-0,27	-0,02
5368	0,06	0,44	0,26	-0,51	-0,15	0,06	-0,28	-0,01
5369	0,08	0,45	0,24	-0,52	-0,15	0,05	-0,26	-0,01
5370	0,08	0,42	0,27	-0,44	-0,25	0,06	-0,24	-0,02
5371	0,06	0,56	0,26	-0,42	-0,25	0,06	-0,27	-0,02
5372	0,06	0,54	0,27	-0,42	-0,25	0,06	-0,26	0,01
5373	0,08	0,53	0,24	-0,38	-0,24	0,03	-0,16	-0,02
5374	0,07	0,56	0,26	-0,42	-0,28	0,05	-0,15	-0,02
5375	0,09	0,53	0,26	-0,38	-0,25	0,06	-0,16	0,01
5376	0,08	0,53	0,27	-0,41	-0,35	0,03	-0,16	0,01
5377	0,09	0,53	0,27	-0,42	-0,35	0,05	-0,15	-0,01
5378	0,06	0,52	0,26	-0,41	-0,37	0,05	-0,15	-0,01
5379	0,09	0,52	0,26	-0,41	-0,35	0,05	-0,15	-0,02
5380	0,07	0,64	0,27	-0,42	-0,37	0,05	-0,15	0,01
5381	0,08	0,64	0,27	-0,42	-0,38	0,02	-0,15	0,01
5382	0,09	0,62	0,26	-0,41	-0,39	0,05	-0,15	-0,04
5383	0,06	0,64	0,24	-0,41	-0,26	0,05	-0,13	-0,01
5384	0,06	0,62	0,26	-0,40	-0,28	0,06	-0,15	-0,02
5385	0,06	0,62	0,26	-0,40	-0,25	0,06	-0,16	-0,02
5386	0,08	0,65	0,24	-0,41	-0,26	0,06	-0,15	-0,04
5387	0,07	0,61	0,24	-0,41	-0,17	0,05	-0,16	-0,01
5388	0,10	0,64	0,27	-0,51	-0,24	0,02	-0,15	-0,02
5389	0,08	0,60	0,26	-0,41	-0,25	0,05	-0,17	0,01
5390	0,07	0,50	0,26	-0,53	-0,15	0,05	-0,16	0,01
5391	0,08	0,65	0,28	-0,51	-0,24	0,07	-0,13	-0,01
5392	0,07	0,50	0,22	-0,52	-0,25	0,06	-0,19	-0,02
5393	0,07	0,52	0,28	-0,42	-0,29	0,05	-0,15	0,01
5394	0,08	0,53	0,27	-0,42	-0,26	0,05	-0,17	-0,01
5395	0,07	0,54	0,27	-0,42	-0,28	0,05	-0,17	0,03
5396	0,06	0,50	0,27	-0,42	-0,25	0,05	-0,16	-0,01
5397	0,06	0,52	0,26	-0,42	-0,26	0,03	-0,16	0,01
5398	0,06	0,56	0,26	-0,55	-0,24	0,03	-0,17	-0,02
5399	0,07	0,52	0,27	-0,40	-0,26	0,05	-0,13	0,03
5400	0,07	0,52	0,27	-0,41	-0,28	0,05	-0,15	-0,02
5401	0,09	0,54	0,28	-0,51	-0,26	0,06	-0,16	0,01
5402	0,07	0,52	0,27	-0,44	-0,38	0,05	-0,16	-0,02
5403	-0,03	0,53	0,26	-0,44	-0,37	0,02	-0,17	-0,04
5404	0,08	0,52	0,26	-0,40	-0,38	0,02	-0,15	-0,04
5405	0,07	0,53	0,26	-0,49	-0,37	0,05	-0,15	0,01
5406	-0,04	0,56	0,27	-0,55	-0,34	0,05	-0,17	-0,04
5407	-0,02	0,52	0,28	-0,53	-0,35	0,05	-0,24	-0,01
5408	-0,04	0,52	0,28	-0,52	-0,16	0,03	-0,15	-0,02
5409	-0,02	0,53	0,26	-0,53	-0,17	0,03	-0,30	0,03
5410	-0,04	0,44	0,27	-0,52	-0,25	0,05	-0,16	0,01
5411	-0,03	0,53	0,23	-0,52	-0,25	0,05	-0,16	-0,01
5412	0,07	0,44	0,26	-0,53	-0,25	0,05	-0,15	-0,02
5413	0,06	0,42	0,27	-0,51	-0,25	0,06	-0,16	0,01
5414	-0,03	0,45	0,28	-0,49	-0,25	0,03	-0,15	-0,01
5415	-0,03	0,42	0,26	-0,52	-0,22	0,06	-0,19	-0,01
5416	-0,03	0,44	0,26	-0,42	-0,25	0,03	-0,17	-0,02
5417	-0,04	0,40	0,19	-0,52	-0,26	0,03	-0,15	-0,01
5418	-0,03	0,41	0,18	-0,53	-0,26	0,03	-0,15	0,01
5419	-0,03	0,41	0,19	-0,49	-0,26	0,05	-0,17	-0,02
5420	-0,03	0,42	0,19	-0,63	-0,34	0,06	-0,17	-0,01
5421	-0,02	0,44	0,20	-0,64	-0,25	0,02	-0,15	-0,02
5422	-0,04	0,31	0,19	-0,76	-0,25	0,03	-0,17	0,01
5423	-0,03	0,44	0,18	-0,64	-0,26	0,05	-0,17	0,01
5424	-0,02	0,44	0,19	-0,60	-0,25	0,05	-0,15	-0,02
5425	-0,01	0,32	0,20	-0,66	-0,25	0,05	-0,15	-0,01
5426	-0,01	0,31	0,22	-0,53	-0,25	0,05	-0,16	0,01
5427	-0,03	0,31	0,18	-0,55	-0,26	0,06	-0,16	-0,02
5428	-0,03	0,33	0,19	-0,52	-0,35	0,06	-0,17	-0,02
5429	-0,02	0,32	0,20	-0,52	-0,37	0,05	-0,15	-0,02
5430	-0,03	0,33	0,18	-0,55	-0,37	0,05	-0,16	-0,01
5431	-0,02	0,32	0,22	-0,51	-0,35	0,06	-0,16	-0,01
5432	-0,03	0,29	0,20	-0,55	-0,35	0,05	-0,15	0,01
5433	-0,05	0,33	0,19	-0,66	-0,35	0,02	-0,17	0,01
5434	-0,01	0,35	0,20	-0,64	-0,37	0,03	-0,17	-0,04
5435	-0,03	0,31	0,22	-0,64	-0,35	0,03	-0,15	-0,02
5436	-0,03	0,31	0,06	-0,51	-0,35	0,05	-0,17	-0,02
5437	-0,02	0,20	0,09	-0,53	-0,37	0,05	-0,17	-0,04
5438	-0,03	0,21	0,10	-0,51	-0,37	0,05	-0,17	0,01
5439	-0,04	0,21	0,06	-0,64	-0,37	0,05	-0,16	-0,02
5440	-0,04	0,20	0,09	-0,64	-0,35	0,06	-0,15	-0,01
5441	-0,04	0,20	0,19	-0,67	-0,35	0,02	-0,16	0,01
5442	-0,04	0,21	0,18	-0,63	-0,38	0,03	-0,17	-0,01
5443	-0,01	0,23	0,19	-0,55	-0,35	0,05	-0,15	-0,06
5444	-0,03	0,20	0,07	-0,52	-0,37	0,02	-0,16	0,01
5445	-0,02	0,23	0,09	-0,53	-0,39	0,05	-0,19	-0,04
5446	-0,03	0,20	0,06	-0,62	-0,38	0,06	-0,24	-0,01
5447	-0,02	0,24	0,09	-0,63	-0,35	0,05	-0,24	0,01
5448	-0,03	0,21	0,09	-0,63	-0,35	0,03	-0,26	-0,02
5449	-0,02	0,23	0,10	-0,60	-0,33	0,06	-0,15	-0,01	#* subPhe 
5450	-0,02	0,21	0,10	-0,64	-0,35	0,05	-0,28	-0,01
5451	-0,01	0,20	0,11	-0,77	-0,38	0,03	-0,16	0,03
5452	-0,03	0,23	0,10	-0,76	-0,35	0,06	-0,26	0,01
5453	-0,03	0,21	0,10	-0,76	-0,37	0,03	-0,24	-0,01
5454	-0,04	0,20	0,06	-0,74	-0,34	0,06	-0,26	0,01
5455	-0,03	0,21	0,09	-0,76	-0,35	0,05	-0,27	-0,04
5456	-0,04	0,23	0,09	-0,64	-0,37	0,03	-0,26	-0,01
5457	-0,02	0,23	-0,03	-0,76	-0,35	0,01	-0,28	-0,02
5458	0,01	0,19	0,01	-0,73	-0,38	0,03	-0,26	0,01
5459	-0,03	0,21	-0,01	-0,78	-0,35	0,06	-0,26	0,01
5460	-0,03	0,21	-0,02	-0,76	-0,35	0,06	-0,13	-0,01
5461	-0,02	0,21	-0,02	-0,71	-0,34	0,06	-0,23	-0,01
5462	-0,04	0,23	-0,01	-0,74	-0,35	0,06	-0,26	-0,01
5463	-0,03	0,21	0,02	-0,73	-0,34	0,06	-0,26	-0,04
5464	-0,04	0,20	0,01	-0,85	-0,35	0,06	-0,26	0,03
5465	-0,03	0,24	0,01	-0,85	-0,37	0,05	-0,26	-0,02
5466	0,01	0,15	0,03	-0,84	-0,34	0,03	-0,27	-0,01
5467	0,07	0,23	-0,02	-0,82	-0,35	0,05	-0,26	0,01
5468	0,64	0,21	0,09	-0,87	-0,38	0,02	-0,26	-0,02
5469	1,03	0,21	0,26	-0,85	-0,44	0,06	-0,16	0,03
5470	1,12	0,23	0,46	-0,76	-0,47	0,05	-0,15	0,01
5471	1,02	0,21	0,80	-0,76	-0,46	0,05	-0,17	-0,01
5472	1,03	0,32	1,00	-0,74	-0,44	0,07	-0,15	0,01
5473	1,03	0,62	1,07	-0,52	-0,47	0,05	-0,17	0,01
5474	1,03	1,16	1,19	-0,30	-0,48	0,06	-0,19	-0,02
5475	1,13	1,57	1,30	-0,29	-0,46	0,06	-0,26	-0,02
5476	1,21	2,08	1,28	-0,19	-0,44	0,06	-0,15	-0,02
5477	1,42	2,52	1,30	-0,17	-0,46	0,05	-0,26	-0,01
5478	1,49	2,91	1,27	-0,16	-0,34	0,06	-0,27	-0,02
5479	1,59	3,44	1,28	-0,19	-0,28	0,11	-0,26	-0,01
5480	1,68	3,76	1,31	-0,13	-0,11	0,32	-0,27	0,01
5481	1,79	3,96	1,28	-0,13	0,41	0,63	-0,24	-0,01
5482	1,87	4,17	1,17	0,01	0,85	0,83	-0,27	-0,01
5483	2,16	4,15	1,19	0,31	1,13	0,95	-0,24	0,03
5484	2,25	4,25	1,18	0,60	1,32	0,95	-0,27	-0,01
5485	2,43	4,36	1,19	0,84	1,45	0,95	-0,24	-0,02
5486	2,52	4,46	1,10	0,97	1,41	0,83	-0,26	0,21
5487	2,65	4,60	1,07	1,07	1,52	0,84	-0,26	1,25
5488	2,74	4,56	1,07	1,08	1,56	0,71	-0,16	2,03
5489	2,75	4,79	1,07	1,07	1,53	0,74	0,25	2,42
5490	2,81	4,67	0,98	1,07	1,45	0,70	1,20	2,84
5491	2,91	4,77	0,97	1,08	1,44	0,65	1,84	3,19
5492	3,03	4,79	0,97	0,95	1,34	0,63	2,29	3,32
5493	3,04	4,89	0,98	0,82	1,34	0,65	2,58	3,46
5494	3,22	4,77	0,97	0,75	1,25	0,65	2,69	3,46
5495	3,22	4,88	0,98	0,72	1,16	0,61	2,81	3,45
5496	3,41	4,89	0,87	0,74	1,10	0,62	2,83	3,32
5497	3,41	4,90	0,87	0,63	1,04	0,61	2,79	3,33
5498	3,41	4,86	0,88	0,66	0,92	0,63	2,80	3,17
5499	3,49	4,96	0,87	0,53	0,92	0,61	2,69	3,06
5500	3,50	5,01	0,88	0,63	0,78	0,63	2,68	2,91
5501	3,59	5,09	0,89	0,64	0,82	0,60	2,70	2,68
5502	3,59	4,98	0,88	0,72	0,82	0,65	2,58	2,57
5503	3,67	4,86	0,78	0,71	0,74	0,63	2,47	2,42
5504	3,69	4,90	0,78	0,75	0,73	0,63	2,38	2,42
5505	3,59	5,10	0,76	0,78	0,72	0,65	2,36	2,31
5506	3,87	4,97	0,75	0,64	0,71	0,63	2,27	2,24
5507	3,87	5,17	0,76	0,66	0,74	0,65	2,16	2,27
5508	3,87	5,08	0,79	0,64	0,72	0,62	2,02	2,29
5509	3,76	5,08	0,74	0,63	0,71	0,63	2,03	2,31
5510	3,97	4,96	0,79	0,55	0,83	0,60	1,92	2,31
5511	3,86	5,27	0,78	0,52	0,82	0,62	1,83	2,31
5512	3,88	5,27	0,76	0,49	0,73	0,63	1,83	2,42
5513	3,87	5,40	0,78	0,42	0,71	0,63	1,72	2,40
5514	4,06	5,38	0,78	0,41	0,72	0,63	1,72	2,44
5515	3,97	5,29	0,78	0,42	0,72	0,62	1,59	2,42
5516	3,95	5,17	0,75	0,42	0,74	0,61	1,53	2,40
5517	4,15	5,30	0,75	0,42	0,73	0,63	1,50	2,42
5518	4,13	5,51	0,78	0,43	0,72	0,65	1,51	2,53
5519	4,17	5,38	0,76	0,31	0,63	0,62	1,51	2,55
5520	4,06	5,38	0,78	0,41	0,63	0,61	1,42	2,55
5521	4,27	5,30	0,72	0,30	0,61	0,62	1,40	2,68
5522	4,17	5,22	0,79	0,42	0,63	0,65	1,40	2,68
5523	4,16	5,27	0,79	0,43	0,61	0,63	1,39	2,68
5524	4,17	5,21	0,67	0,43	0,63	0,62	1,39	2,79
5525	4,27	5,15	0,68	0,30	0,64	0,62	1,43	2,79
5526	4,13	5,27	0,67	0,31	0,61	0,63	1,42	2,94
5527	4,06	5,19	0,66	0,34	0,63	0,63	1,42	2,92
5528	4,17	5,27	0,65	0,34	0,64	0,63	1,40	2,92
5529	4,15	5,17	0,66	0,32	0,61	0,62	1,42	2,92
5530	4,15	5,18	0,67	0,31	0,63	0,65	1,40	3,06
5531	4,06	5,19	0,68	0,31	0,63	0,62	1,42	3,06
5532	4,23	5,17	0,66	0,31	0,63	0,61	1,42	3,07
5533	4,16	5,08	0,67	0,31	0,63	0,63	1,42	3,07
5534	4,25	5,08	0,68	0,31	0,63	0,62	1,42	3,07
5535	4,15	5,19	0,65	0,19	0,63	0,63	1,43	3,06
5536	4,34	5,19	0,66	0,30	0,61	0,62	1,40	3,19
5537	4,23	5,17	0,65	0,20	0,63	0,63	1,28	3,20
5538	4,34	5,17	0,66	0,20	0,61	0,63	1,31	3,17
5539	4,23	5,17	0,55	0,21	0,60	0,62	1,40	3,17
5540	4,44	5,18	0,65	0,19	0,61	0,63	1,36	3,19
5541	4,44	5,29	0,67	0,16	0,61	0,65	1,39	3,20
5542	4,43	5,29	0,57	0,19	0,73	0,62	1,40	3,15
5543	4,44	5,30	0,58	0,21	0,83	0,63	1,40	3,19
5544	4,72	5,58	0,57	0,19	0,85	0,63	1,40	3,19
5545	4,64	5,50	0,68	0,17	0,71	0,62	1,39	3,17
5546	4,53	5,50	0,67	0,20	0,74	0,63	1,40	3,20
5547	4,66	5,39	0,66	0,07	0,72	0,61	1,42	3,19
5548	4,75	5,39	0,66	0,20	0,72	0,63	1,40	3,17
5549	4,64	5,39	0,67	0,07	0,82	0,63	1,32	3,32
5550	4,54	5,40	0,67	0,09	0,81	0,62	1,40	3,32
5551	4,62	5,40	0,65	0,20	0,83	0,52	1,39	3,30
5552	4,54	5,29	0,68	0,20	0,83	0,54	1,40	3,32
5553	4,53	5,40	0,68	0,12	0,83	0,52	1,42	3,30
5554	4,45	5,37	0,66	0,10	0,80	0,52	1,42	3,33
5555	4,54	5,38	0,66	0,10	0,72	0,53	1,37	3,28
5556	4,71	5,42	0,57	0,10	0,74	0,50	1,53	3,32
5557	4,64	5,40	0,57	0,09	0,74	0,53	1,53	3,33
5558	4,62	5,39	0,55	0,10	0,71	0,52	1,51	3,32
5559	4,64	5,38	0,55	-0,01	0,65	0,50	1,51	3,28
5560	4,83	5,40	0,58	-0,02	0,64	0,52	1,51	3,45
5561	4,73	5,58	0,54	-0,05	0,73	0,54	1,53	3,46
5562	4,64	5,63	0,57	-0,04	0,63	0,52	1,50	3,43
5563	4,62	5,71	0,66	-0,01	0,64	0,54	1,51	3,43
5564	4,82	5,91	0,67	0,10	0,61	0,54	1,51	3,46
5565	4,75	5,83	0,66	0,10	0,63	0,50	1,51	3,41
5566	4,71	5,71	0,67	0,07	0,64	0,53	1,51	3,59
5567	4,64	5,59	0,67	0,09	0,64	0,56	1,55	3,45
5568	4,94	5,71	0,66	-0,04	0,63	0,54	1,54	3,56
5569	4,84	5,72	0,65	-0,02	0,63	0,54	1,63	3,58
5570	4,81	5,72	0,67	-0,01	0,72	0,50	1,61	3,58
5571	4,73	5,71	0,66	-0,15	0,73	0,54	1,62	3,58
5572	4,83	5,56	0,68	-0,12	0,61	0,54	1,73	3,72
5573	4,73	5,71	0,67	-0,12	0,63	0,54	1,63	3,71
5574	4,73	5,62	0,70	-0,15	0,61	0,52	1,62	3,66
5575	4,66	5,62	0,70	-0,01	1,31	0,54	1,63	3,71
5576	4,72	5,50	0,70	0,07	1,94	0,52	1,61	3,66
5577	4,64	5,50	0,70	0,19	1,84	0,54	1,63	3,92
5578	4,55	5,48	0,76	0,28	1,72	0,52	1,61	3,80
5579	4,44	5,50	0,79	0,53	1,74	0,63	1,53	4,98
5580	4,52	5,50	0,79	0,55	1,54	0,63	1,53	5,09
5581	4,45	5,50	0,87	1,04	2,36	0,63	1,53	5,38
5582	4,55	5,50	0,98	1,50	2,45	0,63	1,50	5,74
5583	4,83	5,51	0,98	1,29	2,23	0,62	1,53	5,87
5584	4,83	5,50	1,06	1,82	2,27	0,74	1,51	6,13
5585	4,73	5,39	1,09	1,82	2,12	0,74	1,50	6,00
5586	4,65	5,39	1,18	1,49	2,05	0,94	1,48	6,23
5587	4,82	5,50	1,18	1,50	2,74	0,94	1,50	6,25
5588	4,75	5,50	1,19	1,28	2,65	1,14	1,47	6,62
5589	4,86	5,40	1,28	1,18	2,46	1,43	1,51	6,48
5590	4,73	5,50	1,28	1,18	2,23	1,31	1,50	6,52
5591	4,65	5,50	1,28	1,18	2,01	1,45	1,51	6,34
5592	4,53	5,48	1,46	1,18	2,46	1,58	1,51	6,25
5593	4,66	5,52	1,36	1,15	2,95	1,45	1,48	6,21
5594	4,65	5,39	1,37	1,06	2,64	1,88	2,57	6,13
5595	4,64	5,40	1,37	1,07	2,55	1,76	2,80	6,13
5596	4,84	5,39	1,31	1,07	2,34	1,66	3,46	6,02
5597	4,75	5,40	1,27	1,18	2,23	1,76	3,64	5,99
5598	4,64	5,52	1,26	1,20	2,28	1,64	3,86	5,87
5599	4,54	5,50	1,37	1,04	2,34	1,97	4,19	5,99
5600	5,04	5,60	1,39	1,07	2,34	1,97	3,97	5,87
5601	4,99	5,71	1,27	1,18	2,86	1,97	4,42	5,82
5602	4,93	5,62	1,27	1,15	3,14	2,05	4,19	5,84
5603	4,83	5,72	1,31	1,06	2,95	1,97	4,60	5,84
5604	4,73	5,59	1,28	0,96	3,05	2,28	4,46	5,86
5605	4,73	5,60	1,27	0,96	3,35	2,27	4,68	5,74
5606	4,64	5,63	1,30	0,85	3,04	2,19	4,72	5,73
5607	4,64	5,50	1,30	0,97	2,98	2,05	4,82	5,74
5608	4,54	5,50	1,27	0,93	2,85	2,06	4,80	5,73
5609	4,53	5,51	1,28	0,85	2,65	2,39	4,93	5,74
5610	4,54	5,50	1,28	0,95	2,56	2,26	4,93	5,58
5611	4,54	5,51	1,28	0,97	2,45	2,27	5,02	5,58
5612	4,44	5,50	1,28	0,95	2,46	2,47	5,04	5,60
5613	4,52	5,50	1,27	0,95	2,43	2,37	5,13	5,63
5614	4,44	6,02	1,27	0,96	2,34	2,49	5,02	5,63
5615	4,54	6,10	1,27	0,99	2,34	2,39	4,95	5,60
5616	4,55	6,02	1,28	0,82	2,34	2,39	4,82	5,64
5617	4,54	5,92	1,39	0,96	2,34	2,36	4,79	5,61
5618	4,54	5,81	1,28	0,95	2,34	2,26	4,71	5,48
5619	4,43	6,02	1,30	0,97	2,34	2,53	4,62	5,48
5620	4,44	5,91	1,31	0,85	2,37	2,58	4,50	5,50
5621	4,34	5,92	1,19	0,85	2,34	2,48	4,62	5,47
5622	4,45	5,92	1,19	1,03	2,52	2,48	4,47	5,48
5623	4,36	5,89	1,18	1,07	3,27	2,37	5,05	5,47
5624	4,33	5,94	1,17	0,96	3,17	2,51	5,04	5,48
5625	4,33	5,80	1,17	1,75	2,96	2,47	4,94	5,47
5626	4,36	5,80	1,30	2,15	2,79	2,47	4,82	5,37
5627	4,26	5,84	1,28	1,73	2,52	2,48	4,75	5,47
5628	4,26	5,83	1,30	1,72	2,43	2,36	4,68	5,35
5629	4,27	5,71	1,28	1,82	2,46	2,49	4,62	5,34
5630	4,25	5,71	1,36	1,58	2,56	2,47	4,69	5,35
5631	4,27	5,71	1,37	2,36	2,43	2,49	4,61	5,34
5632	4,26	5,73	1,39	2,72	3,16	2,90	4,60	5,37
5633	4,26	5,72	1,58	2,37	3,56	2,68	4,60	5,37
5634	4,26	5,81	2,21	2,26	3,28	2,77	4,60	5,47
5635	4,27	5,81	2,10	2,07	3,14	2,91	4,61	5,34
5636	4,25	5,73	1,87	1,94	3,05	2,69	4,49	5,48
5637	4,26	5,81	1,91	2,14	2,87	2,69	4,71	5,35
5638	4,23	5,81	1,80	1,96	3,17	2,57	4,61	5,34
5639	4,26	5,83	1,78	1,82	3,66	2,60	4,60	5,37
5640	4,25	5,84	2,41	1,79	3,47	2,58	4,60	5,32
5641	4,16	5,81	2,41	1,73	3,26	2,58	4,46	5,35
5642	4,16	5,83	2,21	1,71	3,14	2,60	4,71	5,34
5643	4,16	5,81	2,39	1,72	3,07	2,60	4,58	5,32
5644	4,15	5,81	2,53	1,75	2,96	2,68	4,72	5,35
5645	4,17	5,84	2,30	1,72	2,98	3,00	4,69	5,35
5646	4,15	5,83	2,23	1,72	2,86	2,91	4,64	5,34
5647	4,15	5,83	2,11	1,72	2,77	2,90	4,60	5,35
5648	4,25	5,81	2,10	1,80	2,77	2,87	4,51	5,35
5649	4,16	5,83	1,98	1,69	2,72	2,77	4,49	5,37
5650	4,26	5,83	1,97	1,69	2,65	3,09	4,40	5,32
5651	4,82	5,83	1,98	1,72	2,74	3,09	4,38	5,38
5652	4,92	5,81	2,00	1,69	2,74	2,90	4,40	5,37
5653	4,83	5,83	2,00	1,62	2,64	2,90	4,40	5,37
5654	4,64	5,80	2,00	1,60	2,65	2,79	4,51	5,37
5655	5,03	5,83	2,00	1,60	2,76	2,77	4,39	5,37
5656	5,09	5,80	2,00	1,60	2,63	2,68	4,40	5,34
5657	5,04	5,81	1,91	1,60	2,74	2,69	4,40	5,35
5658	4,93	5,81	2,00	1,73	2,74	2,68	4,39	5,35
5659	4,93	5,93	2,00	1,82	2,73	2,70	4,39	5,37
5660	4,93	5,91	1,87	1,72	2,65	2,68	4,38	5,38
5661	4,84	5,93	1,87	1,73	2,72	2,72	4,36	5,37
5662	4,78	5,93	1,88	1,69	2,76	2,60	4,38	5,34
5663	4,75	5,83	1,91	1,69	2,63	2,65	4,40	5,37
5664	4,75	5,83	1,88	1,61	2,67	2,65	4,40	5,22
5665	4,61	5,84	1,89	1,82	2,76	2,69	4,39	5,32
5666	4,75	5,80	1,88	1,72	2,76	3,08	4,39	5,20
5667	4,73	5,80	1,80	1,60	2,64	2,99	4,39	5,35
5668	4,76	5,81	1,79	1,61	2,65	2,89	4,40	5,19
5669	4,72	5,83	1,80	1,62	2,65	2,87	4,28	5,22
5670	4,73	5,71	1,84	1,61	2,54	2,79	4,28	5,22
5671	4,65	5,81	1,87	2,18	2,55	2,96	4,28	5,22
5672	4,73	5,75	1,89	2,81	2,65	3,29	4,27	5,34
5673	4,73	5,80	1,89	2,56	2,55	3,11	4,31	5,25
5674	4,75	5,84	1,91	2,26	2,54	2,96	4,21	5,35
5675	4,84	5,73	1,89	2,15	2,55	2,98	4,19	5,20
5676	4,83	5,68	1,83	1,93	2,58	2,89	4,19	5,37
5677	4,82	5,72	1,82	1,80	2,43	2,87	4,19	5,20
5678	4,86	5,72	1,82	1,86	2,45	2,90	4,19	5,20
5679	4,73	5,72	1,79	1,71	2,46	2,90	4,21	5,37
5680	4,83	5,71	1,80	1,72	2,34	2,90	4,19	5,22
5681	4,73	5,71	1,82	1,73	2,25	2,78	4,21	5,35
5682	4,73	5,72	1,80	1,62	2,25	2,87	4,19	5,34
5683	4,73	5,71	1,82	1,60	2,23	2,81	4,32	5,35
5684	4,75	5,72	1,79	1,73	2,25	2,79	4,34	5,38
5685	4,66	5,71	1,82	1,72	2,14	2,79	4,17	5,35
5686	4,66	5,72	1,82	1,71	2,12	2,79	4,29	5,35
5687	4,55	5,69	1,79	1,71	2,18	2,78	4,31	5,37
5688	4,54	5,71	1,79	1,72	2,14	2,78	4,19	5,45
5689	4,55	5,72	1,79	1,72	2,15	2,69	4,28	5,47
5690	4,55	5,59	1,80	1,73	2,14	2,78	4,16	5,60
5691	4,54	5,60	1,79	1,68	2,15	2,65	4,19	5,50
5692	4,54	5,60	1,76	1,73	2,15	2,69	4,16	5,73
5693	4,93	5,73	1,82	1,75	2,14	2,89	4,09	5,60
5694	5,23	5,71	1,80	1,62	2,14	3,20	4,27	5,99
5695	5,12	5,60	1,82	1,47	2,18	3,11	5,13	7,16
5696	5,03	5,69	1,79	1,50	2,05	2,98	5,04	6,77
5697	4,91	5,69	1,79	1,62	2,15	2,98	4,82	6,67
5698	4,92	5,91	1,89	1,61	2,18	2,90	4,62	6,41
5699	4,86	6,25	1,80	1,61	2,03	3,16	4,50	7,68
5700	4,93	6,10	1,82	1,49	2,02	3,41	4,51	7,40
5701	5,12	6,04	1,82	1,53	2,05	3,29	4,39	7,50	#* Ach0,001 
5702	5,01	5,92	1,78	1,39	2,03	3,20	4,28	7,40
5703	4,94	5,91	1,79	1,28	2,06	3,09	4,72	8,04
5704	4,93	5,93	1,82	1,40	2,03	3,00	5,25	8,02
5705	4,92	5,92	1,80	1,50	2,06	3,41	5,01	7,79
5706	4,83	5,83	1,80	1,40	2,03	3,30	4,93	7,39
5707	4,83	5,80	1,69	1,40	2,03	3,20	4,79	7,42
5708	4,72	5,79	1,69	1,51	2,03	3,50	4,83	7,29
5709	4,70	5,80	1,80	1,47	2,16	3,50	5,57	7,16
5710	4,71	5,83	1,69	1,36	2,05	3,42	5,34	7,05
5711	4,73	5,80	1,70	1,51	2,03	3,50	5,57	7,03
5712	4,75	5,83	1,78	1,62	2,24	3,42	5,79	6,90
5713	4,66	5,83	1,79	1,40	3,26	3,30	5,56	6,93
5714	4,73	5,80	1,69	1,40	3,47	3,26	6,08	6,88
5715	4,65	5,83	1,79	1,38	3,16	3,17	5,71	6,88
5716	4,64	5,83	1,80	1,43	2,98	3,20	5,57	6,77
5717	4,65	5,80	1,82	1,39	2,73	3,20	5,36	6,77
5718	4,65	5,80	1,79	1,40	2,56	3,08	5,98	6,77
5719	4,64	5,84	1,80	1,40	2,47	3,08	5,98	6,80
5720	4,64	5,81	1,79	1,39	2,37	2,99	5,89	6,78
5721	4,58	5,85	1,79	1,43	2,38	3,00	6,17	6,65
5722	4,64	5,80	1,82	1,39	2,25	3,00	5,89	6,62
5723	4,54	5,81	1,78	1,38	2,25	2,98	6,28	6,65
5724	4,54	5,81	1,80	1,42	2,25	3,07	5,98	6,52
5725	4,53	5,81	1,80	1,40	2,15	3,00	5,84	6,52
5726	4,55	5,80	1,78	1,43	2,12	2,99	5,64	6,56
5727	4,44	5,80	1,79	1,53	2,15	3,00	5,67	6,51
5728	4,44	5,83	1,80	1,51	2,15	3,00	5,71	6,54
5729	4,45	5,85	1,79	1,38	2,12	2,98	5,57	6,51
5730	4,45	5,81	1,78	1,28	2,38	3,00	5,46	6,39
5731	4,44	5,80	1,80	1,28	2,34	2,91	5,47	6,38
5732	4,47	5,80	1,83	1,26	2,33	2,89	5,45	6,38
5733	4,47	5,80	1,87	1,42	2,36	2,89	5,46	6,36
5734	4,47	5,80	1,89	1,38	2,33	2,87	5,45	6,34
5735	4,54	5,83	1,89	1,42	2,23	2,90	5,36	6,39
5736	4,53	5,81	1,89	1,38	2,24	2,87	5,34	6,39
5737	4,54	5,80	1,91	1,36	2,33	2,89	5,36	6,39
5738	4,54	5,71	1,88	1,38	2,30	2,90	5,21	6,26	#* Ach0,01 
5739	5,12	5,72	1,87	1,39	2,33	2,87	5,23	6,25
5740	5,23	5,72	1,88	1,38	2,38	2,79	5,25	6,26
5741	5,01	5,72	1,98	1,39	2,34	2,79	5,24	6,13
5742	4,92	5,69	1,89	1,38	2,37	2,90	5,27	6,15
5743	5,01	5,71	1,93	1,40	2,37	2,77	5,28	6,13
5744	5,31	5,69	1,87	1,40	2,34	2,77	5,14	6,12
5745	5,14	5,68	1,91	1,39	2,32	2,75	5,16	6,13
5746	5,21	5,73	1,80	1,40	2,34	2,78	5,13	6,13
5747	5,11	5,72	1,89	1,38	2,24	2,77	5,04	5,95
5748	5,12	5,72	1,89	1,38	2,24	2,77	5,04	5,99
5749	5,03	5,81	1,79	1,40	2,25	2,79	5,04	6,00
5750	4,93	5,72	1,80	1,29	2,14	2,75	5,04	6,00
5751	4,93	5,69	1,91	1,31	2,27	2,78	5,04	6,00
5752	4,93	5,72	1,79	1,43	2,47	2,79	5,04	6,02
5753	4,94	5,68	1,79	1,26	2,63	2,66	4,93	6,00
5754	4,93	5,71	1,88	1,29	2,55	2,77	4,91	6,00
5755	5,42	5,68	2,52	1,28	2,45	2,68	4,93	5,99
5756	5,31	5,71	2,61	1,29	2,37	2,69	4,93	5,97
5757	5,21	5,73	2,40	1,28	2,24	2,78	4,93	6,02
5758	5,23	5,68	2,32	1,29	2,14	2,78	4,82	5,86
5759	5,22	5,59	2,19	1,40	2,15	2,69	4,80	5,86
5760	5,12	5,63	2,21	1,31	2,11	2,69	4,82	5,86
5761	5,12	5,62	2,10	1,31	2,14	2,68	4,82	5,89
5762	5,22	5,51	2,09	1,39	2,15	2,69	4,82	5,89
5763	5,11	5,42	1,98	1,29	2,14	2,68	4,71	5,91
5764	5,03	5,29	2,00	1,32	2,03	2,69	4,73	5,87
5765	4,92	5,06	2,01	1,31	2,05	2,56	4,73	5,84
5766	5,00	4,97	1,92	1,38	2,05	2,57	4,72	5,73
5767	4,93	4,80	1,80	1,38	2,03	2,60	4,62	5,74
5768	4,94	4,56	1,80	1,38	2,02	2,56	4,72	5,73
5769	5,01	4,47	1,78	1,42	2,14	2,47	4,73	5,74
5770	4,92	4,25	1,78	1,40	2,24	2,48	4,73	5,61
5771	4,92	4,15	1,70	1,28	2,34	2,47	4,60	5,61
5772	4,94	4,05	1,67	1,28	2,25	2,49	4,60	5,63
5773	4,93	3,93	1,70	1,29	2,14	2,47	4,50	5,60
5774	4,93	3,97	1,69	1,29	2,14	2,48	4,51	5,58
5775	4,94	3,85	1,67	1,28	2,15	2,48	4,40	5,50
5776	4,94	3,84	1,70	1,28	2,03	2,47	4,29	5,47
5777	4,94	3,74	1,70	1,26	2,05	2,47	4,19	5,47
5778	4,92	3,72	1,69	1,31	2,05	2,47	4,09	5,50
5779	4,78	3,73	1,69	1,40	1,94	2,43	3,94	5,45
5780	4,82	3,76	1,69	1,28	1,94	2,58	3,95	5,48
5781	4,84	3,72	1,71	1,28	2,05	2,47	3,95	5,50
5782	4,81	3,86	1,61	1,40	1,93	2,68	3,83	5,47
5783	4,72	3,84	1,58	1,31	1,93	3,20	3,83	5,47
5784	4,75	3,85	1,59	1,31	2,05	3,20	3,86	5,50
5785	4,75	3,96	1,70	1,31	2,05	2,98	3,86	5,48
5786	4,73	3,94	1,69	1,21	1,93	2,99	3,98	5,48
5787	4,75	3,98	1,61	1,31	1,96	2,89	3,99	5,48
5788	4,71	4,03	1,59	1,26	1,93	3,20	3,98	5,50
5789	4,73	4,05	1,69	1,38	1,92	3,50	4,08	5,47
5790	4,72	4,14	1,71	1,38	1,84	3,32	3,95	5,48
5791	4,65	4,26	1,71	1,31	1,88	3,21	3,95	5,48	#* Ach0,1 
5792	4,72	4,23	1,70	1,28	1,83	3,20	3,83	5,48
5793	4,64	4,35	1,79	1,38	1,83	3,09	3,86	5,45
5794	4,65	4,34	1,79	1,40	1,85	3,32	3,86	5,50
5795	4,64	4,35	1,79	1,40	1,85	3,53	3,87	5,35
5796	4,66	4,47	1,79	1,53	1,74	3,42	3,88	5,38
5797	4,66	4,57	1,79	1,51	1,75	3,40	3,84	5,38
5798	4,53	4,57	1,79	1,49	1,83	3,54	3,88	5,32
5799	4,65	4,67	1,80	1,51	1,84	3,41	3,86	5,37
5800	4,64	4,68	1,80	1,50	1,72	3,63	3,86	5,32
5801	4,54	4,79	1,79	1,62	1,76	3,83	3,88	5,37
5802	4,55	4,79	1,79	1,60	1,83	3,62	3,87	5,34
5803	4,45	4,81	1,80	1,54	1,85	3,64	3,88	5,37
5804	4,44	4,86	1,80	1,50	1,75	3,51	3,88	5,38
5805	4,45	4,98	1,79	1,61	1,74	3,42	3,86	5,35
5806	4,48	4,88	1,80	1,50	1,76	3,41	3,99	5,37
5807	4,42	4,98	1,79	1,53	1,75	3,32	4,08	5,48
5808	4,47	4,96	1,80	1,49	1,74	3,30	3,99	5,45
5809	4,36	4,89	1,76	1,50	1,63	3,30	3,97	5,50
5810	4,42	4,88	1,80	1,51	1,63	3,21	4,08	5,35
5811	4,34	4,86	1,80	1,51	1,66	3,20	3,95	5,32
5812	4,37	4,79	1,79	1,50	1,65	3,20	3,94	5,37
5813	4,33	4,79	1,82	1,51	1,62	3,11	4,06	5,34
5814	4,33	4,59	1,79	1,51	1,66	3,08	4,06	5,35
5815	4,34	4,35	1,79	1,43	1,63	3,09	3,98	5,35
5816	4,34	4,15	1,80	1,39	1,66	3,09	3,99	5,35
5817	4,26	3,96	1,70	1,29	1,62	3,09	3,97	5,38
5818	4,36	3,76	1,67	1,28	1,65	3,07	3,98	5,35
5819	4,31	3,53	1,70	1,28	1,74	3,07	3,84	5,34
5820	4,34	3,34	1,69	1,40	1,74	3,09	3,73	5,24
5821	4,26	3,24	1,69	1,40	1,65	3,13	3,64	5,22
5822	4,23	3,03	1,59	1,31	1,63	2,99	3,54	5,22
5823	4,16	2,80	1,61	1,29	1,84	3,00	3,32	5,12
5824	4,25	2,82	1,58	1,42	1,84	3,00	3,10	5,12
5825	4,26	2,72	1,58	1,42	1,84	2,99	2,91	4,99
5826	4,25	2,61	1,52	1,39	1,85	3,00	2,79	4,85
5827	4,25	2,52	1,49	1,51	1,84	2,99	2,57	4,72
5828	4,26	2,37	1,46	1,49	1,85	2,89	2,48	4,68
5829	4,26	2,40	1,50	1,51	1,84	2,89	2,36	4,57
5830	4,15	2,30	1,49	1,53	1,85	2,90	2,35	4,57
5831	4,26	2,19	1,48	1,51	1,75	2,91	2,27	4,59
5832	4,15	2,18	1,48	1,51	1,75	2,87	2,25	4,52
5833	4,16	2,16	1,46	1,50	1,74	2,79	2,24	4,46
5834	4,16	2,11	1,37	1,53	1,74	2,77	2,14	4,44
5835	4,08	2,12	1,39	1,50	1,74	2,78	2,16	4,57
5836	4,05	1,98	1,37	1,53	1,75	2,79	2,14	4,47
5837	3,95	1,95	1,39	1,40	1,63	2,79	2,05	4,62
5838	3,98	1,95	1,36	1,38	1,62	2,78	2,05	4,60	#* Ach1 
5839	3,98	1,95	1,37	1,40	1,63	2,68	2,03	4,59
5840	3,89	1,97	1,37	1,42	1,63	2,70	2,05	4,57
5841	3,87	1,86	1,39	1,42	1,53	2,70	2,06	4,60
5842	3,87	1,85	1,39	1,39	1,53	2,68	2,05	4,57
5843	3,77	1,87	1,36	1,40	1,50	2,66	2,03	4,59
5844	3,78	1,87	1,40	1,40	1,63	2,69	2,05	4,62
5845	3,78	1,87	1,37	1,40	2,55	2,70	2,05	4,57
5846	3,67	1,90	1,39	1,38	3,16	2,69	2,02	4,60
5847	3,69	1,87	1,37	1,40	2,85	2,68	2,05	4,41
5848	3,69	1,87	1,37	1,49	2,65	2,57	2,06	4,60
5849	3,59	1,87	1,37	1,50	2,45	2,57	2,03	4,60
5850	3,48	1,89	1,50	1,40	2,24	2,57	2,17	4,60
5851	3,38	1,86	1,49	1,39	2,34	2,57	2,14	4,44
5852	3,42	1,87	1,39	1,53	3,36	2,61	2,16	4,60
5853	3,39	1,87	1,48	1,49	3,47	2,56	2,14	4,55
5854	3,39	1,87	1,48	1,62	3,18	2,57	2,16	4,57
5855	3,32	2,01	1,58	1,61	2,98	2,57	2,14	4,60
5856	3,30	1,95	1,49	1,49	2,76	2,60	2,16	4,60
5857	3,21	1,86	1,48	1,40	2,73	2,44	2,13	4,57
5858	3,22	1,85	1,57	1,50	2,65	2,47	2,17	4,47
5859	3,13	1,89	1,46	1,51	2,67	2,48	2,16	4,46
5860	3,10	1,83	1,56	1,50	2,54	2,48	2,27	4,44
5861	3,00	1,74	1,61	1,51	2,55	2,47	2,24	4,47
5862	3,03	1,77	1,58	1,50	2,56	2,47	2,27	4,46
5863	2,92	1,77	1,58	1,38	2,55	2,45	2,24	4,44
5864	2,82	1,76	1,57	1,42	2,54	2,45	2,14	4,46
5865	2,82	1,77	1,59	1,49	2,56	2,51	2,24	4,57
5866	2,74	1,77	1,56	1,50	2,54	2,47	2,24	4,59
5867	2,74	1,78	1,61	1,49	2,56	2,48	2,27	4,44
5868	2,74	1,74	1,69	1,61	2,46	2,48	2,27	4,42
5869	2,71	1,77	1,67	1,71	2,45	2,45	2,13	4,46
5870	2,63	1,78	1,71	1,82	2,45	2,48	2,16	4,41
5871	2,65	1,78	2,01	2,07	2,36	2,47	2,14	4,44
5872	2,53	1,66	2,62	1,91	2,37	2,48	2,16	4,31
5873	2,58	1,66	2,52	2,59	2,24	2,47	2,18	4,29
5874	2,46	1,65	2,40	3,42	2,16	2,47	2,03	4,18
5875	2,36	1,77	2,31	3,15	2,03	2,48	2,05	4,20
5876	2,36	1,77	2,21	3,55	2,07	2,48	2,07	4,10
5877	2,25	1,76	2,41	3,55	2,05	2,98	2,06	4,08
5878	2,26	1,76	2,92	3,45	2,03	3,29	1,95	3,95
5879	2,16	1,76	2,82	4,11	2,07	3,20	1,95	3,90
5880	2,15	1,74	2,61	3,77	1,96	3,20	1,95	3,82
5881	2,18	1,76	2,50	3,78	1,97	3,09	1,92	3,82
5882	2,05	1,76	2,39	3,53	1,84	2,99	1,83	3,71
5883	2,07	1,65	2,41	3,45	1,87	3,60	1,83	3,71
5884	2,09	1,73	2,31	3,96	1,83	3,58	1,81	3,58
5885	2,00	1,66	2,28	3,98	1,84	3,42	1,84	3,58
5886	1,96	1,65	2,28	4,20	1,84	3,80	1,80	3,58
5887	1,90	1,68	2,31	4,83	1,85	3,72	1,85	3,41
5888	1,86	1,69	2,32	4,53	1,84	3,60	1,84	3,46
5889	1,79	1,68	2,71	4,42	1,85	4,02	1,81	3,46
5890	1,79	1,69	3,13	4,21	1,87	3,92	1,85	3,43
5891	1,68	1,65	3,01	4,00	1,87	3,83	1,83	3,49
5892	1,65	1,68	2,93	4,40	1,83	4,04	1,85	3,46
5893	1,70	1,62	2,90	4,61	1,84	3,93	1,85	3,45	#* Ach10 
5894	1,59	1,66	2,69	4,32	1,87	3,92	1,83	3,43
5895	1,48	1,65	2,70	4,82	1,84	4,02	1,83	3,45
5896	1,52	1,65	2,82	5,06	1,74	3,92	1,84	3,32
5897	1,51	1,69	2,73	4,74	1,74	3,93	1,79	3,45
5898	1,52	1,66	2,58	4,61	1,75	3,80	1,81	3,45
5899	1,51	1,66	2,58	4,40	1,74	3,72	1,83	3,32
5900	1,41	1,77	2,60	4,32	1,84	3,72	1,81	3,30
5901	1,41	1,64	2,61	4,34	1,93	3,60	1,85	3,33
5902	1,42	1,66	2,61	4,20	2,05	3,59	1,83	3,32
5903	1,33	1,68	2,50	4,09	2,03	3,70	1,85	3,32
5904	1,21	1,66	2,52	4,40	1,94	3,62	1,81	3,30
5905	1,21	1,68	2,49	4,40	2,55	3,58	1,83	3,32
5906	1,21	1,65	2,49	4,29	3,58	4,13	1,85	3,32
5907	1,19	1,62	2,49	5,04	3,66	4,09	1,83	3,33
5908	1,23	1,64	2,49	5,40	3,40	4,01	1,73	3,30
5909	1,21	1,68	2,52	5,08	3,27	4,05	1,77	3,33
5910	1,20	1,78	2,52	4,96	3,09	3,89	1,72	3,30
5911	1,19	1,76	2,91	4,72	2,87	3,81	1,73	3,32
5912	1,20	1,76	3,55	4,61	2,68	4,12	1,81	3,33
5913	1,21	1,78	3,44	4,72	2,59	4,23	1,85	3,45
5914	1,19	1,72	3,22	4,75	2,46	4,12	1,70	3,46
5915	1,24	1,77	3,22	4,63	2,34	4,25	1,84	3,33
5916	1,10	1,74	3,04	5,26	2,36	4,22	1,83	3,43
5917	1,12	1,76	3,01	5,84	2,27	4,12	1,88	3,43
5918	1,12	1,77	3,16	5,51	2,24	4,21	1,81	3,45
5919	1,09	1,77	3,01	5,40	2,27	4,13	1,84	3,46
5920	1,12	1,79	3,00	5,51	2,34	4,01	1,83	3,45
5921	1,13	1,74	3,32	5,17	2,36	4,12	1,85	3,46
5922	1,14	1,77	3,65	5,51	2,37	4,02	1,84	3,45
5923	1,04	1,86	3,55	6,07	2,45	4,05	1,74	3,43
5924	1,03	1,89	3,44	5,72	2,46	4,05	1,84	3,46
5925	1,12	1,89	3,34	5,62	2,47	3,92	1,83	3,43
5926	1,01	1,86	3,22	5,40	2,38	4,02	1,83	3,46
5927	1,03	1,87	3,34	5,26	2,46	4,02	1,84	3,43
5928	1,04	1,87	3,61	6,08	2,37	4,01	1,83	3,43
5929	1,02	1,86	3,65	5,97	2,24	4,31	1,84	3,56
5930	1,03	1,85	3,55	5,83	2,25	4,44	1,85	3,59
5931	1,04	1,86	3,53	6,07	2,37	4,26	1,81	3,58
5932	1,04	2,08	3,44	5,72	2,25	4,64	1,83	3,56
5933	0,92	2,89	3,32	5,72	2,27	4,64	1,94	3,59
5934	1,03	3,32	3,31	5,51	2,25	4,44	1,83	3,59
5935	0,93	3,32	3,32	5,48	2,33	4,44	1,83	3,59
5936	0,93	3,13	3,22	5,50	2,36	4,35	1,91	3,54
5937	0,94	2,91	3,25	5,40	2,38	4,22	2,99	3,54
5938	0,93	2,73	3,23	5,41	2,47	4,23	3,84	3,59
5939	0,92	2,60	3,19	5,54	2,46	4,12	3,61	3,63
5940	0,93	2,39	3,23	5,25	2,36	4,13	3,46	3,58
5941	0,93	2,28	3,13	5,94	2,52	4,02	3,21	3,56
5942	0,93	2,20	3,12	6,47	3,70	4,01	3,02	3,46
5943	0,92	2,19	3,12	6,29	4,19	4,02	2,80	3,46
5944	0,96	2,16	3,12	6,07	3,89	4,02	2,68	3,45
5945	0,96	2,08	3,14	5,94	3,57	3,92	2,80	3,45
5946	0,93	2,08	3,12	5,59	3,37	3,91	2,70	3,43
5947	0,82	1,98	3,00	5,51	3,07	3,92	2,58	3,43
5948	0,82	1,97	3,03	5,40	2,83	3,92	2,50	3,30
5949	0,82	2,07	3,04	5,19	2,65	3,91	2,50	3,32
5950	0,82	2,07	3,05	5,08	2,56	3,93	2,48	3,33
5951	0,84	1,98	2,91	4,86	2,45	3,92	2,43	3,32
5952	0,79	1,97	3,04	4,74	2,50	4,04	2,68	3,33
5953	0,86	1,97	3,04	4,72	2,45	3,92	2,69	3,32
5954	0,82	1,99	2,90	4,64	2,48	3,89	2,58	3,32
5955	0,84	1,95	2,95	4,54	2,37	3,92	2,59	3,32
5956	0,81	1,98	3,01	4,53	2,46	3,92	2,58	3,32
5957	0,84	1,98	3,05	4,53	2,56	3,83	2,46	3,27
5958	0,82	1,98	2,92	4,53	2,45	3,91	2,44	3,17
5959	0,70	1,98	2,92	4,40	2,47	3,83	2,47	3,32	#* P3 
5960	0,85	2,01	2,93	4,45	2,59	3,83	2,47	3,17
5961	0,84	1,99	2,90	4,21	2,65	3,84	2,48	3,20
5962	0,74	1,98	2,82	4,23	2,58	3,84	2,43	3,19
5963	1,23	2,30	3,13	5,10	2,58	3,85	2,48	3,20
5964	0,76	2,15	3,04	4,40	2,65	3,81	2,47	3,20
5965	0,66	2,07	2,92	4,21	2,85	3,91	2,80	3,59
5966	0,65	1,98	2,82	4,02	2,67	4,05	2,61	4,08
5967	0,45	1,68	2,70	3,78	2,34	3,95	2,28	3,45
5968	0,46	1,69	2,75	3,78	2,27	3,81	2,06	3,30
5969	0,26	1,68	2,63	3,67	2,12	3,75	1,94	3,22
5970	-0,01	1,65	2,53	3,45	1,96	3,63	1,92	2,96
5971	0,15	1,56	2,39	3,23	1,98	3,51	1,83	2,79
5972	0,65	0,95	2,32	3,04	1,97	3,42	1,74	2,81
5973	0,99	0,95	2,18	2,83	1,75	3,21	1,61	2,79
5974	1,31	0,98	1,70	2,58	1,66	3,00	1,62	2,53
5975	1,52	0,86	1,80	2,51	1,66	2,82	1,51	2,47
5976	1,62	0,82	2,22	1,29	1,52	2,57	1,39	2,32
5977	1,49	0,85	2,61	1,75	1,49	2,48	1,31	2,19
5978	1,40	0,83	2,82	2,39	0,86	2,40	1,21	2,18
5979	1,31	0,83	2,92	3,01	1,14	1,77	1,09	2,05
5980	1,09	0,82	2,79	3,45	1,66	1,77	0,98	1,77
5981	1,02	0,83	2,80	3,55	2,27	2,06	0,87	1,65
5982	0,84	0,83	2,73	3,45	2,76	2,48	0,13	1,65
5983	0,73	0,83	2,70	3,45	3,08	2,92	0,22	1,31
5984	0,74	0,83	2,62	3,34	3,08	3,00	0,36	0,60
5985	0,66	0,83	2,61	3,23	3,00	2,98	0,22	0,63
5986	0,64	0,83	2,53	3,23	2,83	3,09	0,36	0,61
5987	0,63	0,83	2,48	3,15	2,64	3,09	0,36	0,65
5988	0,55	0,82	2,43	3,02	2,56	3,02	0,35	0,76
5989	0,54	0,85	2,31	2,79	2,38	2,98	0,37	0,99
5990	0,55	0,83	2,21	2,70	2,14	2,87	0,35	1,02
5991	0,55	0,86	2,21	2,62	1,83	2,87	0,43	0,99
5992	0,55	0,83	2,08	2,48	1,75	2,77	0,43	1,02
5993	0,54	0,91	1,97	2,25	1,56	2,68	0,46	1,00
5994	0,55	0,93	2,00	2,16	1,43	2,60	0,44	1,04
5995	0,92	1,25	2,30	3,04	1,32	2,45	0,55	1,00
5996	0,64	1,14	2,10	2,45	1,32	2,47	0,46	0,99
5997	0,54	1,14	2,01	2,26	1,31	2,27	0,66	1,10
5998	0,53	1,15	1,89	2,15	1,50	2,48	0,78	1,52
5999	0,54	0,95	1,89	1,93	1,36	2,58	0,76	1,95
6000	0,46	0,95	1,82	1,73	1,34	2,57	0,63	1,90
6001	0,55	0,95	1,69	1,72	1,23	2,28	0,68	1,23
6002	0,07	0,93	1,59	1,73	1,14	2,19	0,57	1,28
6003	0,06	0,65	1,58	1,71	1,01	2,06	0,57	1,25
6004	0,15	0,41	1,56	1,61	1,00	1,98	0,58	1,28
6005	0,15	0,52	1,58	1,58	1,01	1,97	0,54	1,28
6006	0,26	0,62	1,49	1,61	1,04	1,88	0,55	1,15
6007	0,16	0,62	1,46	1,06	0,92	1,84	0,54	1,15
6008	0,18	0,65	1,59	0,74	0,94	1,86	0,54	1,13
6009	0,16	0,75	1,61	0,86	0,24	1,84	0,47	1,18
6010	0,25	0,62	1,58	0,93	0,51	1,76	0,46	1,18
6011	0,26	0,71	1,58	0,96	0,52	1,07	0,43	1,17
6012	0,36	0,73	1,58	0,97	0,52	1,25	0,54	1,15
6013	0,35	0,85	1,67	0,97	0,52	1,25	0,22	1,13
6014	0,36	0,85	1,71	0,96	0,51	1,33	0,02	1,10
6015	0,35	0,83	1,71	0,95	0,63	1,25	0,13	0,50
6016	0,35	0,85	1,71	0,88	0,71	1,25	0,24	0,24
6017	0,36	0,83	1,70	0,86	0,82	1,46	0,25	0,37
6018	0,34	0,83	1,79	0,86	0,71	1,47	0,36	0,37
6019	0,38	0,95	1,80	0,88	0,73	1,45	0,33	0,37
6020	0,35	0,95	1,78	0,97	0,81	1,47	0,36	0,51
6021	0,27	0,94	1,79	0,96	0,82	1,46	0,35	0,63
6022	0,36	0,93	1,76	0,96	0,81	1,47	0,35	0,87
6023	0,37	0,95	1,80	0,85	0,81	1,34	0,47	0,86
6024	0,37	0,95	1,71	0,85	0,95	1,37	0,46	0,87
6025	0,36	1,06	1,79	0,84	0,81	1,33	0,44	0,89
6026	0,35	1,06	1,82	0,88	0,95	1,33	0,46	0,92
6027	0,35	1,06	1,71	0,86	0,91	1,34	0,47	1,05
6028	0,34	1,06	1,71	0,85	1,03	1,34	0,47	1,00
6029	0,35	1,07	1,70	0,85	1,01	1,35	0,43	1,05
6030	0,37	1,02	1,79	0,86	1,03	1,45	0,54	1,00
6031	0,36	1,06	1,82	0,88	1,01	1,46	0,46	1,00
6032	0,47	1,04	1,72	0,88	0,92	1,46	0,47	1,02
6033	0,47	1,03	1,80	0,84	1,03	1,47	0,58	1,04
6034	0,45	1,03	1,79	0,84	0,92	1,46	0,57	1,00
6035	0,45	1,03	1,76	0,86	0,94	1,46	0,55	1,17
6036	0,46	1,02	1,79	0,84	0,91	1,45	0,66	1,15
6037	0,48	1,04	1,83	0,86	1,03	1,47	0,63	1,15
6038	0,36	1,07	1,70	0,88	1,04	1,49	0,68	1,17
6039	0,36	1,03	1,70	0,84	1,03	1,47	0,66	1,12
6040	0,35	1,00	1,72	0,86	1,04	1,45	0,68	1,15
6041	0,35	1,06	1,69	0,86	1,03	1,45	0,66	1,13
6042	0,37	1,04	1,71	0,74	1,04	1,43	0,68	1,12
6043	0,34	1,03	1,72	0,66	1,01	1,47	0,68	1,13
6044	0,36	1,06	1,69	0,63	1,04	1,45	0,66	1,17
6045	0,37	1,06	1,71	0,66	1,03	1,47	0,66	1,17
6046	0,35	1,04	1,71	0,75	1,01	1,43	0,66	1,13
6047	0,34	1,06	1,72	0,64	1,03	1,49	0,68	1,12
6048	0,36	1,04	1,69	0,55	1,03	1,47	0,68	1,17
6049	0,34	1,04	1,71	0,56	1,04	1,46	0,68	1,13
6050	0,36	0,93	1,61	0,56	1,03	1,45	0,66	1,12
6051	0,32	0,95	1,62	0,55	1,03	1,46	0,69	1,10
6052	0,25	0,94	1,59	0,53	1,01	1,46	0,65	1,13
6053	0,25	0,94	1,59	0,42	1,12	1,37	0,68	1,13
6054	0,25	0,96	1,48	0,41	1,16	1,35	0,66	0,99
6055	0,25	0,94	1,48	0,30	1,03	1,35	0,68	1,00
6056	0,26	0,86	1,49	0,32	1,04	1,37	0,66	1,00
6057	0,26	0,83	1,48	0,30	1,05	1,38	0,66	0,99
6058	0,55	0,91	1,71	0,64	0,94	1,35	0,68	1,02
6059	0,37	1,12	1,70	0,64	0,92	1,34	0,78	0,99
6060	0,18	1,03	1,58	0,53	0,92	1,43	0,89	1,13
6061	0,09	0,94	1,50	0,20	1,13	1,66	0,98	1,78
6062	-0,02	0,85	1,30	-0,01	0,91	1,56	0,80	1,25
6063	-0,02	0,75	1,27	-0,01	0,82	1,46	0,66	1,15
6064	-0,02	0,62	1,19	-0,02	0,72	1,45	0,55	1,00
6065	-0,18	0,61	1,19	-0,11	0,65	1,35	0,54	0,86
6066	-0,30	0,62	1,07	-0,15	0,63	1,34	0,46	0,86
6067	-0,29	0,21	1,07	-0,13	0,54	1,34	0,57	0,89
6068	-0,16	0,13	0,98	-0,12	0,54	1,25	0,46	0,76
6069	-0,12	0,19	0,67	-0,13	0,41	1,24	0,43	0,74
6070	-0,19	0,20	0,68	-1,31	0,42	1,25	0,33	0,74
6071	-0,18	0,23	0,67	-0,73	0,40	1,16	0,35	0,76
6072	-0,21	0,20	0,63	-0,13	0,40	1,12	0,32	0,73
6073	-0,19	0,21	0,75	0,28	-0,08	1,12	0,30	0,60
6074	-0,19	0,21	0,67	0,85	-0,09	0,91	0,35	0,63
6075	-0,18	0,21	0,70	1,04	0,12	0,62	0,35	0,60
6076	-0,10	0,23	0,78	1,17	0,12	0,62	-0,08	0,61
6077	-0,09	0,20	0,79	1,18	0,11	0,75	-0,24	0,63
6078	-0,10	0,24	0,76	1,06	0,11	0,73	-0,26	-0,38
6079	-0,10	0,23	0,75	0,93	0,11	0,80	-0,27	-0,40
6080	-0,09	0,20	0,76	0,93	0,11	0,84	-0,15	0,11
6081	-0,08	0,20	0,75	0,72	0,10	0,94	-0,09	0,86
6082	-0,10	0,21	0,76	0,64	0,12	0,92	-0,13	1,62
6083	-0,10	0,21	0,80	0,53	0,21	0,95	-0,07	2,42
6084	-0,08	0,20	0,75	0,52	0,20	1,04	-0,09	2,79
6085	-0,09	0,19	0,79	0,32	0,23	0,95	-0,07	2,81
6086	-0,08	0,19	0,79	0,21	0,33	0,91	-0,07	2,66
6087	-0,08	0,31	0,78	0,12	0,21	0,95	-0,05	2,39
6088	-0,08	0,32	0,79	-0,02	0,24	0,94	-0,09	2,14
6089	-0,02	0,33	0,89	0,01	0,21	0,92	-0,11	1,93
6090	-0,02	0,32	0,87	-0,12	0,21	0,94	-0,09	1,62
6091	-0,03	0,33	0,88	-0,12	0,32	0,94	-0,11	1,38
6092	-0,01	0,35	0,88	-0,12	0,21	0,94	-0,09	1,13
6093	-0,02	0,31	0,88	-0,13	0,20	0,94	-0,08	1,00
6094	-0,01	0,31	0,88	-0,17	0,20	0,94	-0,08	0,86
6095	-0,01	0,33	0,87	-0,17	0,21	0,91	-0,09	0,74
6096	-0,02	0,31	0,88	-0,19	0,19	0,92	-0,12	0,60
6097	-0,02	0,41	0,83	-0,33	0,20	0,92	-0,08	0,60
6098	-0,03	0,41	0,87	-0,31	0,21	0,92	0,02	0,61
6099	-0,04	0,41	0,87	-0,30	0,24	0,95	0,02	0,53
6100	-0,03	0,41	0,85	-0,40	0,23	0,96	-0,01	0,50
6101	-0,04	0,45	0,84	-0,41	0,21	0,95	0,02	0,50
6102	-0,02	0,45	0,87	-0,55	0,21	0,94	0,02	0,50
6103	-0,02	0,42	0,89	-0,52	0,23	0,94	0,03	0,50
6104	-0,03	0,41	0,87	-0,51	0,20	1,07	-0,01	0,47
6105	0,08	0,41	0,87	-0,55	0,12	0,95	0,14	0,50
6106	-0,03	0,44	0,87	-0,53	0,09	0,95	0,10	0,51
6107	0,04	0,41	0,87	-0,45	0,12	0,95	0,13	0,50
6108	-0,03	0,42	0,89	-0,55	0,10	1,03	0,13	0,50
6109	0,06	0,40	0,89	-0,53	0,14	1,04	0,13	0,48
6110	0,06	0,42	0,75	-0,52	0,11	0,95	0,11	0,40
6111	0,08	0,53	0,75	-0,64	0,09	0,92	0,14	0,35
6112	0,04	0,50	0,78	-0,53	0,10	0,94	0,14	0,37
6113	0,07	0,50	0,79	-0,67	0,10	0,94	0,11	0,35
6114	0,09	0,54	0,78	-0,63	0,14	1,05	0,13	0,37
6115	0,04	0,52	0,75	-0,66	0,12	1,05	0,13	0,38
6116	0,08	0,53	0,74	-0,76	0,11	0,92	0,24	0,40
6117	0,04	0,52	0,76	-0,74	0,11	0,94	0,22	0,35
6118	0,06	0,50	0,67	-0,78	0,11	0,95	0,15	0,38
6119	0,08	0,52	0,67	-0,74	0,12	0,95	0,13	0,34
6120	0,06	0,53	0,66	-0,76	0,01	0,94	0,11	0,24
6121	0,04	0,53	0,68	-0,87	0,01	0,95	0,25	0,24
6122	0,08	0,41	0,67	-0,84	-0,00	0,94	0,25	0,21
6123	0,06	0,45	0,63	-0,96	0,01	0,94	0,13	0,24
6124	0,06	0,42	0,67	-0,96	0,02	0,83	0,24	0,14
6125	0,08	0,40	0,67	-0,98	-0,00	0,84	0,14	0,11
6126	0,06	0,41	0,65	-0,98	-0,00	0,83	0,26	0,11
6127	0,06	0,41	0,67	-1,06	-0,03	0,83	0,13	0,11
6128	0,07	0,44	0,55	-1,07	-0,00	0,82	0,13	0,09
6129	0,07	0,40	0,57	-1,09	-0,00	0,83	0,14	0,11
6130	0,06	0,41	0,55	-1,06	-0,02	0,70	0,14	0,12
6131	0,07	0,40	0,55	-1,07	0,02	0,74	0,10	-0,04
6132	0,08	0,42	0,54	-1,07	0,02	0,75	0,13	-0,01
6133	-0,01	0,41	0,44	-1,23	-0,00	0,75	0,11	0,01
6134	-0,03	0,44	0,46	-1,18	-0,11	0,73	0,14	-0,04
6135	-0,05	0,41	0,46	-1,16	-0,09	0,71	0,14	-0,02
6136	-0,03	0,40	0,45	-1,17	-0,09	0,73	0,14	-0,01
6137	-0,02	0,40	0,44	-1,20	-0,09	0,70	0,11	-0,02
6138	-0,02	0,42	0,35	-1,18	-0,09	0,71	0,13	-0,01
6139	-0,04	0,32	0,35	-1,30	-0,11	0,71	0,13	-0,01
6140	-0,01	0,38	0,36	-1,30	-0,09	0,71	0,02	-0,04
6141	-0,02	0,32	0,39	-1,31	-0,08	0,73	0,02	0,01
6142	-0,03	0,33	0,36	-1,30	-0,11	0,71	0,03	-0,04
6143	-0,02	0,31	0,39	-1,30	-0,11	0,63	0,02	-0,09
6144	-0,03	0,32	0,39	-1,27	-0,08	0,60	0,02	-0,09
6145	-0,02	0,32	0,28	-1,28	-0,12	0,63	0,03	-0,10
6146	-0,01	0,33	0,27	-1,30	-0,08	0,62	0,03	-0,12
6147	-0,02	0,32	0,29	-1,42	-0,08	0,65	0,02	-0,10
6148	-0,03	0,31	0,26	-1,45	-0,17	0,63	0,02	-0,12
6149	-0,02	0,33	0,24	-1,52	-0,15	0,62	0,04	-0,12
6150	-0,01	0,32	0,26	-1,52	-0,15	0,62	-0,08	-0,12
6151	-0,02	0,32	0,26	-1,52	-0,16	0,62	-0,09	-0,25
6152	-0,03	0,32	0,27	-1,63	-0,16	0,52	-0,09	-0,25
6153	-0,03	0,33	0,27	-1,50	-0,13	0,49	-0,08	-0,23
6154	-0,03	0,32	0,24	-1,60	-0,16	0,53	-0,05	-0,22
6155	-0,03	0,24	0,26	-1,63	-0,15	0,53	-0,11	-0,23
6156	-0,04	0,31	0,26	-1,65	-0,16	0,52	-0,08	-0,22
6157	-0,03	0,21	0,28	-1,60	-0,16	0,54	-0,09	-0,25
6158	-0,04	0,21	0,26	-1,61	-0,16	0,53	-0,11	-0,22
6159	-0,02	0,20	0,26	-1,63	-0,16	0,53	-0,08	-0,22
6160	-0,02	0,21	0,26	-1,61	-0,17	0,54	-0,08	-0,38
6161	-0,04	0,20	0,19	-1,64	-0,15	0,54	-0,07	-0,33
6162	-0,04	0,20	0,19	-1,64	-0,29	0,41	-0,07	-0,36
6163	-0,01	0,24	0,19	-1,64	-0,25	0,44	-0,09	-0,38
6164	-0,03	0,23	0,19	-1,61	-0,26	0,43	-0,12	-0,36
6165	-0,03	0,21	0,09	-1,60	-0,29	0,43	-0,09	-0,38
6166	-0,03	0,24	0,18	-1,64	-0,35	0,43	-0,09	-0,35
6167	-0,05	0,21	0,19	-1,61	-0,37	0,45	-0,08	-0,36
6168	-0,04	0,21	0,19	-1,63	-0,37	0,39	-0,12	-0,35
6169	-0,02	0,21	0,09	-1,64	-0,39	0,41	-0,08	-0,35
6170	-0,04	0,21	0,09	-1,61	-0,34	0,43	-0,08	-0,36
6171	-0,02	0,19	0,10	-1,61	-0,28	0,41	-0,09	-0,38
6172	-0,04	0,20	0,09	-1,64	-0,34	0,41	-0,08	-0,36
6173	-0,01	0,21	0,09	-1,59	-0,37	0,41	-0,09	-0,36
6174	-0,01	0,23	0,10	-1,64	-0,34	0,31	-0,08	-0,36
6175	-0,03	0,20	0,11	-1,60	-0,37	0,33	-0,09	-0,38
6176	-0,03	0,19	0,09	-1,60	-0,37	0,32	-0,08	-0,38
6177	-0,04	0,21	0,09	-1,61	-0,37	0,32	-0,15	-0,48
6178	-0,02	0,20	0,07	-1,64	-0,37	0,32	-0,15	-0,35
6179	-0,02	0,23	0,11	-1,61	-0,37	0,31	-0,15	-0,48
6180	-0,04	0,20	-0,01	-1,63	-0,37	0,33	-0,16	-0,48
6181	-0,03	0,21	-0,02	-1,61	-0,35	0,32	-0,07	-0,49
6182	-0,04	0,21	-0,01	-1,61	-0,35	0,33	-0,17	-0,49
6183	-0,02	0,24	-0,01	-1,63	-0,37	0,33	-0,17	-0,51
6184	-0,03	0,21	-0,02	-1,75	-0,35	0,31	-0,15	-0,51
6185	0,01	0,19	-0,04	-1,74	-0,37	0,22	-0,15	-0,51
6186	-0,04	0,20	0,01	-1,82	-0,35	0,33	-0,15	-0,49
6187	-0,02	0,23	-0,10	-1,74	-0,38	0,23	-0,17	-0,49
6188	-0,02	0,16	-0,11	-1,75	-0,35	0,20	-0,17	-0,48
6189	-0,01	0,15	-0,11	-1,71	-0,35	0,20	-0,17	-0,49
6190	-0,02	0,15	-0,11	-1,60	-0,37	0,22	-0,16	-0,48
6191	-0,02	0,16	-0,11	-1,64	-0,37	0,23	-0,17	-0,49
6192	-0,03	0,13	-0,08	-1,61	-0,43	0,23	-0,27	-0,46
6193	-0,03	0,15	-0,10	-1,61	-0,47	0,20	-0,26	-0,49
6194	-0,04	0,15	-0,12	-1,63	-0,46	0,23	-0,26	-0,46
6195	-0,01	0,20	-0,01	-1,64	-0,44	0,22	-0,27	-0,49
6196	-0,02	0,15	-0,01	-1,50	-0,47	0,22	-0,27	-0,46
6197	-0,01	0,15	-0,01	-1,63	-0,47	0,20	-0,26	-0,48
6198	-0,01	0,16	-0,01	-1,61	-0,43	0,25	-0,26	-0,48
6199	-0,04	0,15	-0,02	-1,63	-0,44	0,23	-0,15	-0,46
6200	-0,01	0,15	-0,01	-1,61	-0,44	0,22	-0,15	-0,51	#* 2subPhe 
6201	0,01	0,16	-0,08	-1,60	-0,44	0,23	-0,12	-0,46
6202	-0,01	0,15	-0,12	-1,63	-0,43	0,24	-0,26	-0,48
6203	-0,02	0,15	-0,08	-1,49	-0,34	0,23	-0,26	-0,48
6204	-0,02	0,15	-0,11	-1,46	-0,34	0,24	-0,26	-0,48
6205	-0,02	0,13	-0,01	-1,50	-0,37	0,22	-0,26	-0,46
6206	-0,03	0,15	-0,02	-1,52	-0,37	0,12	-0,24	-0,49
6207	-0,04	0,13	0,01	-1,52	-0,35	0,22	-0,28	-0,49
6208	-0,03	0,15	-0,10	-1,52	-0,47	0,12	-0,26	-0,45
6209	-0,04	0,15	-0,10	-1,50	-0,42	0,11	-0,27	-0,49
6210	-0,05	0,15	-0,11	-1,52	-0,47	0,12	-0,28	-0,46
6211	-0,02	0,13	-0,08	-1,50	-0,44	0,11	-0,26	-0,49
6212	-0,03	0,15	-0,08	-1,49	-0,35	0,14	-0,26	-0,45
6213	-0,03	0,16	-0,08	-1,50	-0,37	0,12	-0,27	-0,45
6214	-0,02	0,15	-0,10	-1,64	-0,46	0,15	-0,26	-0,51
6215	-0,03	0,15	-0,12	-1,64	-0,47	0,12	-0,24	-0,45
6216	-0,03	0,13	-0,11	-1,63	-0,46	0,12	-0,27	-0,49
6217	0,01	0,13	-0,11	-1,64	-0,48	0,10	-0,27	-0,51
6218	-0,01	0,15	-0,08	-1,64	-0,44	0,11	-0,26	-0,49
6219	-0,02	0,21	-0,02	-1,63	-0,46	0,14	-0,26	-0,45
6220	-0,04	0,42	0,19	-1,63	-0,44	0,14	-0,26	-0,46
6221	-0,02	0,62	0,27	-1,64	-0,47	0,12	-0,28	-0,48
6222	-0,04	0,81	0,45	-1,63	-0,56	0,11	-0,30	-0,48
6223	-0,01	1,06	0,67	-1,61	-0,56	0,12	-0,27	-0,48
6224	-0,04	1,35	0,75	-1,64	-0,57	0,14	-0,27	-0,48
6225	-0,05	1,66	0,87	-1,52	-0,57	0,20	-0,26	-0,46
6226	0,27	1,76	1,01	-1,49	-0,57	0,10	-0,27	-0,49
6227	1,12	1,87	0,97	-1,28	-0,56	0,32	-0,30	-0,46
6228	1,77	2,08	0,97	-1,20	-0,56	0,75	-0,27	-0,51
6229	2,04	2,28	0,96	-1,10	-0,46	0,96	-0,37	-0,49
6230	1,98	2,49	0,85	-0,87	-0,37	1,03	-0,26	-0,49
6231	1,90	2,82	0,89	-0,63	-0,35	1,03	-0,24	-0,38
6232	1,86	3,13	0,88	-0,60	-0,24	0,97	-0,15	-0,12
6233	1,96	3,40	0,74	-0,52	-0,15	0,95	0,02	0,11
6234	1,96	3,64	0,78	-0,42	-0,16	0,95	0,77	0,37
6235	2,05	3,85	0,76	-0,20	-0,17	0,96	1,18	0,65
6236	2,16	3,93	0,76	-0,22	-0,09	0,94	1,53	0,74
6237	2,16	4,03	0,66	-0,22	-0,11	0,92	1,70	0,87
6238	2,35	4,06	0,66	-0,20	-0,08	0,95	1,84	0,97
6239	2,37	4,06	0,66	-0,20	0,01	0,96	1,94	1,17
6240	2,55	4,15	0,58	-0,19	0,14	0,94	2,05	1,13
6241	2,64	4,17	0,65	-0,31	0,21	0,94	2,27	1,26
6242	2,74	4,14	0,78	-0,30	0,21	0,86	2,27	1,26
6243	2,86	4,15	0,89	-0,33	0,27	0,84	2,28	1,39
6244	3,05	4,25	1,00	-0,30	0,19	0,87	2,28	1,52
6245	3,03	4,26	1,07	-0,30	0,32	0,82	2,27	1,54
6246	3,10	4,14	1,17	-0,30	0,23	0,94	2,27	1,67
6247	3,25	4,14	1,10	-0,41	0,21	1,22	2,38	1,64
6248	3,38	4,17	1,18	-0,41	0,23	1,76	2,38	1,78
6249	3,30	4,18	1,19	-0,53	0,33	1,85	2,38	1,82
6250	3,41	4,18	1,09	-0,52	0,32	1,97	2,39	1,93
6251	3,38	4,14	1,07	-0,52	0,33	2,07	2,38	1,93
6252	3,53	4,15	1,09	-0,53	0,32	2,06	2,25	2,03
6253	3,41	4,18	1,09	-0,40	0,43	2,07	2,28	2,03
6254	3,43	4,15	1,09	-0,30	0,56	1,97	2,17	2,06
6255	3,49	4,17	1,07	-0,13	0,61	1,96	2,17	2,01
6256	3,49	4,18	1,11	-0,09	0,74	2,01	2,25	2,13
6257	3,49	4,14	0,97	0,13	0,74	1,88	2,29	2,18
6258	3,58	4,14	0,97	0,21	0,73	1,86	2,25	2,13
6259	3,49	4,15	0,97	0,20	0,83	1,85	2,28	2,32
6260	3,50	4,14	0,97	0,21	0,83	1,88	2,27	2,29
6261	3,49	4,17	0,98	0,21	0,83	1,86	2,29	2,45
6262	3,58	4,25	0,97	0,21	0,83	1,86	2,14	2,44
6263	3,60	4,13	0,88	0,10	0,83	1,79	2,05	2,55
6264	3,72	4,23	0,98	0,07	0,81	1,76	2,05	2,55
6265	3,61	4,15	1,00	0,21	0,74	1,75	1,96	2,68
6266	3,59	4,23	0,98	0,13	0,74	1,76	1,95	2,66
6267	3,69	4,26	0,98	0,07	0,73	1,77	1,84	2,68
6268	3,95	4,25	0,97	0,21	0,74	1,76	1,73	2,70
6269	3,95	4,26	1,07	0,21	0,60	1,77	1,74	2,79
6270	3,97	4,25	1,06	0,07	0,71	1,75	1,73	2,81
6271	3,87	4,25	0,97	0,10	0,73	1,76	1,61	2,94
6272	4,23	4,25	0,96	-0,01	0,73	1,67	1,63	2,92
6273	4,16	4,25	1,00	0,07	0,72	1,67	1,63	2,96
6274	4,26	4,23	0,97	0,10	0,71	1,64	1,65	2,94
6275	4,17	4,26	0,96	0,10	0,61	1,67	1,59	3,04
6276	4,36	4,27	1,00	-0,04	0,63	1,67	1,62	3,07
6277	4,26	4,25	0,97	-0,02	0,72	1,67	1,62	3,04
6278	4,36	4,25	0,98	-0,04	0,72	1,55	1,62	3,07
6279	4,25	4,26	1,01	-0,02	0,65	1,55	1,63	3,07
6280	4,34	4,28	0,98	-0,01	0,63	1,56	1,61	3,07
6281	4,25	4,22	0,96	0,09	0,61	1,56	1,58	3,06
6282	4,26	4,46	0,98	-0,01	0,52	1,51	1,62	3,06
6283	4,26	4,48	1,01	0,09	0,52	1,46	1,62	3,06
6284	4,52	4,47	0,98	0,09	0,51	1,47	1,61	3,19
6285	4,54	4,47	1,10	0,09	0,60	1,47	1,61	3,20
6286	4,62	4,46	1,07	0,20	0,72	1,43	1,62	3,17
6287	4,53	4,48	1,07	0,17	0,82	1,46	1,62	3,20
6288	4,81	4,47	1,19	0,20	0,91	1,54	1,63	3,20
6289	4,72	4,48	1,19	0,19	0,94	1,54	1,62	3,20
6290	4,64	4,56	1,18	0,30	0,92	1,58	1,61	3,20
6291	4,65	4,48	1,17	0,38	0,95	1,56	1,62	3,20
6292	4,94	4,57	1,09	0,42	0,95	1,54	1,61	3,19
6293	4,81	4,57	1,10	0,28	0,92	1,55	1,62	3,17
6294	4,83	4,46	1,05	0,30	0,92	1,56	1,62	3,19
6295	4,75	4,60	1,05	0,42	0,94	1,56	1,65	3,20
6296	4,93	4,56	1,06	0,42	0,92	1,56	1,63	3,20
6297	4,82	4,59	1,10	0,35	1,04	1,55	1,61	3,20
6298	4,83	4,57	1,10	0,32	1,04	1,55	1,63	3,20
6299	4,71	4,57	1,07	0,32	1,04	1,56	1,62	3,33
6300	4,83	4,59	1,07	0,32	0,92	1,56	1,66	3,35
6301	4,82	4,67	1,19	0,34	1,03	1,56	1,54	3,32
6302	4,72	4,67	1,10	0,41	1,04	1,46	1,53	3,33
6303	4,65	4,67	1,20	0,41	1,04	1,55	1,54	3,33
6304	4,91	4,68	1,19	0,42	0,91	1,46	1,50	3,32
6305	4,83	4,71	1,18	0,32	0,83	1,46	1,50	3,33
6306	4,93	4,65	1,19	0,31	0,82	1,45	1,54	3,35
6307	4,93	4,67	1,28	0,31	0,90	1,46	1,40	3,32
6308	4,92	4,68	1,18	0,30	0,91	1,47	1,42	3,45
6309	4,83	4,69	1,30	0,31	0,91	1,54	1,42	3,43
6310	4,93	4,69	1,28	0,31	0,92	1,56	1,40	3,45
6311	5,01	4,69	1,30	0,42	0,94	1,55	1,43	3,45
6312	5,10	4,67	1,31	0,41	0,92	1,55	1,43	3,45
6313	5,11	4,77	1,31	0,42	0,91	1,43	1,40	3,43
6314	5,03	4,79	1,30	0,55	0,94	1,42	1,42	3,41
6315	5,03	4,77	1,70	0,55	1,04	1,45	1,42	3,43
6316	5,00	4,76	2,19	0,53	1,04	1,56	1,42	3,45
6317	4,92	4,80	2,13	0,66	0,96	1,58	1,42	3,58
6318	4,94	4,79	1,89	0,75	1,03	1,59	1,31	3,58
6319	5,01	4,79	1,79	0,78	1,03	1,56	1,29	3,59
6320	5,00	4,77	1,70	0,64	1,04	1,56	1,31	3,58
6321	4,92	4,88	1,70	0,63	1,04	1,56	1,31	3,59
6322	4,92	4,79	1,71	0,56	0,99	1,55	1,40	3,59
6323	5,32	4,89	1,59	0,50	1,25	1,56	1,33	3,63
6324	5,30	4,89	1,59	0,53	1,61	1,55	1,42	3,71
6325	5,31	4,90	1,61	0,53	1,56	1,55	1,31	3,71
6326	5,12	4,89	1,61	0,64	1,44	1,56	1,43	3,72
6327	5,10	4,89	1,58	0,63	1,44	1,56	1,42	3,72
6328	5,04	4,89	1,61	0,52	1,23	1,55	1,32	3,71
6329	5,01	4,98	1,58	0,63	1,25	1,56	1,40	3,85
6330	4,93	4,89	1,61	0,74	1,14	1,56	1,40	3,85
6331	5,11	4,90	1,69	0,88	1,12	1,55	1,42	3,84
6332	5,23	4,89	1,69	0,86	1,13	1,58	1,42	3,85
6333	5,21	4,98	1,67	0,97	1,03	1,56	1,42	3,82
6334	5,25	4,88	1,80	0,88	1,01	1,55	1,42	3,84
6335	5,12	4,96	1,69	0,85	1,03	1,67	1,50	3,80
6336	5,00	5,01	1,69	0,84	0,94	1,64	2,27	3,80
6337	5,01	4,86	1,70	0,84	0,92	1,54	2,79	3,95
6338	5,00	4,97	1,70	0,85	1,03	1,64	2,81	3,95
6339	4,92	4,98	1,67	0,86	1,04	1,64	2,70	3,93
6340	5,12	4,98	1,69	0,86	1,03	1,64	2,68	3,97
6341	5,20	5,01	1,59	0,84	0,92	1,64	2,70	3,95
6342	5,12	5,10	1,61	0,85	1,05	1,66	2,80	4,05
6343	5,09	5,05	1,59	0,86	1,14	1,67	2,77	4,08
6344	5,11	5,10	1,62	0,85	1,01	1,67	2,81	4,06
6345	5,23	5,09	1,58	0,85	1,04	1,64	2,79	4,08
6346	5,10	5,10	1,59	0,85	1,04	1,66	2,81	4,06
6347	5,01	5,08	1,70	0,86	1,01	1,67	2,69	4,10
6348	5,01	5,21	1,72	0,85	1,10	1,62	2,69	4,06
6349	5,20	5,19	1,70	0,84	1,14	1,64	2,69	4,21
6350	5,09	5,17	1,69	0,86	1,13	1,55	2,70	4,20
6351	5,31	5,17	1,69	0,86	1,12	1,56	2,88	4,21
6352	5,39	5,18	1,69	0,95	1,13	1,69	2,90	4,23
6353	5,39	5,18	1,71	0,97	1,03	1,66	3,01	4,21
6354	5,22	5,25	1,70	1,07	1,05	1,68	3,12	4,21
6355	5,40	5,18	1,70	1,07	1,03	1,66	3,10	4,21
6356	5,60	5,29	1,70	0,93	1,03	1,68	3,13	4,34
6357	5,49	5,30	1,67	0,96	1,13	1,67	3,32	4,37
6358	5,50	5,34	1,58	0,96	1,23	1,64	3,23	4,33
6359	5,39	5,39	1,59	0,97	1,25	1,66	3,24	4,33
6360	5,42	5,30	1,58	0,93	1,10	1,66	3,21	4,33
6361	5,31	5,29	1,58	0,97	1,14	1,64	3,21	4,33
6362	5,70	5,29	1,61	0,96	1,21	1,64	3,21	4,36
6363	5,48	5,38	1,57	0,86	1,25	1,64	3,23	4,33
6364	5,71	5,38	1,58	0,96	1,23	1,67	3,34	4,46
6365	5,61	5,42	1,58	0,97	1,12	1,66	3,32	4,31
6366	5,59	5,38	1,69	1,07	1,12	1,64	3,31	4,47
6367	5,51	5,40	1,67	0,96	1,25	1,76	3,20	4,46
6368	5,76	5,39	1,69	1,07	1,26	1,76	3,34	4,44
6369	5,77	5,38	1,69	0,96	1,09	1,75	3,24	4,57
6370	5,79	5,38	1,69	0,95	1,12	1,73	3,32	4,57
6371	5,78	5,39	1,67	0,97	1,13	1,75	3,23	5,86
6372	5,71	5,39	1,58	0,95	1,12	1,76	3,34	6,15
6373	5,61	5,38	1,67	0,95	1,12	1,73	3,34	6,15
6374	5,59	5,51	1,70	0,93	1,26	1,77	3,34	7,03
6375	5,49	5,60	1,69	0,95	1,23	1,76	3,31	6,62
6376	5,61	5,72	1,70	0,96	1,13	1,76	3,31	7,68
6377	5,89	5,71	1,70	0,97	1,12	1,76	3,34	7,14
6378	5,79	5,91	1,70	0,96	1,10	1,77	3,32	7,92
6379	5,79	5,92	1,70	1,07	1,14	1,76	3,35	7,52
6380	5,70	5,94	1,71	0,96	1,12	1,76	3,34	8,15
6381	5,79	5,91	1,69	0,97	1,14	1,79	3,35	7,91
6382	5,70	5,80	1,70	0,96	1,25	1,76	3,31	8,38
6383	5,62	6,01	1,67	0,99	1,35	1,76	3,43	8,17
6384	5,60	5,92	1,69	0,92	1,23	1,79	3,44	8,10
6385	5,77	6,02	1,70	0,96	1,25	1,77	3,32	7,91
6386	5,68	6,35	1,69	0,96	1,23	1,77	3,35	8,64
6387	5,90	6,13	1,70	1,06	1,22	1,80	3,36	8,53
6388	5,78	6,25	1,69	1,07	1,23	1,76	3,32	8,92
6389	5,67	6,12	1,79	1,17	1,25	1,73	3,32	8,75
6390	5,71	6,13	1,82	1,29	1,16	1,75	3,34	8,66
6391	5,79	6,12	1,79	1,18	1,16	1,76	3,31	8,27
6392	5,70	6,14	1,79	1,17	1,14	1,85	3,46	8,27	#* SNP0,001 
6393	5,76	6,22	1,82	1,31	1,01	1,73	3,40	8,15
6394	5,70	6,10	1,79	1,28	1,00	1,75	3,46	8,15
6395	5,70	6,13	1,79	1,17	1,05	1,79	3,44	7,94
6396	5,61	6,16	1,80	1,21	1,03	1,79	3,44	7,94
6397	5,58	6,14	1,79	1,15	1,01	1,73	3,43	7,92
6398	5,60	6,04	1,80	1,18	1,05	1,77	3,55	7,91
6399	5,60	6,02	1,82	1,17	1,01	1,73	3,57	7,78
6400	5,59	6,04	1,80	1,15	1,01	1,76	3,44	7,79
6401	5,53	6,01	1,80	1,15	1,03	1,75	3,55	7,79
6402	5,42	6,00	1,83	1,17	1,00	1,84	3,65	7,79
6403	5,39	5,93	1,80	1,15	1,13	1,86	3,54	7,78
6404	5,42	5,93	1,80	1,18	1,12	1,76	3,54	7,70
6405	5,31	5,91	1,70	1,20	1,12	2,27	3,54	7,65
6406	5,32	5,93	1,71	1,18	1,13	2,78	3,55	7,68
6407	5,22	5,91	1,70	1,20	1,23	2,66	3,43	7,66
6408	5,12	5,81	1,69	1,18	1,22	2,58	3,54	7,68
6409	5,01	5,91	1,59	1,14	1,23	2,49	3,54	7,66
6410	4,93	5,94	1,59	1,04	1,25	2,37	3,55	7,70
6411	4,91	5,94	1,59	1,18	1,25	2,27	3,53	7,55
6412	4,82	5,94	1,58	1,18	1,25	2,30	3,55	7,58
6413	4,73	5,93	1,50	1,20	1,14	2,15	3,42	7,55
6414	4,62	5,80	1,48	1,15	1,13	2,15	3,34	7,55
6415	4,62	5,83	1,48	1,17	1,14	2,17	3,32	7,52
6416	4,55	5,80	1,50	1,17	1,03	2,19	3,32	7,55
6417	4,54	5,80	1,49	1,15	1,03	2,18	3,32	7,52
6418	4,58	5,81	1,50	1,18	1,03	2,17	3,38	7,39
6419	4,54	5,84	1,48	1,17	1,03	2,19	3,34	7,40
6420	4,54	5,81	1,48	1,18	0,92	2,17	3,32	7,39
6421	4,53	5,81	1,49	1,20	0,94	2,18	3,29	7,40
6422	4,55	5,80	1,50	1,15	0,92	2,05	3,32	7,39
6423	4,55	5,85	1,58	1,18	0,91	2,10	3,34	7,31
6424	4,54	5,81	1,58	1,17	0,94	2,15	3,23	7,29
6425	4,52	5,81	1,58	1,18	0,92	2,05	3,32	7,26
6426	4,45	5,77	1,58	1,15	0,92	2,05	3,32	7,29
6427	4,47	5,80	1,58	1,28	0,91	2,17	3,43	7,27
6428	4,47	5,80	1,58	1,26	1,05	2,07	3,43	7,27
6429	4,43	5,92	1,58	1,36	1,03	2,06	3,43	7,14
6430	4,44	5,85	1,56	1,28	1,01	2,14	3,42	7,16	#* SNP0,01 
6431	4,55	5,80	1,58	1,29	1,05	2,17	3,43	7,13
6432	4,45	5,80	1,61	1,28	1,13	2,15	3,44	7,14
6433	4,45	5,81	1,59	1,28	1,00	2,57	3,43	7,13
6434	4,55	5,81	1,61	1,29	1,03	3,11	3,43	7,01
6435	4,55	5,81	1,59	1,26	1,05	2,98	3,57	7,01
6436	4,52	5,83	1,70	1,29	1,03	2,78	3,65	7,01
6437	5,21	5,83	1,71	1,28	1,00	2,70	3,54	7,03
6438	5,19	5,81	1,67	1,38	1,03	2,57	3,54	7,00
6439	5,23	5,83	1,69	1,39	1,01	2,47	3,65	7,00
6440	5,01	5,84	1,70	1,42	1,00	2,49	3,64	7,03
6441	5,01	5,80	1,69	1,40	1,01	2,49	3,65	7,03
6442	5,49	5,81	1,71	1,39	0,99	2,37	4,72	6,90
6443	5,39	5,89	1,70	1,40	1,04	2,36	4,71	6,90
6444	5,43	5,83	1,70	1,29	1,03	2,37	4,47	6,87
6445	5,30	5,81	1,69	1,36	1,00	2,40	4,42	6,88
6446	5,32	5,93	1,71	1,38	1,03	2,37	4,31	6,93
6447	5,23	5,81	1,70	1,49	1,01	2,37	4,50	6,91
6448	5,19	5,83	1,71	1,51	1,03	2,37	4,71	6,88
6449	5,12	5,91	1,69	1,38	1,14	2,37	4,50	6,93
6450	5,14	5,81	1,71	1,42	1,13	2,37	5,12	6,88
6451	5,15	5,85	1,70	1,51	1,14	2,40	5,36	6,91
6452	5,03	5,80	1,72	1,49	1,17	2,36	5,02	6,77
6453	5,03	5,79	1,70	1,49	1,12	2,37	5,14	6,87
6454	5,00	5,83	1,70	1,61	1,16	2,40	4,93	6,78
6455	5,03	5,80	1,71	1,60	1,04	2,39	5,58	6,75
6456	4,93	5,81	1,69	1,50	1,05	2,37	5,69	6,75
6457	4,93	5,83	1,80	1,64	1,07	2,36	5,47	6,75
6458	4,83	5,83	1,80	1,69	1,03	2,40	6,06	6,75
6459	4,75	5,84	1,82	1,75	1,03	2,40	5,67	6,78
6460	4,55	5,81	1,79	1,57	1,00	2,39	6,19	6,72
6461	4,34	5,80	1,70	1,60	1,23	2,37	5,97	6,75
6462	4,15	5,69	1,69	1,58	1,22	2,40	5,82	6,75
6463	3,97	5,84	1,70	1,51	1,23	2,28	5,57	6,74
6464	3,87	5,72	1,72	1,39	1,10	2,30	5,58	6,77
6465	3,69	5,71	1,82	1,39	1,25	2,27	5,58	6,77
6466	3,60	5,71	1,69	1,28	1,22	2,28	5,47	6,78
6467	3,48	5,72	1,70	1,28	1,14	2,27	5,45	6,80
6468	3,43	5,72	1,69	1,21	1,22	2,28	5,35	6,64
6469	3,32	5,72	1,61	1,17	1,22	2,28	5,25	6,69
6470	3,21	5,62	1,61	1,07	1,34	2,28	5,01	6,62
6471	3,22	5,60	1,49	1,04	1,34	2,26	4,93	6,64
6472	3,21	5,51	1,49	1,07	1,35	2,26	4,71	6,65
6473	3,13	5,37	1,37	1,06	1,34	2,28	4,60	6,65
6474	3,13	5,30	1,39	1,07	1,34	2,27	4,42	6,65
6475	3,03	5,31	1,27	1,07	1,31	2,30	4,27	6,61
6476	3,02	5,21	1,26	1,06	1,32	2,27	4,08	6,64
6477	2,93	5,09	1,28	1,07	1,34	2,17	3,97	6,64
6478	2,94	4,98	1,28	1,10	1,34	2,15	3,84	6,64
6479	2,83	4,89	1,26	1,07	1,21	2,14	3,69	6,62
6480	2,74	4,89	1,18	0,93	1,23	2,17	3,53	6,62
6481	2,72	4,75	1,18	1,04	1,22	2,17	3,46	6,49
6482	2,75	4,77	1,18	1,18	1,22	2,15	3,31	6,49
6483	2,72	4,69	1,18	1,20	1,22	2,19	3,34	6,52	#* SNP0,1 
6484	2,74	4,57	1,07	1,15	1,25	2,17	3,24	6,52
6485	2,74	4,56	1,04	1,17	1,23	2,13	3,23	6,36
6486	2,64	4,47	1,10	1,18	1,20	2,17	3,12	6,38
6487	2,61	4,47	1,07	1,18	1,23	2,18	3,09	6,39
6488	2,63	4,36	1,09	1,18	1,35	2,17	3,10	6,25
6489	2,54	4,35	1,06	1,17	1,32	2,18	3,13	6,28
6490	2,57	4,39	1,05	1,28	1,48	2,15	3,13	6,13
6491	2,55	4,36	1,07	1,31	1,35	2,18	3,23	6,00
6492	2,55	4,26	1,09	1,31	1,31	2,20	3,24	6,00
6493	2,55	4,25	1,11	1,25	1,36	2,15	3,18	5,89
6494	2,53	4,26	1,10	1,28	1,22	2,18	3,20	5,73
6495	2,59	4,18	1,09	1,29	1,25	2,17	3,24	5,74
6496	2,54	4,15	1,09	1,29	1,23	2,20	3,23	5,60
6497	2,55	4,15	1,07	1,29	1,13	2,17	3,25	5,61
6498	2,55	4,14	1,09	1,75	1,13	2,15	3,13	5,50
6499	2,53	4,17	1,09	3,15	1,14	2,15	3,12	5,34
6500	2,54	4,05	1,09	3,13	1,03	2,17	3,10	5,37
6501	2,53	4,03	1,09	2,80	1,12	2,15	3,23	5,38
6502	2,55	4,05	1,11	2,59	1,12	2,18	3,32	5,22
6503	2,44	3,96	1,19	2,30	1,14	2,15	3,34	5,24
6504	2,44	3,97	1,18	2,18	1,12	2,19	3,32	5,24
6505	2,46	3,85	1,18	2,15	1,13	2,17	3,31	5,09
6506	2,37	3,85	1,20	2,07	1,04	2,18	3,32	5,09
6507	2,35	3,77	1,19	2,04	1,13	2,19	3,23	5,11
6508	2,36	3,65	1,19	2,04	1,16	2,14	3,21	5,09
6509	2,26	3,43	1,20	2,03	1,23	2,18	3,20	4,96
6510	2,25	3,23	1,19	2,04	1,26	2,20	3,27	4,99
6511	2,25	3,13	1,20	1,96	1,21	2,19	3,23	4,94
6512	2,18	2,94	1,22	1,97	1,26	2,09	3,12	4,99
6513	2,15	2,69	1,18	1,97	1,32	2,07	3,01	5,03
6514	2,09	2,60	1,22	1,85	1,35	2,05	2,91	4,93
6515	2,09	2,51	1,20	1,83	1,35	1,97	2,81	4,99
6516	2,07	2,39	1,19	1,71	1,35	1,96	2,57	4,94
6517	2,08	2,31	1,19	1,73	1,31	1,86	2,36	4,96
6518	1,98	2,20	1,18	1,72	1,32	1,84	2,18	4,83
6519	1,98	2,06	1,18	1,60	1,34	1,77	2,05	4,83
6520	1,90	1,98	1,18	1,60	1,22	1,77	1,81	4,86
6521	1,88	1,98	1,19	1,62	1,23	1,76	1,72	4,83
6522	1,86	1,87	1,20	1,61	1,12	1,77	1,62	4,83
6523	1,79	1,87	1,22	1,60	1,04	1,76	1,50	4,68
6524	1,77	1,76	1,20	1,53	0,94	1,77	1,43	4,70
6525	1,70	1,69	1,18	1,51	0,94	1,77	1,29	4,70
6526	1,68	1,68	1,20	1,51	0,85	1,79	1,22	4,59
6527	1,60	1,66	1,18	1,50	0,83	1,77	1,20	4,57
6528	1,69	1,57	1,20	1,53	0,83	1,77	1,09	4,47
6529	1,59	1,57	1,20	1,51	0,72	1,81	1,10	4,34
6530	1,60	1,57	1,20	1,42	0,73	1,75	0,99	4,08
6531	1,49	1,47	1,19	1,53	0,74	1,75	0,99	3,95
6532	1,51	1,44	1,19	1,51	0,65	1,77	1,00	3,71
6533	1,49	1,35	1,18	1,49	0,61	1,76	1,00	3,56	#* SNP1 
6534	1,40	1,37	1,19	1,49	0,64	1,75	0,99	3,30
6535	1,38	1,37	1,22	1,38	0,61	1,77	0,98	3,19
6536	1,40	1,33	1,07	1,40	0,63	1,73	0,99	3,06
6537	1,40	1,25	1,10	1,40	0,63	1,77	0,89	2,91
6538	1,32	1,25	1,07	1,51	0,61	1,75	0,87	2,83
6539	1,30	1,14	1,09	1,39	0,61	1,75	0,89	2,83
6540	1,32	1,14	1,09	1,40	0,60	1,77	0,85	2,66
6541	1,30	1,14	1,07	1,40	0,65	1,79	0,88	2,57
6542	1,21	1,16	0,98	1,42	0,63	1,77	0,88	2,42
6543	1,21	1,16	0,98	1,36	0,61	1,77	0,78	2,42
6544	1,19	1,04	1,00	1,40	0,51	1,66	0,74	2,31
6545	1,14	1,06	1,00	1,43	0,63	1,76	0,76	2,31
6546	1,13	1,03	1,02	1,40	0,61	1,66	0,76	2,29
6547	1,13	1,03	0,88	1,40	0,61	1,67	0,77	2,29
6548	1,03	1,04	0,89	1,42	0,60	1,64	0,73	2,16
6549	1,02	1,06	0,96	1,39	0,50	1,64	0,65	2,16
6550	1,02	1,03	0,89	1,29	0,54	1,66	0,68	2,16
6551	1,03	0,93	1,00	1,28	0,52	1,64	0,68	2,06
6552	1,01	0,94	0,98	1,29	0,46	1,64	0,68	2,05
6553	1,01	0,95	0,88	1,29	0,42	1,76	0,68	2,03
6554	0,92	0,93	0,87	1,32	0,41	1,67	0,65	2,00
6555	0,93	0,96	0,88	1,17	0,42	1,76	0,57	2,03
6556	0,91	0,93	0,88	1,06	0,43	1,76	0,55	1,92
6557	0,92	0,93	0,85	1,07	0,45	1,66	0,55	1,92
6558	0,93	0,83	0,87	1,06	0,42	1,66	0,54	1,93
6559	0,82	0,81	0,88	1,07	0,43	1,66	0,55	1,92
6560	0,84	0,86	0,88	1,07	0,42	1,63	0,58	1,78
6561	0,81	0,86	0,89	0,99	0,43	1,66	0,57	1,80
6562	0,84	0,83	0,87	0,97	0,33	1,68	0,57	1,80
6563	0,81	0,83	0,85	0,85	0,32	1,64	0,57	1,77
6564	0,74	0,71	0,89	0,88	0,32	1,64	0,55	1,80
6565	0,85	0,73	0,88	0,74	0,33	1,67	0,58	1,78
6566	0,74	0,73	0,85	0,74	0,20	1,64	0,57	1,78
6567	0,76	0,74	0,80	0,77	0,24	1,66	0,57	1,80
6568	0,75	0,74	0,75	0,75	0,32	1,66	0,57	1,80
6569	0,74	0,73	0,79	0,66	0,41	1,63	0,43	1,64
6570	0,74	0,73	0,79	0,63	0,32	1,64	0,44	1,67
6571	0,64	0,74	0,79	0,61	0,32	1,67	0,46	1,65
6572	0,64	0,71	0,83	0,63	0,23	1,66	0,46	1,51
6573	0,64	0,61	0,67	0,63	0,24	1,67	0,46	1,64
6574	0,65	0,65	0,68	0,64	0,20	1,63	0,47	1,52
6575	0,54	0,64	0,70	0,64	0,21	1,66	0,43	1,56
6576	0,64	0,64	0,65	0,52	0,24	1,63	0,47	1,52
6577	0,63	0,64	0,68	0,53	0,20	1,66	0,47	1,54
6578	0,57	0,61	0,66	0,52	0,23	1,63	0,46	1,54
6579	0,54	0,62	0,67	0,42	0,11	1,66	0,44	1,51
6580	0,52	0,61	0,58	0,42	0,12	1,67	0,44	1,51
6581	0,57	0,64	0,58	0,42	0,10	1,63	0,36	1,52
6582	0,54	0,62	0,58	0,45	0,02	1,67	0,43	1,36
6583	0,54	0,64	0,55	0,41	0,01	1,64	0,33	1,43
6584	0,53	0,62	0,57	0,45	0,11	1,66	0,35	1,39
6585	0,55	0,53	0,57	0,43	0,01	1,68	0,35	1,38
6586	0,54	0,50	0,55	0,41	0,03	1,67	0,35	1,38
6587	0,53	0,50	0,58	0,42	0,01	1,64	0,36	1,39
6588	0,42	0,53	0,58	0,42	0,12	1,66	0,32	1,39
6589	0,45	0,53	0,57	0,32	0,01	1,66	0,35	1,39
6590	0,46	0,53	0,57	0,31	0,01	1,64	0,32	1,26
6591	0,35	0,42	0,57	0,34	0,01	1,66	0,36	1,30
6592	0,36	0,44	0,48	0,20	0,01	1,55	0,36	1,30
6593	0,45	0,42	0,49	0,20	-0,07	1,56	0,33	1,28
6594	0,45	0,45	0,46	0,17	-0,11	1,56	0,36	1,26
6595	0,43	0,42	0,46	0,20	-0,08	1,52	0,22	1,25
6596	0,42	0,42	0,49	0,07	-0,06	1,58	0,24	1,12
6597	0,46	0,32	0,50	0,10	-0,08	1,56	0,25	1,15
6598	0,45	0,32	0,46	0,12	-0,09	1,54	0,24	1,15
6599	0,47	0,31	0,48	0,09	-0,08	1,56	0,26	1,15
6600	0,45	0,32	0,49	0,09	-0,07	1,54	0,25	1,00
6601	0,45	0,33	0,46	0,06	-0,07	1,56	0,25	0,99
6602	0,45	0,32	0,48	0,07	-0,07	1,54	0,22	1,02
6603	0,35	0,31	0,46	0,09	-0,09	1,59	0,24	0,99
6604	0,37	0,32	0,45	0,10	-0,07	1,55	0,25	1,02
6605	0,36	0,21	0,48	0,09	0,03	1,55	0,24	1,00
6606	0,32	0,33	0,48	0,09	0,02	1,55	0,14	0,87
6607	0,37	0,32	0,49	0,09	0,01	1,56	0,11	0,87
6608	0,34	0,32	0,46	0,09	0,02	1,56	0,13	0,87
6609	0,32	0,32	0,49	0,09	0,01	1,45	0,10	0,91
6610	0,36	0,21	0,46	0,07	0,01	1,46	0,13	0,86
6611	0,26	0,35	0,45	0,10	-0,09	1,46	0,14	0,76
6612	0,25	0,21	0,46	0,09	-0,07	1,46	0,04	0,76
6613	0,26	0,21	0,48	0,10	-0,09	1,45	0,14	0,79
6614	0,26	0,24	0,46	0,10	-0,09	1,46	0,02	0,73
6615	0,27	0,21	0,46	0,10	-0,07	1,46	0,11	0,76
6616	0,26	0,21	0,48	0,10	-0,09	1,45	0,00	0,73
6617	0,25	0,21	0,46	0,09	-0,07	1,46	0,02	0,74
6618	0,26	0,20	0,46	0,09	-0,09	1,47	0,00	0,74
6619	0,24	0,21	0,36	-0,01	-0,09	1,46	0,02	0,66
6620	0,25	0,24	0,36	0,01	-0,09	1,49	0,02	0,63
6621	0,18	0,20	0,36	-0,02	-0,07	1,46	0,04	0,65
6622	0,15	0,20	0,36	-0,01	-0,09	1,45	0,03	0,63
6623	0,15	0,23	0,37	-0,06	-0,09	1,35	0,02	0,63
6624	0,16	0,21	0,36	-0,01	-0,08	1,35	0,02	0,65
6625	0,16	0,24	0,37	-0,11	-0,11	1,33	0,02	0,63
6626	0,15	0,20	0,36	-0,13	-0,09	1,35	0,03	0,66
6627	0,18	0,23	0,39	-0,11	-0,09	1,34	-0,01	0,63
6628	0,15	0,21	0,36	-0,13	-0,07	1,35	0,02	0,65
6629	0,16	0,21	0,39	-0,12	-0,09	1,35	0,03	0,65
6630	0,16	0,24	0,37	-0,11	-0,07	1,35	-0,01	0,66
6631	0,18	0,21	0,37	-0,12	-0,09	1,35	0,04	0,61
6632	0,15	0,21	0,37	-0,13	-0,11	1,34	0,02	0,61
6633	0,06	0,20	0,39	-0,13	-0,08	1,26	0,06	0,63
6634	0,16	0,21	0,36	-0,13	-0,09	1,26	0,00	0,65	#* K 
6635	0,08	0,20	0,36	-0,13	-0,11	1,26	0,03	0,50
6636	0,07	0,15	0,36	-0,12	-0,11	1,26	0,02	0,50
6637	0,07	0,23	0,39	-0,12	0,02	1,28	-0,01	0,48
6638	0,55	0,29	0,46	0,52	0,03	1,25	0,02	0,47
6639	0,03	0,33	0,46	0,53	0,02	1,24	0,24	0,65
6640	-0,03	0,20	0,39	-0,01	0,21	1,34	0,24	1,25
6641	-0,03	0,15	0,27	-0,13	-0,12	1,43	0,14	0,78
6642	-0,09	0,07	0,28	-0,13	-0,09	1,43	0,04	0,78
6643	-0,18	-0,08	0,28	-0,12	-0,25	1,34	-0,07	0,65
6644	3,78	-0,06	0,28	-0,12	-0,38	1,22	-0,07	0,50
6645	-9,38	0,04	0,28	-0,11	-0,34	1,13	-0,09	0,51
6646	-9,49	0,04	0,28	-0,12	-0,35	1,16	-0,05	0,50
6647	-9,58	0,04	0,28	-0,15	-0,38	1,04	-0,08	0,51
6648	-9,57	0,02	0,24	-0,13	-0,38	1,05	-0,09	0,51
6649	-9,57	0,03	0,26	-0,19	-0,35	0,96	-0,09	0,47
6650	-9,57	0,03	0,28	-0,31	-0,44	0,84	-0,05	0,51
